ticket_id,created_at,first_response_at,resolved_at,status,channel,customer_id,order_id,product_sku,category,priority,assigned_team,agent_id,transfers,csat_score,refund_amount_inr,refund_reason_code,replacement_issued,customer_message,agent_notes,source_system,refund_inr,month,quarter,agent_name,agent_team,agent_tier,agent_site,agent_shift,order_sku,qty,order_value,order_date,lot_code,unit_cost_inr,retail_price_inr,warranty_months,product_name,refund_flag,double_award_flag,replacement_cost,refund_gt_order,goodwill_over_cap,text,ai_suggested_reason,ai_confidence,ai_flag
TK-248911,2026-01-06 16:47:00,2026-01-06 17:14:00,2026-01-06 17:35:00,resolved,voice,C100980,VR904023,VA-SW-NX2,Other,Normal,Voice Frontline,A3026,0,,6499.0,GW-OTHER,N,[IVR transcript] discount was not applied at checkout. VR904023,issue: coupon not applied | chk cart eligibility -> refunded rs 6499,helpdesk,6499.0,2026-01,2026Q1,Aadhya Deshpande,Voice Frontline,1,Bengaluru,Day,VA-SW-NX2,1.0,6499.0,2026-01-04,NX2-2512-1,2450,6499,12,Nexa 2 Smartwatch,True,False,2790,False,True,[IVR transcript] discount was not applied at checkout. VR904023 issue: coupon not applied | chk cart eligibility -> refunded rs 6499,PRICE-ADJ,0.9490986464683608,True
TK-240845,2025-03-04 06:01:00,2025-03-04 10:51:00,2025-03-04 11:12:00,resolved,email,C100549,VR883516,VA-SW-NX2,Billing & Payments,Normal,Billing,A3032,0,4.0,519900.0,GW-OTHER,N,"hello
paid via upi, amount deducted, no order confirmation
urgent","1. payment debited, no ord
2. chk pg dashboard for txn
3. refunded rs 5199 ~Sneha",legacy_fd,5199.0,2025-03,2025Q1,Sneha Bansal,Billing,1,Indore,Morning,VA-SW-NX2,1.0,5199.0,2025-02-22,NX2-2412-3,2450,6499,12,Nexa 2 Smartwatch,True,False,2790,False,True,"hello
paid via upi, amount deducted, no order confirmation
urgent 1. payment debited, no ord
2. chk pg dashboard for txn
3. refunded rs 5199 ~Sneha",DUP-PAYMENT,0.9376176366836779,True
TK-242356,2025-05-25 10:27:00,2025-05-25 10:29:00,2025-05-25 11:04:00,resolved,chat,C102697,VR904790,VA-AC-CBL,Billing & Payments,High,Billing,A3033,0,3.0,6400.0,GW-OTHER,N,"paid via upi, amount deducted, no order confirmation","1. amount deducted without order
2. checked pg dashboard for txn
3. refund approved, rs 64, 5-7 working days",legacy_fd,64.0,2025-05,2025Q2,Vikram Banerjee,Billing,1,Bengaluru,Morning,VA-AC-CBL,1.0,319.0,2025-05-15,CBL-2502-3,90,399,6,USB-C Braided Cable,True,False,430,False,False,"paid via upi, amount deducted, no order confirmation 1. amount deducted without order
2. checked pg dashboard for txn
3. refund approved, rs 64, 5-7 working days",DUP-PAYMENT,0.9375735782521819,True
TK-245757,2025-10-13 12:18:00,2025-10-13 12:44:00,2025-10-13 12:52:00,closed,email,C101771,VR892988,VA-EB-PL1,Billing & Payments,High,Billing,A3032,0,,2374.0,GW-OTHER,N,"PRODUCT: PULSE 1
ORDER: VR892988
PURCHASED: 05/10
ISSUE: PLEASE CANCEL, ORDERED BY MISTAKE
TRIED: TRIED CANCEL BUTTON, GREYED OUT
EXPECTED: REPLACEMENT","1. order cancellation
2. cancelled before dispatch
3. refunded rs 2374 ~Sneha",helpdesk,2374.0,2025-10,2025Q4,Sneha Bansal,Billing,1,Indore,Morning,VA-EB-PL1,1.0,2374.0,2025-10-05,PL1-2507-4,1120,2499,12,Pulse True Wireless Earbuds,True,False,1460,False,True,"PRODUCT: PULSE 1
ORDER: VR892988
PURCHASED: 05/10
ISSUE: PLEASE CANCEL, ORDERED BY MISTAKE
TRIED: TRIED CANCEL BUTTON, GREYED OUT
EXPECTED: REPLACEMENT 1. order cancellation
2. cancelled before dispatch
3. refunded rs 2374 ~Sneha",CANCEL,0.9349320792678268,True
TK-247752,2025-12-03 04:54:00,2025-12-03 05:07:00,2025-12-03 05:17:00,resolved,chat,C100393,,VA-SP-ORB,Billing & Payments,High,Billing,A3034,0,4.0,570.0,GW-OTHER,N,"PRODUCT: MY ORBIT
PURCHASED: 23/11
ISSUE: DISCOUNT WAS NOT APPLIED AT CHECKOUT
TRIED: TRIED ON APP AND WEBSITE
EXPECTED: FIX","1. coupon not applied
2. chk coupon validity
3. full refund processed (570) (sop 2.7)",helpdesk,570.0,2025-12,2025Q4,Tanvi Rathore,Billing,1,Indore,Morning,,,,,,2300,5999,12,Orbit Smart Speaker,True,False,2640,False,True,"PRODUCT: MY ORBIT
PURCHASED: 23/11
ISSUE: DISCOUNT WAS NOT APPLIED AT CHECKOUT
TRIED: TRIED ON APP AND WEBSITE
EXPECTED: FIX 1. coupon not applied
2. chk coupon validity
3. full refund processed (570) (sop 2.7)",PRICE-ADJ,0.9332849003653614,True
TK-244553,2025-09-04 07:15:00,2025-09-04 07:21:00,2025-09-04 07:38:00,resolved,chat,C106027,,VA-EB-PL1,Other,Normal,Chat Frontline,A3006,0,,249900.0,GW-OTHER,N,"Hello, Ordered my Pulse around Diwali. Want to cancel my order. I tried cancel button, greyed out. Pathetic experience honestly. Please advise.",full refund processed (2499). issue: cancellation request. cancelled before dispatch.,legacy_fd,2499.0,2025-09,2025Q3,Varun Bhatt,Chat Frontline,1,Bengaluru,Morning,,,,,,1120,2499,12,Pulse True Wireless Earbuds,True,False,1460,False,True,"Hello, Ordered my Pulse around Diwali. Want to cancel my order. I tried cancel button, greyed out. Pathetic experience honestly. Please advise. full refund processed (2499). issue: cancellation request. cancelled before dispatch.",CANCEL,0.9303004933174166,True
TK-243542,2025-07-25 13:02:00,2025-07-25 13:21:00,2025-07-25 13:40:00,resolved,voice,C100848,VR889547,VA-SP-ORB,Billing & Payments,High,Billing,A3032,0,4.0,72000.0,GW-OTHER,N,[IVR transcript] hey promo code shows invalid,"1. coupon not applied
2. chk coupon validity
3. rfnd approved, rs 720, 5-7 working days ~Sneha",legacy_fd,720.0,2025-07,2025Q3,Sneha Bansal,Billing,1,Indore,Morning,VA-SP-ORB,1.0,4799.0,2025-07-16,ORB-2505-1,2300,5999,12,Orbit Smart Speaker,True,False,2640,False,True,"[IVR transcript] hey promo code shows invalid 1. coupon not applied
2. chk coupon validity
3. rfnd approved, rs 720, 5-7 working days ~Sneha",PRICE-ADJ,0.9297971156493063,True
TK-253406,2026-05-26 13:29:00,2026-05-26 13:36:00,2026-05-26 13:52:00,closed,chat,C103184,VR898862,VA-EB-PL2,Other,Normal,Chat Frontline,A3010,0,5.0,3499.0,GW-OTHER,N,"Product: my Pulse 2
Order: VR898862
Purchased: 21/05
Issue: cancel order VR898862
Tried: tried cancel button, greyed out
Expected: fix",issue: order cancellation | cancelled before dispatch -> refunded rs 3499,helpdesk,3499.0,2026-05,2026Q2,Tenzin Mathew,Chat Frontline,1,Bengaluru,Morning,VA-EB-PL2,1.0,3499.0,2026-05-21,PL2-2602-3,1480,3499,12,Pulse 2 True Wireless Earbuds,True,False,1820,False,True,"Product: my Pulse 2
Order: VR898862
Purchased: 21/05
Issue: cancel order VR898862
Tried: tried cancel button, greyed out
Expected: fix issue: order cancellation | cancelled before dispatch -> refunded rs 3499",CANCEL,0.9292973528134153,True
TK-253362,2026-05-25 11:50:00,2026-05-25 11:53:00,2026-05-25 12:05:00,closed,chat,C100042,VR909782,VA-SW-NX2,Delivery & Shipping,Normal,Logistics,A3031,0,,6174.0,GW-OTHER,N,"Product: my Nexa 2 watch
Order: VR909782
Purchased: 24/05
Issue: change of mind, please stop the shipment
Tried: tried cancel button, greyed out
Expected: fix",cancellation request | checked shipment status -> full refund processed (6174),helpdesk,6174.0,2026-05,2026Q2,Zaid Desai,Logistics,1,Indore,Morning,VA-SW-NX2,1.0,6174.0,2026-05-24,NX2-2604-1,2450,6499,12,Nexa 2 Smartwatch,True,False,2790,False,True,"Product: my Nexa 2 watch
Order: VR909782
Purchased: 24/05
Issue: change of mind, please stop the shipment
Tried: tried cancel button, greyed out
Expected: fix cancellation request | checked shipment status -> full refund processed (6174)",CANCEL,0.9224979328466402,True
TK-253498,2026-05-29 11:58:00,2026-05-29 19:01:00,2026-05-29 19:24:00,resolved,email,C100992,VR893459,VA-EB-AIR,Billing & Payments,Normal,Billing,A3035,0,3.0,1529.0,GW-OTHER,N,"Dear team, Ordered AirLite last month. Discount was not applied at checkout. I tried on app & website. Please resolve asap. Thanks Riya Jain",re: promo code invalid | chk coupon validity -> refunded rs 1529,helpdesk,1529.0,2026-05,2026Q2,Dev Kulkarni,Billing,1,Bengaluru,Day,VA-EB-AIR,1.0,1529.0,2026-05-23,AIR-2602-4,760,1799,12,AirLite Earbuds,True,False,1100,False,True,"Dear team, Ordered AirLite last month. Discount was not applied at checkout. I tried on app & website. Please resolve asap. Thanks Riya Jain re: promo code invalid | chk coupon validity -> refunded rs 1529",PRICE-ADJ,0.921678647229127,True
TK-240138,2025-01-11 01:01:00,2025-01-11 01:01:00,2025-01-11 01:17:00,closed,chat,C102761,,VA-EB-PL1,Delivery & Shipping,Normal,Logistics,A3031,0,4.0,199900.0,GW-OTHER,N,"change of mind, please stop the shipment",Refunded Rs 1999. Issue: cancel order. Cancelled before dispatch.,legacy_fd,1999.0,2025-01,2025Q1,Zaid Desai,Logistics,1,Indore,Morning,,,,,,1120,2499,12,Pulse True Wireless Earbuds,True,False,1460,False,True,"change of mind, please stop the shipment Refunded Rs 1999. Issue: cancel order. Cancelled before dispatch.",CANCEL,0.9197622160903665,True
TK-252291,2026-04-19 14:41:00,2026-04-19 14:43:00,2026-04-19 14:55:00,resolved,chat,C106467,VR888684,VA-EB-PL2,Other,Normal,Chat Frontline,A3008,0,3.0,3149.0,GW-OTHER,N,"Hi team, I bought Pulse 2 on April 12. Want to cancel my order. I tried cancel button, greyed out. Please resolve asap. Regards,","Already shipped, adv RTO/return. Issue: ord cancellation. Cancelled before dispatch. //MEE",helpdesk,3149.0,2026-04,2026Q2,Meera Malhotra,Chat Frontline,1,Bengaluru,Day,VA-EB-PL2,1.0,3149.0,2026-04-12,PL2-2602-2,1480,3499,12,Pulse 2 True Wireless Earbuds,True,False,1820,False,True,"Hi team, I bought Pulse 2 on April 12. Want to cancel my order. I tried cancel button, greyed out. Please resolve asap. Regards, Already shipped, adv RTO/return. Issue: ord cancellation. Cancelled before dispatch. //MEE",CANCEL,0.9188690206475707,True
TK-250988,2026-03-11 15:44:00,2026-03-11 15:48:00,2026-03-11 15:56:00,resolved,chat,C107481,,VA-SW-NX2,Delivery & Shipping,Normal,Logistics,A3030,0,,6174.0,GW-OTHER,N,"product: the nexa 2
order: vr888103
purchased: march 10
issue: cancel order 
tried: tried cancel button, greyed out
expected: resolution","1. Cancellation request
2. Cancelled before dispatch
3. Refunded Rs 6174 //AIS",helpdesk,6174.0,2026-03,2026Q1,Aishwarya Trivedi,Logistics,1,Indore,Day,,,,,,2450,6499,12,Nexa 2 Smartwatch,True,False,2790,False,True,"product: the nexa 2
order: vr888103
purchased: march 10
issue: cancel order 
tried: tried cancel button, greyed out
expected: resolution 1. Cancellation request
2. Cancelled before dispatch
3. Refunded Rs 6174 //AIS",CANCEL,0.917742502812971,True
TK-243357,2025-07-16 17:15:00,2025-07-16 19:15:00,2025-07-16 19:32:00,resolved,email,C104276,VR889291,VA-SW-NX1,Delivery & Shipping,Normal,Logistics,A3030,0,5.0,499900.0,GW-OTHER,N,"Product: Nexa watch
Order: VR889291
Purchased: 13/07
Issue: cancel order VR889291
Tried: tried cancel button, greyed out
Expected: fix",Full refund processed (4999). Issue: order cancellation. Cancelled before dispatch. //AIS,legacy_fd,4999.0,2025-07,2025Q3,Aishwarya Trivedi,Logistics,1,Indore,Day,VA-SW-NX1,1.0,4999.0,2025-07-13,NX1-2506-1,1900,4999,12,Nexa Smartwatch,True,False,2240,False,True,"Product: Nexa watch
Order: VR889291
Purchased: 13/07
Issue: cancel order VR889291
Tried: tried cancel button, greyed out
Expected: fix Full refund processed (4999). Issue: order cancellation. Cancelled before dispatch. //AIS",CANCEL,0.9166733374763192,True
TK-247190,2025-11-19 16:59:00,2025-11-20 06:42:00,2025-11-20 07:17:00,resolved,email,C106130,VR904351,VA-EB-PL2,Returns & Refunds,Normal,Returns Desk,A3038,0,3.0,297.0,GW-OTHER,N,THE RETURN WAS ACCEPTED BUT THE AMOUTN IS NOWHERE IN MY ACCOUNT,Refund reprocessed. Issue: refund not credited. Checked reverse pickup QC status.,helpdesk,297.0,2025-11,2025Q4,Ankit Dhillon,Returns Desk,1,Bengaluru,Morning,VA-EB-PL2,1.0,2974.0,2025-11-03,PL2-2510-4,1480,3499,12,Pulse 2 True Wireless Earbuds,True,False,1820,False,False,THE RETURN WAS ACCEPTED BUT THE AMOUTN IS NOWHERE IN MY ACCOUNT Refund reprocessed. Issue: refund not credited. Checked reverse pickup QC status.,RETURN-QC-OK,0.9138070058025779,True
TK-252230,2026-04-17 18:46:00,2026-04-17 19:52:00,2026-04-17 20:01:00,resolved,email,C107877,,VA-EB-AIR,Billing & Payments,High,Billing,A3035,0,,2878.0,GW-OTHER,N,"Namaste, Ordered AirLite 2 weeks ago.  Cancel order. I tried cancel button, greyed out. Nothing changed. I want my mnoey back. Awaiting response,","1. Cancellation request
2. chk shipment status
3. Refunded Rs 2878",helpdesk,2878.0,2026-04,2026Q2,Dev Kulkarni,Billing,1,Bengaluru,Day,,,,,,760,1799,12,AirLite Earbuds,True,False,1100,False,True,"Namaste, Ordered AirLite 2 weeks ago.  Cancel order. I tried cancel button, greyed out. Nothing changed. I want my mnoey back. Awaiting response, 1. Cancellation request
2. chk shipment status
3. Refunded Rs 2878",CANCEL,0.9116206481841556,True
TK-242418,2025-05-28 13:39:00,2025-05-28 14:29:00,2025-05-28 14:46:00,resolved,voice,C104048,VR903784,VA-HP-ST3,Billing & Payments,High,Billing,A3035,0,,594900.0,GW-OTHER,N,"[IVR transcript] coupon code not working, vr903784",cx states discount not applied. chk cart eligibility. Refunded Rs 5949. Cx informed.,legacy_fd,5949.0,2025-05,2025Q2,Dev Kulkarni,Billing,1,Bengaluru,Day,VA-HP-ST3,1.0,5949.0,2025-05-18,ST3-2503-1,2650,6999,12,Strata 3 Over-Ear Headphones,True,False,2990,False,True,"[IVR transcript] coupon code not working, vr903784 cx states discount not applied. chk cart eligibility. Refunded Rs 5949. Cx informed.",PRICE-ADJ,0.9096220933124417,True
TK-242101,2025-05-12 00:01:00,2025-05-12 00:57:00,2025-05-12 01:07:00,resolved,chat,C103054,VR893795,VA-SP-MINI,Billing & Payments,High,Billing,A3032,0,4.0,450.0,GW-OTHER,N,"hii
your ad said 20% off and the cart says full price
orbit mini vr893795","1. discount not applied
2. checked coupon validity
3. advised coupon terms, resolved ~Sneha",helpdesk,450.0,2025-05,2025Q2,Sneha Bansal,Billing,1,Indore,Morning,VA-SP-MINI,1.0,2249.0,2025-10-11,MINI-2509-1,980,2499,12,Orbit Mini Speaker,True,False,1320,False,False,"hii
your ad said 20% off and the cart says full price
orbit mini vr893795 1. discount not applied
2. checked coupon validity
3. advised coupon terms, resolved ~Sneha",PRICE-ADJ,0.9067133900093595,True
TK-246633,2025-11-05 00:20:00,2025-11-05 00:33:00,2025-11-05 00:57:00,resolved,chat,C105782,VR886838,VA-EB-PL2,Billing & Payments,Normal,Billing,A3033,0,3.0,3324.0,GW-OTHER,N,"product: pulse2
purchased: 05 nov
issue: your ad said 20% off and the cart says full price
tried: tried on app and website
expected: callabck","1. coupon not applied
2. checked cart eligibility
3. full rfnd processed (3324)",helpdesk,3324.0,2025-11,2025Q4,Vikram Banerjee,Billing,1,Bengaluru,Morning,VA-EB-PL2,1.0,3324.0,2025-11-05,PL2-2509-1,1480,3499,12,Pulse 2 True Wireless Earbuds,True,False,1820,False,True,"product: pulse2
purchased: 05 nov
issue: your ad said 20% off and the cart says full price
tried: tried on app and website
expected: callabck 1. coupon not applied
2. checked cart eligibility
3. full rfnd processed (3324)",PRICE-ADJ,0.9062316669566228,True
TK-243514,2025-07-23 21:50:00,2025-07-23 23:11:00,2025-07-23 23:29:00,resolved,social,C104428,VR883131,VA-SP-MINI,Billing & Payments,Normal,Billing,A3033,0,5.0,212400.0,GW-OTHER,N,"Not what I expected from Vireo. the mini speaker purchased recently, order VR883131. promo code shows invalid. I already tried on app and website. Escalate this to someone senior.","1. coupon not applied
2. chk coupon validity
3. refund approved, rs 2124, 5-7 working days",legacy_fd,2124.0,2025-07,2025Q3,Vikram Banerjee,Billing,1,Bengaluru,Morning,VA-SP-MINI,1.0,2124.0,2025-07-19,MINI-2505-2,980,2499,12,Orbit Mini Speaker,True,False,1320,False,True,"Not what I expected from Vireo. the mini speaker purchased recently, order VR883131. promo code shows invalid. I already tried on app and website. Escalate this to someone senior. 1. coupon not applied
2. chk coupon validity
3. refund approved, rs 2124, 5-7 working days",PRICE-ADJ,0.906121290355218,True
TK-248138,2025-12-12 19:15:00,2025-12-12 19:35:00,2025-12-12 19:48:00,resolved,chat,C101749,VR881337,VA-EB-PL2,Other,Normal,Chat Frontline,A3014,0,,2799.0,GW-OTHER,N,"Product: my Pulse 2
Order: VR881337
Purchased: 29 Nov
Issue: cancel order VR881337
Tried: tried cancel button, greyed out
Expected: callback",rfnd of Rs 2799 initiated to source. Issue: order cancellation. Cancelled before dispatch. -AD,helpdesk,2799.0,2025-12,2025Q4,Anjali D'Souza,Chat Frontline,1,Bengaluru,Day,VA-EB-PL2,1.0,2799.0,2025-11-29,PL2-2509-4,1480,3499,12,Pulse 2 True Wireless Earbuds,True,False,1820,False,True,"Product: my Pulse 2
Order: VR881337
Purchased: 29 Nov
Issue: cancel order VR881337
Tried: tried cancel button, greyed out
Expected: callback rfnd of Rs 2799 initiated to source. Issue: order cancellation. Cancelled before dispatch. -AD",CANCEL,0.9039254597338842,True
TK-246431,2025-10-30 17:00:00,2025-10-30 18:58:00,2025-10-30 19:09:00,resolved,email,C105126,VR887925,VA-EB-PL2,Product Enquiry,Low,Email Frontline,A3018,0,5.0,1400.0,GW-OTHER,N,"Product: Pulse2
Order: VR887925
Purchased: 20/10
Issue: discount was not applied at checkout
Tried: tried in caps
Expected: callback","cx: coupon not applied | checked coupon validity -> refund approved, rs 1400, 5-7 working days ~Krishna",helpdesk,1400.0,2025-10,2025Q4,Krishna Bhatt,Email Frontline,1,Indore,Day,VA-EB-PL2,1.0,2799.0,2025-10-20,PL2-2507-1,1480,3499,12,Pulse 2 True Wireless Earbuds,True,False,1820,False,True,"Product: Pulse2
Order: VR887925
Purchased: 20/10
Issue: discount was not applied at checkout
Tried: tried in caps
Expected: callback cx: coupon not applied | checked coupon validity -> refund approved, rs 1400, 5-7 working days ~Krishna",PRICE-ADJ,0.902061812210251,True
TK-244165,2025-08-18 20:07:00,2025-08-18 20:13:00,,open,chat,C108703,VR899010,VA-EB-PL2,Other,Normal,Chat Frontline,A3005,0,3.0,349900.0,GW-OTHER,N,"product: the pulse 2 earbuds
purchased: 29 jul
issue: change of mind, please stop the shipment
tried: tried cancel button, greyed out
expected: resolution","Cust contacted re cancel order. Checked shipment status. Cancelled, refund initiated.",legacy_fd,3499.0,2025-08,2025Q3,Payal Bhatia,Chat Frontline,1,Indore,Day,VA-EB-PL2,1.0,3499.0,2025-07-29,PL2-2506-3,1480,3499,12,Pulse 2 True Wireless Earbuds,True,False,1820,False,True,"product: the pulse 2 earbuds
purchased: 29 jul
issue: change of mind, please stop the shipment
tried: tried cancel button, greyed out
expected: resolution Cust contacted re cancel order. Checked shipment status. Cancelled, refund initiated.",CANCEL,0.9013467185451259,True
TK-244891,2025-09-15 13:36:00,2025-09-15 14:13:00,2025-09-15 14:26:00,resolved,voice,C109295,,VA-EB-PL2,Other,Normal,Voice Frontline,A3026,0,4.0,3499.0,GW-OTHER,N,"hi there, this is regarding my pulse 2.  please cancel, ordered by mistake. i tried cancel button, greyed out. this is very disappointing. please help.",re: ord cancellation | cancelled before dispatch -> full rfnd processed (3499),helpdesk,3499.0,2025-09,2025Q3,Aadhya Deshpande,Voice Frontline,1,Bengaluru,Day,,,,,,1480,3499,12,Pulse 2 True Wireless Earbuds,True,False,1820,False,True,"hi there, this is regarding my pulse 2.  please cancel, ordered by mistake. i tried cancel button, greyed out. this is very disappointing. please help. re: ord cancellation | cancelled before dispatch -> full rfnd processed (3499)",CANCEL,0.9007533466917772,True
TK-242025,2025-05-07 10:47:00,2025-05-07 10:58:00,2025-05-07 11:08:00,resolved,chat,C104426,,VA-SW-NX2,Other,Low,Chat Frontline,A3011,0,4.0,117000.0,GW-OTHER,N,"I am losing patience. Ordered my Nexa 2 watch 3 weeks back. please cancel, ordered by mistake. I already tried cancel button, greyed out. Refund. Now.",Refunded Rs 1170. Issue: ord cancellation. Cancelled before dispatch.,legacy_fd,1170.0,2025-05,2025Q2,Rohit Gill,Chat Frontline,1,Bengaluru,Morning,,,,,,2450,6499,12,Nexa 2 Smartwatch,True,False,2790,False,True,"I am losing patience. Ordered my Nexa 2 watch 3 weeks back. please cancel, ordered by mistake. I already tried cancel button, greyed out. Refund. Now. Refunded Rs 1170. Issue: ord cancellation. Cancelled before dispatch.",CANCEL,0.8991190436927344,True
TK-252073,2026-04-11 21:10:00,2026-04-11 23:23:00,,open,email,C105606,VR888101,VA-EB-PL2,Other,Low,Email Frontline,A3001,0,,6298.0,GW-OTHER,N,"hi, my pulse 2 purchased 3 weeks back, order vr888101. want to cancel my order. i tried cancel button, greyed out. nothing changed. please help. thank you,",cx reported cancellation request. cancelled before dispatch. refunded rs 6298. ~Suresh,helpdesk,6298.0,2026-04,2026Q2,Suresh Kaur,Chat Frontline,1,Indore,Night,VA-EB-PL2,2.0,6298.0,2026-03-13,PL2-2512-1,1480,3499,12,Pulse 2 True Wireless Earbuds,True,False,1820,False,True,"hi, my pulse 2 purchased 3 weeks back, order vr888101. want to cancel my order. i tried cancel button, greyed out. nothing changed. please help. thank you, cx reported cancellation request. cancelled before dispatch. refunded rs 6298. ~Suresh",CANCEL,0.8983813063966984,True
TK-242963,2025-06-25 22:35:00,2025-06-25 22:39:00,2025-06-25 22:52:00,resolved,chat,C107490,VR891435,VA-SW-NX2,Other,Normal,Chat Frontline,A3002,0,5.0,61700.0,GW-OTHER,N,"hi, nexa 2 purchased 3 weeks back, order vr891435. want to cancel my order. i tried cancel button, greyed out. nothing changed. please call me on my registered number. thanks in advance,",issue: cancellation request | cancelled before dispatch -> refunded rs 617 [closed],legacy_fd,617.0,2025-06,2025Q2,Steven Ansari,Chat Frontline,1,Indore,Night,VA-SW-NX2,1.0,6174.0,2026-04-10,NX2-2512-1,2450,6499,12,Nexa 2 Smartwatch,True,False,2790,False,True,"hi, nexa 2 purchased 3 weeks back, order vr891435. want to cancel my order. i tried cancel button, greyed out. nothing changed. please call me on my registered number. thanks in advance, issue: cancellation request | cancelled before dispatch -> refunded rs 617 [closed]",CANCEL,0.8980070056699178,True
TK-240026,2025-01-03 10:39:00,2025-01-03 10:47:00,2025-01-03 10:58:00,closed,chat,C103080,VR904622,VA-SW-NX1,Billing & Payments,High,Billing,A3032,0,,399900.0,GW-OTHER,N,"i bought the nexa smartwatch on december 21. ordered the wrong colour, don't ship it.
i tried cancel button, greyed out.
waiting for your reply.","1. cancellation request
2. cancelled before dispatch
3. rfnd of rs 3999 initiated to source ~Sneha",legacy_fd,3999.0,2025-01,2025Q1,Sneha Bansal,Billing,1,Indore,Morning,VA-SW-NX1,1.0,3999.0,2024-12-21,NX1-2409-3,1900,4999,12,Nexa Smartwatch,True,False,2240,False,True,"i bought the nexa smartwatch on december 21. ordered the wrong colour, don't ship it.
i tried cancel button, greyed out.
waiting for your reply. 1. cancellation request
2. cancelled before dispatch
3. rfnd of rs 3999 initiated to source ~Sneha",CANCEL,0.8979735117812936,True
TK-253312,2026-05-23 23:05:00,2026-05-24 02:04:00,2026-05-24 02:33:00,resolved,email,C105458,VR900153,VA-EB-PL2,Billing & Payments,Low,Billing,A3033,0,,350.0,GW-OTHER,N,payment went through but i got no order id,"1. amount deducted without order
2. checked pg dashboard for txn
3. refund of rs 350 initiated to source",helpdesk,350.0,2026-05,2026Q2,Vikram Banerjee,Billing,1,Bengaluru,Morning,VA-EB-PL2,1.0,3499.0,2026-05-12,PL2-2604-1,1480,3499,12,Pulse 2 True Wireless Earbuds,True,False,1820,False,False,"payment went through but i got no order id 1. amount deducted without order
2. checked pg dashboard for txn
3. refund of rs 350 initiated to source",DUP-PAYMENT,0.8955581148601958,True
TK-244971,2025-09-18 11:47:00,2025-09-18 12:21:00,2025-09-18 12:45:00,resolved,social,C109377,VR900247,VA-EB-PL2,Billing & Payments,Normal,Billing,A3032,0,,3499.0,GW-OTHER,N,"product: my pulse 2
order: vr900247
purchased: september 04
issue: discount was not applied at checkout
tried: tried on app & website
expected: replacement",customer states coupon not applied. chk cart eligibility. full refund processed (3499). closing. ~Sneha,helpdesk,3499.0,2025-09,2025Q3,Sneha Bansal,Billing,1,Indore,Morning,VA-EB-PL2,1.0,3499.0,2025-09-04,PL2-2508-1,1480,3499,12,Pulse 2 True Wireless Earbuds,True,False,1820,False,True,"product: my pulse 2
order: vr900247
purchased: september 04
issue: discount was not applied at checkout
tried: tried on app & website
expected: replacement customer states coupon not applied. chk cart eligibility. full refund processed (3499). closing. ~Sneha",PRICE-ADJ,0.8928569205224467,True
TK-244635,2025-09-07 12:54:00,2025-09-07 14:35:00,2025-09-07 14:44:00,closed,voice,C108533,,VA-EB-PL2,Other,High,Voice Frontline,A3026,0,5.0,31500.0,GW-OTHER,N,"this is very disappointing. this is regarding pulse 2 buds. my son ordered this without asking, please reverse. i already tried cancel button, greyed out. refund. now.",cancel ord | cancelled before dispatch -> full rfnd processed (315) //AAD,legacy_fd,315.0,2025-09,2025Q3,Aadhya Deshpande,Voice Frontline,1,Bengaluru,Day,,,,,,1480,3499,12,Pulse 2 True Wireless Earbuds,True,False,1820,False,False,"this is very disappointing. this is regarding pulse 2 buds. my son ordered this without asking, please reverse. i already tried cancel button, greyed out. refund. now. cancel ord | cancelled before dispatch -> full rfnd processed (315) //AAD",CANCEL,0.8911856447611888,True
TK-240089,2025-01-08 00:44:00,2025-01-08 00:47:00,2025-01-08 01:04:00,resolved,chat,C103912,VR881495,VA-EB-PL1,Delivery & Shipping,Normal,Logistics,A3029,0,5.0,249900.0,GW-OTHER,N,"This is very disappointing. I bought my Pulse on 30 Dec. my son ordered this without asking, please reverse. I already tried cancel button, greyed out. Refund. Now.","cancelled, refund initiated. issue: cancellation request. checked shipment status. -RM",legacy_fd,2499.0,2025-01,2025Q1,Rajat Mukherjee,Logistics,1,Bengaluru,Morning,VA-EB-PL1,1.0,2499.0,2024-12-30,PL1-2412-3,1120,2499,12,Pulse True Wireless Earbuds,True,False,1460,False,True,"This is very disappointing. I bought my Pulse on 30 Dec. my son ordered this without asking, please reverse. I already tried cancel button, greyed out. Refund. Now. cancelled, refund initiated. issue: cancellation request. checked shipment status. -RM",CANCEL,0.891173428995639,True
TK-249803,2026-02-03 21:44:00,2026-02-03 22:25:00,2026-02-03 22:41:00,resolved,social,C108836,,VA-SW-NX2,Billing & Payments,Normal,Billing,A3032,0,,5199.0,GW-OTHER,N,"hi there, this is regarding nexa 2. promo code shows invalid. i tried on app & website. what do i do now? thanks & regards manish patel","1. coupon not applied
2. chk cart eligibility
3. refund approved, rs 5199, 5-7 working days ~Sneha",helpdesk,5199.0,2026-02,2026Q1,Sneha Bansal,Billing,1,Indore,Morning,,,,,,2450,6499,12,Nexa 2 Smartwatch,True,False,2790,False,True,"hi there, this is regarding nexa 2. promo code shows invalid. i tried on app & website. what do i do now? thanks & regards manish patel 1. coupon not applied
2. chk cart eligibility
3. refund approved, rs 5199, 5-7 working days ~Sneha",PRICE-ADJ,0.8905224216386253,True
TK-251401,2026-03-23 06:33:00,2026-03-23 09:07:00,2026-03-23 09:15:00,resolved,email,C105853,,VA-EB-AIR,Other,Normal,Email Frontline,A3015,1,4.0,900.0,GW-OTHER,N,"Product: airlite earbuds
Purchased: March 13
Issue: my son ordered this without asking, please reverse
Tried: tried cancel button, greyed out
Expected: callback",Refunded Rs 900. Issue: cancellation request. Cancelled before dispatch. Via Chat Frontline. [closed],helpdesk,900.0,2026-03,2026Q1,Sameer Jadhav,Chat Frontline,1,Bengaluru,Day,,,,,,760,1799,12,AirLite Earbuds,True,False,1100,False,True,"Product: airlite earbuds
Purchased: March 13
Issue: my son ordered this without asking, please reverse
Tried: tried cancel button, greyed out
Expected: callback Refunded Rs 900. Issue: cancellation request. Cancelled before dispatch. Via Chat Frontline. [closed]",CANCEL,0.8900111722538685,True
TK-245577,2025-10-08 08:36:00,2025-10-08 08:38:00,2025-10-08 08:53:00,resolved,chat,C109375,VR896055,VA-SW-NX2,Other,Normal,Chat Frontline,A3011,0,3.0,2600.0,GW-OTHER,N,"To the Vireo Customer Care Team,

I am writing with reference to my order of my Nexa 2 watch (VR896055) placed on 30/09. Ordered the wrong colour, don't ship it. I have tried cancel button, greyed out. I request you to provide a resolution within 3 working days.

Regards,
Deepak Banerjee
Kochi",rfnd of Rs 2600 initiated to source. Issue: ord cancellation. Cancelled before dispatch.,helpdesk,2600.0,2025-10,2025Q4,Rohit Gill,Chat Frontline,1,Bengaluru,Morning,VA-SW-NX2,1.0,5199.0,2025-09-30,NX2-2508-4,2450,6499,12,Nexa 2 Smartwatch,True,False,2790,False,True,"To the Vireo Customer Care Team,

I am writing with reference to my order of my Nexa 2 watch (VR896055) placed on 30/09. Ordered the wrong colour, don't ship it. I have tried cancel button, greyed out. I request you to provide a resolution within 3 working days.

Regards,
Deepak Banerjee
Kochi rfnd of Rs 2600 initiated to source. Issue: ord cancellation. Cancelled before dispatch.",CANCEL,0.8898232696518343,True
TK-251988,2026-04-08 17:51:00,2026-04-08 19:15:00,2026-04-08 19:24:00,resolved,email,C103250,,VA-EB-PL2,Other,Normal,Email Frontline,A3018,0,,6998.0,GW-OTHER,N,"Hi there, I bought the Pulse 2 earbuds on 02 Apr. Ordered the wrong colour, don't ship it. I tried cancel button, greyed out. Nothing changed. Please resolve asap. Regards,",re: cancellation request | checked shipment status -> refund of rs 6998 initiated to source ~Krishna,helpdesk,6998.0,2026-04,2026Q2,Krishna Bhatt,Email Frontline,1,Indore,Day,,,,,,1480,3499,12,Pulse 2 True Wireless Earbuds,True,False,1820,False,True,"Hi there, I bought the Pulse 2 earbuds on 02 Apr. Ordered the wrong colour, don't ship it. I tried cancel button, greyed out. Nothing changed. Please resolve asap. Regards, re: cancellation request | checked shipment status -> refund of rs 6998 initiated to source ~Krishna",CANCEL,0.8893623031703431,True
TK-243215,2025-07-07 21:39:00,2025-07-07 22:04:00,,pending,email,C106231,VR906031,VA-SW-NX2,Delivery & Shipping,Low,Logistics,A3027,0,4.0,1299800.0,GW-OTHER,N,"Product: my Nexa 2 watch
Order: VR906031
Purchased: 26/06
Issue: want to cancel my order
Tried: tried cancel button, greyed out
Expected: callback","1. Cancellation request
2. Cancelled befroe dispatch
3. Already shipped, advised RTO/return",legacy_fd,12998.0,2025-07,2025Q3,Priya Agarwal,Logistics,1,Indore,Morning,VA-SW-NX2,2.0,12998.0,2025-06-26,NX2-2505-2,2450,6499,12,Nexa 2 Smartwatch,True,False,2790,False,True,"Product: my Nexa 2 watch
Order: VR906031
Purchased: 26/06
Issue: want to cancel my order
Tried: tried cancel button, greyed out
Expected: callback 1. Cancellation request
2. Cancelled befroe dispatch
3. Already shipped, advised RTO/return",CANCEL,0.8891361268735084,True
TK-249790,2026-02-03 16:18:00,2026-02-03 16:36:00,2026-02-03 16:56:00,resolved,chat,C102329,,VA-EB-PL2,Billing & Payments,Normal,Billing,A3035,0,,350.0,GW-OTHER,N,the festive offer vanished when I clicked pay - can someone fix this?,"Ticket raised for discount not applied. chk cart eligibility. adv coupon terms, rslvd. Cx satisfied on chat.",helpdesk,350.0,2026-02,2026Q1,Dev Kulkarni,Billing,1,Bengaluru,Day,,,,,,1480,3499,12,Pulse 2 True Wireless Earbuds,True,False,1820,False,False,"the festive offer vanished when I clicked pay - can someone fix this? Ticket raised for discount not applied. chk cart eligibility. adv coupon terms, rslvd. Cx satisfied on chat.",PRICE-ADJ,0.8886101717053485,True
TK-252634,2026-05-02 09:10:00,2026-05-02 09:21:00,2026-05-02 09:31:00,resolved,chat,C109216,VR898161,VA-SW-FIT,Other,Low,Chat Frontline,A3006,0,,1599.0,GW-OTHER,N,"Product: the fit band
Order: VR898161
Purchased: 29 Apr
Issue: cancel order VR898161
Tried: tried cancel button, greyed out
Expected: replacement","1. cancellation request
2. checked shipment status
3. full refund processed (1599) -VB",helpdesk,1599.0,2026-05,2026Q2,Varun Bhatt,Chat Frontline,1,Bengaluru,Morning,VA-SW-FIT,1.0,1599.0,2026-04-29,FIT-2602-2,850,1999,12,Nexa Fit Band,True,False,1190,False,True,"Product: the fit band
Order: VR898161
Purchased: 29 Apr
Issue: cancel order VR898161
Tried: tried cancel button, greyed out
Expected: replacement 1. cancellation request
2. checked shipment status
3. full refund processed (1599) -VB",CANCEL,0.8881697962003884,True
TK-252869,2026-05-10 08:14:00,2026-05-10 12:26:00,2026-05-10 12:37:00,resolved,email,C107766,VR907015,VA-EB-PL2,Billing & Payments,High,Billing,A3033,0,4.0,3499.0,GW-OTHER,N,"your ad said 20% off and the cart says full price, VR907015","1. promo code invalid
2. checked cart eligibility
3. rfnd approved, rs 3499, 5-7 working days",helpdesk,3499.0,2026-05,2026Q2,Vikram Banerjee,Billing,1,Bengaluru,Morning,VA-EB-PL2,1.0,3499.0,2026-04-28,PL2-2603-1,1480,3499,12,Pulse 2 True Wireless Earbuds,True,False,1820,False,True,"your ad said 20% off and the cart says full price, VR907015 1. promo code invalid
2. checked cart eligibility
3. rfnd approved, rs 3499, 5-7 working days",PRICE-ADJ,0.8864417320452852,True
TK-248213,2025-12-15 01:31:00,2025-12-15 10:20:00,2025-12-15 10:36:00,resolved,email,C103685,,VA-EB-PL2,Other,Normal,Email Frontline,A3019,0,,700.0,GW-OTHER,N,"Product: Pulse2
Order: VR887446
Purchased: 14/12
Issue: cancel order 
Tried: tried cancel button, greyed out
Expected: refund",cx: cancellation request | cancelled before dispatch -> rfdn of rs 700 initiated to source,helpdesk,700.0,2025-12,2025Q4,Kavya Agarwal,Email Frontline,1,Indore,Morning,,,,,,1480,3499,12,Pulse 2 True Wireless Earbuds,True,False,1820,False,True,"Product: Pulse2
Order: VR887446
Purchased: 14/12
Issue: cancel order 
Tried: tried cancel button, greyed out
Expected: refund cx: cancellation request | cancelled before dispatch -> rfdn of rs 700 initiated to source",CANCEL,0.8857927512706308,True
TK-252214,2026-04-17 11:08:00,2026-04-17 14:15:00,2026-04-17 14:31:00,resolved,email,C101274,VR886063,VA-AC-CBL,Billing & Payments,High,Billing,A3035,0,,399.0,GW-OTHER,N,This is very disappointing. Got the cable from vireo.in last month. the festive offer vanished when I clicked pay. I already tried on app and website. Refund. Now.,"Reported: discount not applied. chk coupon validity. rfnd approved, Rs 399, 5-7 working days. Will monitor.",helpdesk,399.0,2026-04,2026Q2,Dev Kulkarni,Billing,1,Bengaluru,Day,VA-AC-CBL,1.0,399.0,2026-04-04,CBL-2512-1,90,399,6,USB-C Braided Cable,True,False,430,False,False,"This is very disappointing. Got the cable from vireo.in last month. the festive offer vanished when I clicked pay. I already tried on app and website. Refund. Now. Reported: discount not applied. chk coupon validity. rfnd approved, Rs 399, 5-7 working days. Will monitor.",PRICE-ADJ,0.8833588101437347,True
TK-244746,2025-09-10 19:05:00,2025-09-10 19:07:00,2025-09-10 19:26:00,closed,chat,C108398,VR893356,VA-HP-ST2,Other,Low,Chat Frontline,A3005,0,4.0,71200.0,GW-OTHER,N,payment was deducted but no order was created,"1. Failed order after payment
2. Asked for UTR
3. Order manually created",legacy_fd,712.0,2025-09,2025Q3,Payal Bhatia,Chat Frontline,1,Indore,Day,VA-HP-ST2,1.0,4749.0,2025-09-03,ST2-2506-1,2100,4999,12,Strata 2 Over-Ear Headphones,True,False,2440,False,True,"payment was deducted but no order was created 1. Failed order after payment
2. Asked for UTR
3. Order manually created",DUP-PAYMENT,0.8826253391397906,True
TK-248104,2025-12-11 21:19:00,2025-12-11 21:20:00,2025-12-11 21:37:00,resolved,chat,C101749,VR881337,VA-EB-PL2,Other,Normal,Chat Frontline,A3015,0,,560.0,GW-OTHER,N,payment went through but I got no order id,Refunded Rs 560. Issue: amount deducted without order. Asked for UTR.,helpdesk,560.0,2025-12,2025Q4,Sameer Jadhav,Chat Frontline,1,Bengaluru,Day,VA-EB-PL2,1.0,2799.0,2025-11-29,PL2-2509-4,1480,3499,12,Pulse 2 True Wireless Earbuds,True,False,1820,False,True,payment went through but I got no order id Refunded Rs 560. Issue: amount deducted without order. Asked for UTR.,DUP-PAYMENT,0.8772188618676857,True
TK-243601,2025-07-27 13:44:00,2025-07-27 13:57:00,2025-07-27 14:09:00,closed,chat,C106910,VR890103,VA-AC-CBL,Other,Normal,Chat Frontline,A3013,0,3.0,33900.0,GW-OTHER,N,"Hi, Got the cable from vireo.in last week.  Change of mind, please stop the shipment. I tried cancel button, greyed out. Nothing changed. I want my money back.","refund approved, rs 339, 5-7 working days. issue: order cancellation. cancelled before dispatch. ~Rohit",legacy_fd,339.0,2025-07,2025Q3,Rohit Nair,Chat Frontline,1,Bengaluru,Morning,VA-AC-CBL,1.0,339.0,2025-07-13,CBL-2506-1,90,399,6,USB-C Braided Cable,True,False,430,False,False,"Hi, Got the cable from vireo.in last week.  Change of mind, please stop the shipment. I tried cancel button, greyed out. Nothing changed. I want my money back. refund approved, rs 339, 5-7 working days. issue: order cancellation. cancelled before dispatch. ~Rohit",CANCEL,0.8759110641805287,True
TK-240338,2025-01-28 14:50:00,2025-01-28 23:51:00,2025-01-29 00:06:00,closed,email,C105498,VR897379,VA-AC-CBL,Returns & Refunds,Normal,Returns Desk,A3037,0,,17000.0,GW-OTHER,N,YOU PICKED UP THE ITEM 14 DAYS AGO AND MY MONEY HASN'T COME BACK. VR897379,refunded rs 170. issue: refund not credited. checked refund status on pg. ~Manish,legacy_fd,170.0,2025-01,2025Q1,Manish Iyer,Returns Desk,1,Indore,Morning,VA-AC-CBL,1.0,339.0,2025-01-13,CBL-2410-1,90,399,6,USB-C Braided Cable,True,False,430,False,False,YOU PICKED UP THE ITEM 14 DAYS AGO AND MY MONEY HASN'T COME BACK. VR897379 refunded rs 170. issue: refund not credited. checked refund status on pg. ~Manish,RETURN-QC-OK,0.8758898997733603,True
TK-240682,2025-02-22 14:37:00,2025-02-22 15:30:00,2025-02-22 15:49:00,resolved,social,C100148,VR883621,VA-HP-ST3,Other,Normal,Chat Frontline,A3012,0,5.0,699900.0,GW-OTHER,N,"sir ji
ordered the wrong colour, don't ship it",customer states cancel order. cancelled before dispatch. full refund processed (6999).,legacy_fd,6999.0,2025-02,2025Q1,Lakshmi Srivastava,Chat Frontline,1,Bengaluru,Day,VA-HP-ST3,1.0,6999.0,2025-02-16,ST3-2501-2,2650,6999,12,Strata 3 Over-Ear Headphones,True,False,2990,False,True,"sir ji
ordered the wrong colour, don't ship it customer states cancel order. cancelled before dispatch. full refund processed (6999).",CANCEL,0.8758529157147061,True
TK-251494,2026-03-25 17:58:00,2026-03-25 18:02:00,2026-03-25 18:32:00,resolved,chat,C105242,VR908532,VA-SW-NX2,Billing & Payments,Low,Billing,A3035,0,4.0,1170.0,GW-OTHER,N,"payment was deducted but no order was craeted
VR908532","cx states amount deducted without ord. chk PG dashboard for txn. rfnd approved, Rs 1170, 5-7 working days. Closing.",helpdesk,1170.0,2026-03,2026Q1,Dev Kulkarni,Billing,1,Bengaluru,Day,VA-SW-NX2,1.0,5849.0,2026-03-15,NX2-2512-3,2450,6499,12,Nexa 2 Smartwatch,True,False,2790,False,True,"payment was deducted but no order was craeted
VR908532 cx states amount deducted without ord. chk PG dashboard for txn. rfnd approved, Rs 1170, 5-7 working days. Closing.",DUP-PAYMENT,0.8739541131681587,True
TK-247045,2025-11-15 09:22:00,2025-11-15 10:12:00,2025-11-18 10:36:00,resolved,email,C107193,,VA-EB-PL1,Returns & Refunds,Normal,Returns Desk,A3037,0,,2249.0,GW-OTHER,N,STILL WAITING FOR MY REFUND,"rfnd approved, rs 2249, 5-7 working days. issue: rfnd not credited. checked reverse pickup qc status. ~Manish",helpdesk,2249.0,2025-11,2025Q4,Manish Iyer,Returns Desk,1,Indore,Morning,,,,,,1120,2499,12,Pulse True Wireless Earbuds,True,False,1460,False,True,"STILL WAITING FOR MY REFUND rfnd approved, rs 2249, 5-7 working days. issue: rfnd not credited. checked reverse pickup qc status. ~Manish",RETURN-QC-OK,0.8734170033136675,True
TK-253133,2026-05-18 19:23:00,2026-05-18 22:32:00,2026-05-18 22:49:00,closed,email,C107159,VR895666,VA-NB-ARC,Other,Normal,Email Frontline,A3002,0,,195.0,GW-OTHER,N,"Dear Sir/Madam,

I am writing with reference to my order of Arc neckband placed on May 10. Change of mind, please stop the shipment. I have tried cancel button, greyed out. I request you to process a refund to my original payment method.

Sincerely,
Anjali Bansal","issue: cancellation request | cancelled before dispatch -> already shipped, advised rto/return [closed]",helpdesk,195.0,2026-05,2026Q2,Steven Ansari,Chat Frontline,1,Indore,Night,VA-NB-ARC,1.0,1299.0,2026-05-10,ARC-2604-1,540,1299,12,Arc Neckband,True,False,880,False,False,"Dear Sir/Madam,

I am writing with reference to my order of Arc neckband placed on May 10. Change of mind, please stop the shipment. I have tried cancel button, greyed out. I request you to process a refund to my original payment method.

Sincerely,
Anjali Bansal issue: cancellation request | cancelled before dispatch -> already shipped, advised rto/return [closed]",CANCEL,0.8722455694513698,True
TK-247289,2025-11-21 13:10:00,2025-11-21 14:38:00,2025-11-21 14:51:00,resolved,email,C104999,VR896276,VA-EB-PL2,Other,Normal,Email Frontline,A3018,0,,3499.0,GW-OTHER,N,"my son ordered this without asking, please reverse - VR896276",order cancellation | cancelled before dispatch -> full refund processed (3499),helpdesk,3499.0,2025-11,2025Q4,Krishna Bhatt,Email Frontline,1,Indore,Day,VA-EB-PL2,1.0,3499.0,2025-11-21,PL2-2510-4,1480,3499,12,Pulse 2 True Wireless Earbuds,True,False,1820,False,True,"my son ordered this without asking, please reverse - VR896276 order cancellation | cancelled before dispatch -> full refund processed (3499)",CANCEL,0.8702536547913865,True
TK-251484,2026-03-25 09:30:00,2026-03-25 10:52:00,2026-03-25 11:17:00,resolved,voice,C106769,VR907168,VA-EB-AIR,Billing & Payments,Low,Billing,A3033,0,3.0,1799.0,GW-OTHER,N,"the festive offer vanished when I clicked pay, VR907168, please help","1. promo code invalid
2. checked coupon validity
3. refunded rs 1799",helpdesk,1799.0,2026-03,2026Q1,Vikram Banerjee,Billing,1,Bengaluru,Morning,VA-EB-AIR,1.0,1799.0,2026-03-19,AIR-2512-4,760,1799,12,AirLite Earbuds,True,False,1100,False,True,"the festive offer vanished when I clicked pay, VR907168, please help 1. promo code invalid
2. checked coupon validity
3. refunded rs 1799",PRICE-ADJ,0.8698802445404299,True
TK-247905,2025-12-06 18:55:00,2025-12-06 23:55:00,2025-12-07 00:19:00,resolved,email,C105509,,VA-EB-PL1,Billing & Payments,High,Billing,A3032,2,4.0,237.0,GW-OTHER,N,"UPI shosw success, your app shows nothing","1. amount deducted without order
2. confirmed with payment gateway
3. refunded rs 237 ~Sneha",helpdesk,237.0,2025-12,2025Q4,Sneha Bansal,Billing,1,Indore,Morning,,,,,,1120,2499,12,Pulse True Wireless Earbuds,True,False,1460,False,False,"UPI shosw success, your app shows nothing 1. amount deducted without order
2. confirmed with payment gateway
3. refunded rs 237 ~Sneha",DUP-PAYMENT,0.8696055628551739,True
TK-240429,2025-02-04 12:28:00,2025-02-04 12:28:00,2025-02-04 12:44:00,resolved,chat,C102027,VR884192,VA-EB-PL1,Delivery & Shipping,Normal,Logistics,A3029,0,,2124.0,GW-OTHER,Y,"Product: pulse 1
Order: VR884192
Purchased: January 21
Issue: there's a dent on the case straight out of the box
Tried: refused nothing as I didn't notice till later
Expected: refund","refund initiated. issue: damaged in transit. photos received, damage confirmed. | full refund issued and replacement dispatched as goodwill. -RM",helpdesk,2124.0,2025-02,2025Q1,Rajat Mukherjee,Logistics,1,Bengaluru,Morning,VA-EB-PL1,1.0,2124.0,2025-01-21,PL1-2412-3,1120,2499,12,Pulse True Wireless Earbuds,True,True,1460,False,True,"Product: pulse 1
Order: VR884192
Purchased: January 21
Issue: there's a dent on the case straight out of the box
Tried: refused nothing as I didn't notice till later
Expected: refund refund initiated. issue: damaged in transit. photos received, damage confirmed. | full refund issued and replacement dispatched as goodwill. -RM",DOA-REPL,0.8687571096913171,True
TK-240835,2025-03-03 18:45:00,2025-03-03 19:48:00,2025-03-03 20:03:00,resolved,social,C106860,VR888358,VA-HP-ST3,Other,Normal,Chat Frontline,A3015,0,4.0,629900.0,GW-OTHER,N,payment went through but I got no order id. VR888358. what do i do now?,"Auto-refund conf within 5-7 days. Issue: payment debited, no order. chk PG dashboard for txn. [closed]",legacy_fd,6299.0,2025-03,2025Q1,Sameer Jadhav,Chat Frontline,1,Bengaluru,Day,VA-HP-ST3,1.0,6299.0,2025-02-19,ST3-2412-2,2650,6999,12,Strata 3 Over-Ear Headphones,True,False,2990,False,True,"payment went through but I got no order id. VR888358. what do i do now? Auto-refund conf within 5-7 days. Issue: payment debited, no order. chk PG dashboard for txn. [closed]",DUP-PAYMENT,0.8665403998820788,True
TK-242778,2025-06-16 11:05:00,2025-06-16 11:06:00,2025-06-17 11:19:00,resolved,chat,C104965,,VA-SP-MINI,Returns & Refunds,Normal,Returns Desk,A3037,0,3.0,35600.0,GW-OTHER,N,the return was accepted but the amount is nowhere in my account,full rfnd processed (356). issue: rfnd delay. checked rfnd status on pg. ~Manish,legacy_fd,356.0,2025-06,2025Q2,Manish Iyer,Returns Desk,1,Indore,Morning,,,,,,980,2499,12,Orbit Mini Speaker,True,False,1320,False,False,the return was accepted but the amount is nowhere in my account full rfnd processed (356). issue: rfnd delay. checked rfnd status on pg. ~Manish,RETURN-QC-OK,0.8660353211983628,True
TK-241857,2025-04-27 21:02:00,2025-04-27 21:17:00,2025-04-27 21:33:00,resolved,chat,C107376,,VA-SW-NX2,Other,Low,Chat Frontline,A3014,0,,649900.0,GW-OTHER,N,"hello, bought the nexa 2 around 21/04 from vireo.in. ordered the wrong colour, don't ship it. i tried cancel button, greyed out. need this sorted this week. awaiting response,",rfnd of Rs 6499 initiated to source. Issue: cancellation request. chk shipment status. -AD,legacy_fd,6499.0,2025-04,2025Q2,Anjali D'Souza,Chat Frontline,1,Bengaluru,Day,,,,,,2450,6499,12,Nexa 2 Smartwatch,True,False,2790,False,True,"hello, bought the nexa 2 around 21/04 from vireo.in. ordered the wrong colour, don't ship it. i tried cancel button, greyed out. need this sorted this week. awaiting response, rfnd of Rs 6499 initiated to source. Issue: cancellation request. chk shipment status. -AD",CANCEL,0.8642953512032125,True
TK-246289,2025-10-27 06:08:00,2025-10-27 08:29:00,2025-10-27 08:42:00,resolved,social,C100070,VR901288,VA-EB-PL2,Other,Normal,Chat Frontline,A3011,0,,6998.0,GW-OTHER,N,"my son ordered this without asking, please reverse",Refunded Rs 6998. Issue: cancel ord. Cancelled before dispatch.,helpdesk,6998.0,2025-10,2025Q4,Rohit Gill,Chat Frontline,1,Bengaluru,Morning,VA-EB-PL2,2.0,6998.0,2025-10-16,PL2-2508-1,1480,3499,12,Pulse 2 True Wireless Earbuds,True,False,1820,False,True,"my son ordered this without asking, please reverse Refunded Rs 6998. Issue: cancel ord. Cancelled before dispatch.",CANCEL,0.8642571029431508,True
TK-247306,2025-11-21 18:37:00,2025-11-21 18:52:00,2025-11-21 19:01:00,resolved,voice,C103238,VR887079,VA-EB-AIR,Other,Normal,Voice Frontline,A3026,0,4.0,270.0,GW-OTHER,N,"honestly regretting this purchase.  order vr887079 (airlite). please cancel, ordered by mistake. i already tried cancel button, greyed out. refund. now.","1. Cancel ord
2. Checked shipment status
3. rfnd approved, Rs 270, 5-7 working days //AAD",helpdesk,270.0,2025-11,2025Q4,Aadhya Deshpande,Voice Frontline,1,Bengaluru,Day,VA-EB-AIR,1.0,1799.0,2025-11-16,AIR-2508-4,760,1799,12,AirLite Earbuds,True,False,1100,False,False,"honestly regretting this purchase.  order vr887079 (airlite). please cancel, ordered by mistake. i already tried cancel button, greyed out. refund. now. 1. Cancel ord
2. Checked shipment status
3. rfnd approved, Rs 270, 5-7 working days //AAD",CANCEL,0.8623954261898168,True
TK-242648,2025-06-09 19:58:00,2025-06-09 20:07:00,2025-06-09 20:24:00,resolved,chat,C102697,,VA-EB-AIR,Other,Normal,Chat Frontline,A3005,0,,323800.0,GW-OTHER,N,want to cancel my order,"Cx says cancel order. Cancelled before dispatch. Already shipped, advised RTO/return.",legacy_fd,3238.0,2025-06,2025Q2,Payal Bhatia,Chat Frontline,1,Indore,Day,,,,,,760,1799,12,AirLite Earbuds,True,False,1100,False,True,"want to cancel my order Cx says cancel order. Cancelled before dispatch. Already shipped, advised RTO/return.",CANCEL,0.8614471776641452,True
TK-245092,2025-09-22 21:49:00,2025-09-23 11:40:00,,open,email,C102716,VR897551,VA-EB-PL2,Delivery & Shipping,Normal,Logistics,A3028,0,,2974.0,GW-OTHER,N,want to cancel my order. VR897551,reported: ord cancellation. cancelled before dispatch. full rfnd processed (2974).,helpdesk,2974.0,2025-09,2025Q3,Sameer Kapoor,Logistics,1,Indore,Morning,VA-EB-PL2,1.0,2974.0,2025-09-15,PL2-2507-1,1480,3499,12,Pulse 2 True Wireless Earbuds,True,False,1820,False,True,want to cancel my order. VR897551 reported: ord cancellation. cancelled before dispatch. full rfnd processed (2974).,CANCEL,0.8608337192824421,True
TK-246585,2025-11-03 15:19:00,2025-11-03 20:07:00,,open,email,C100047,,VA-EB-PL2,Other,Normal,Email Frontline,A3018,0,3.0,3499.0,GW-OTHER,N,"ordered the wrong colour, don't ship it - please call me on my registered number",cx: order cancellation | cancelled before dispatch -> full refund processed (3499) ~Krishna,helpdesk,3499.0,2025-11,2025Q4,Krishna Bhatt,Email Frontline,1,Indore,Day,,,,,,1480,3499,12,Pulse 2 True Wireless Earbuds,True,False,1820,False,True,"ordered the wrong colour, don't ship it - please call me on my registered number cx: order cancellation | cancelled before dispatch -> full refund processed (3499) ~Krishna",CANCEL,0.860094671205156,True
TK-241796,2025-04-24 13:29:00,2025-04-24 20:22:00,2025-04-24 20:36:00,resolved,email,C101169,,VA-EB-AIR,Other,Normal,Email Frontline,A3018,0,5.0,143900.0,GW-OTHER,N,"hi sir
ordered the wrong colour, don't ship it
anyone there","1. Order cancellation
2. Cancelled before dispatch
3. Full refund processed (1439)",legacy_fd,1439.0,2025-04,2025Q2,Krishna Bhatt,Email Frontline,1,Indore,Day,,,,,,760,1799,12,AirLite Earbuds,True,False,1100,False,True,"hi sir
ordered the wrong colour, don't ship it
anyone there 1. Order cancellation
2. Cancelled before dispatch
3. Full refund processed (1439)",CANCEL,0.8592975107864167,True
TK-254511,2026-06-30 08:13:00,2026-06-30 08:13:00,2026-07-03 08:39:00,resolved,chat,C100434,,VA-EB-PL1,Returns & Refunds,Normal,Returns Desk,A3037,0,,2499.0,GW-OTHER,N,"HI SIR
STILL WAITING FOR MY REFUND
10 DAYS AGO SE
THE PULSE BUDS",refund of rs 2499 initiated to source. issue: refund pending. checked reverse pickup qc status. ~Manish,helpdesk,2499.0,2026-06,2026Q2,Manish Iyer,Returns Desk,1,Indore,Morning,,,,,,1120,2499,12,Pulse True Wireless Earbuds,True,False,1460,False,True,"HI SIR
STILL WAITING FOR MY REFUND
10 DAYS AGO SE
THE PULSE BUDS refund of rs 2499 initiated to source. issue: refund pending. checked reverse pickup qc status. ~Manish",RETURN-QC-OK,0.8585651893966997,True
TK-245274,2025-09-28 15:05:00,2025-09-28 15:28:00,2025-09-29 15:49:00,resolved,voice,C100373,VR890575,VA-SW-NX1,Returns & Refunds,Low,Returns Desk,A3029,2,,9998.0,GW-OTHER,N,[IVR transcript] refund was promised 21 days ago and nothing vr890575,refund reprocessed. issue: refund not credited. checked reverse pickup qc status. via logistics.,helpdesk,9998.0,2025-09,2025Q3,Rajat Mukherjee,Logistics,1,Bengaluru,Morning,VA-SW-NX1,2.0,9998.0,2025-09-06,NX1-2507-4,1900,4999,12,Nexa Smartwatch,True,False,2240,False,True,[IVR transcript] refund was promised 21 days ago and nothing vr890575 refund reprocessed. issue: refund not credited. checked reverse pickup qc status. via logistics.,RETURN-QC-OK,0.8584642716789763,True
TK-248438,2025-12-22 15:11:00,2025-12-22 17:10:00,2025-12-22 17:34:00,resolved,email,C103626,VR896637,VA-EB-AIR,Billing & Payments,High,Billing,A3035,0,,306.0,GW-OTHER,N,"Product: the AirLite buds
Order: VR896637
Purchased: 08/12
Issue: promo code shows invalid
Tried: tried on app and website
Expected: refund","Contact re promo code invalid. chk coupon validity. rfnd approved, Rs 306, 5-7 working days. Cx informed.",helpdesk,306.0,2025-12,2025Q4,Dev Kulkarni,Billing,1,Bengaluru,Day,VA-EB-AIR,1.0,1529.0,2025-12-08,AIR-2510-2,760,1799,12,AirLite Earbuds,True,False,1100,False,False,"Product: the AirLite buds
Order: VR896637
Purchased: 08/12
Issue: promo code shows invalid
Tried: tried on app and website
Expected: refund Contact re promo code invalid. chk coupon validity. rfnd approved, Rs 306, 5-7 working days. Cx informed.",PRICE-ADJ,0.8570545706039572,True
TK-251738,2026-04-01 18:53:00,2026-04-01 19:28:00,2026-04-01 19:52:00,resolved,voice,C107868,VR900294,VA-EB-AIR,Other,High,Voice Frontline,A3026,0,,1439.0,GW-OTHER,N,"[IVR transcript] HI TEAM, THIS IS REGARDING AIRLITE EARBUDS.  Discount was not applied at checkout. I tried on app and website. Nothing changed. Need this sorted this week. Please revert",re: discount not applied | chk cart eligibility -> full refund processed (1439),helpdesk,1439.0,2026-04,2026Q2,Aadhya Deshpande,Voice Frontline,1,Bengaluru,Day,VA-EB-AIR,1.0,1439.0,2026-03-31,AIR-2601-2,760,1799,12,AirLite Earbuds,True,False,1100,False,True,"[IVR transcript] HI TEAM, THIS IS REGARDING AIRLITE EARBUDS.  Discount was not applied at checkout. I tried on app and website. Nothing changed. Need this sorted this week. Please revert re: discount not applied | chk cart eligibility -> full refund processed (1439)",PRICE-ADJ,0.8565996387736201,True
TK-251777,2026-04-03 12:00:00,2026-04-03 12:30:00,2026-04-03 12:59:00,closed,social,C105075,VR899695,VA-SP-ORB,Billing & Payments,Normal,Billing,A3032,0,3.0,4799.0,GW-OTHER,N,"hi
my bank says rs 2499 went to you but your site says i have no orders","1. payment debited, no ord
2. asked for utr
3. rfnd of rs 4799 initiated to source ~Sneha",helpdesk,4799.0,2026-04,2026Q2,Sneha Bansal,Billing,1,Indore,Morning,VA-SP-ORB,1.0,4799.0,2026-03-21,ORB-2601-1,2300,5999,12,Orbit Smart Speaker,True,False,2640,False,True,"hi
my bank says rs 2499 went to you but your site says i have no orders 1. payment debited, no ord
2. asked for utr
3. rfnd of rs 4799 initiated to source ~Sneha",DUP-PAYMENT,0.856171185298912,True
TK-253563,2026-05-31 00:50:00,2026-05-31 00:58:00,2026-06-01 01:16:00,closed,chat,C108643,VR905875,VA-SW-NX2,Delivery & Shipping,Normal,Logistics,A3028,0,,1040.0,GW-OTHER,N,"Product: my Nexa 2 wathc
Order: VR905875
Purchased: 22/05
Issue: the courier mraked it delivered but nobody in my house got anything
Tried: checked the tracking page dily
Expected: callback",cust contacted re ord not delivered. chk awb w/ crr. refunded rs 1040.,helpdesk,1040.0,2026-05,2026Q2,Sameer Kapoor,Logistics,1,Indore,Morning,VA-SW-NX2,1.0,5199.0,2026-05-22,NX2-2603-4,2450,6499,12,Nexa 2 Smartwatch,True,False,2790,False,True,"Product: my Nexa 2 wathc
Order: VR905875
Purchased: 22/05
Issue: the courier mraked it delivered but nobody in my house got anything
Tried: checked the tracking page dily
Expected: callback cust contacted re ord not delivered. chk awb w/ crr. refunded rs 1040.",LOST-TRANSIT,0.8536225749020263,True
TK-246960,2025-11-13 08:57:00,2025-11-13 11:05:00,2025-11-13 11:33:00,resolved,email,C100447,,VA-SP-ORB,Billing & Payments,High,Billing,A3032,0,,5699.0,GW-OTHER,N,payment was deducted but no order was created,"1. amount deducted without order
2. confirmed with payment gateway
3. refund of rs 5699 initiated to source ~Sneha",helpdesk,5699.0,2025-11,2025Q4,Sneha Bansal,Billing,1,Indore,Morning,,,,,,2300,5999,12,Orbit Smart Speaker,True,False,2640,False,True,"payment was deducted but no order was created 1. amount deducted without order
2. confirmed with payment gateway
3. refund of rs 5699 initiated to source ~Sneha",DUP-PAYMENT,0.8522862728250332,True
TK-247095,2025-11-16 13:14:00,2025-11-16 13:41:00,2025-11-16 14:07:00,closed,voice,C101477,VR882242,VA-EB-PL2,Other,Normal,Voice Frontline,A3024,0,3.0,700.0,GW-OTHER,N,"hii
payment went through but i got no order id","Cx reported amount deducted without order. chk PG dashboard for txn. Refund approved, Rs 700, 5-7 working days. Closing. ~Amit",helpdesk,700.0,2025-11,2025Q4,Amit Deshpande,Voice Frontline,1,Bengaluru,Morning,VA-EB-PL2,1.0,3499.0,2025-11-08,PL2-2510-2,1480,3499,12,Pulse 2 True Wireless Earbuds,True,False,1820,False,True,"hii
payment went through but i got no order id Cx reported amount deducted without order. chk PG dashboard for txn. Refund approved, Rs 700, 5-7 working days. Closing. ~Amit",DUP-PAYMENT,0.8522131134127443,True
TK-252188,2026-04-16 09:43:00,2026-04-16 10:09:00,2026-04-16 10:33:00,closed,voice,C103103,VR896822,VA-AC-CBL,Delivery & Shipping,High,Logistics,A3027,0,4.0,379.0,GW-OTHER,N,not what i expected from vireo. bought braided cable around 09-04-2026 from vireo.in. received damaged product. i already refused nothing as i didn't notice till later. this is teh last time i buy from you.,"1. Damaged in transit
2. Photos received, damage confirmed
3. Refunded Rs 379",helpdesk,379.0,2026-04,2026Q2,Priya Agarwal,Logistics,1,Indore,Morning,VA-AC-CBL,1.0,379.0,2026-04-09,CBL-2602-2,90,399,6,USB-C Braided Cable,True,False,430,False,False,"not what i expected from vireo. bought braided cable around 09-04-2026 from vireo.in. received damaged product. i already refused nothing as i didn't notice till later. this is teh last time i buy from you. 1. Damaged in transit
2. Photos received, damage confirmed
3. Refunded Rs 379",DOA-REPL,0.8513049536950362,True
TK-245443,2025-10-03 20:40:00,2025-10-03 22:58:00,2025-10-06 23:18:00,resolved,voice,C104980,VR901075,VA-EB-AIR,Returns & Refunds,Normal,Returns Desk,A3038,0,4.0,288.0,GW-OTHER,N,"the return was accepted but the amount is nowhere in my account, VR901075","1. rfnd not credited
2. Checked reverse pickup QC status
3. Refunded Rs 288.
Refunded. rplc request rejected as per policy.",helpdesk,288.0,2025-10,2025Q4,Ankit Dhillon,Returns Desk,1,Bengaluru,Morning,VA-EB-AIR,1.0,1439.0,2025-09-19,AIR-2506-2,760,1799,12,AirLite Earbuds,True,False,1100,False,False,"the return was accepted but the amount is nowhere in my account, VR901075 1. rfnd not credited
2. Checked reverse pickup QC status
3. Refunded Rs 288.
Refunded. rplc request rejected as per policy.",RETURN-QC-OK,0.8510484855556237,True
TK-243600,2025-07-27 13:41:00,2025-07-27 20:01:00,2025-07-27 20:29:00,closed,social,C105313,VR900423,VA-EB-PL2,Billing & Payments,Normal,Billing,A3035,0,5.0,44600.0,GW-OTHER,N,"helo
payment went through but i got no order id
pulse 2
hello??","re: payment debited, no order | conf with payment gateway -> refunded rs 446",legacy_fd,446.0,2025-07,2025Q3,Dev Kulkarni,Billing,1,Bengaluru,Day,VA-EB-PL2,1.0,2974.0,2025-07-19,PL2-2505-4,1480,3499,12,Pulse 2 True Wireless Earbuds,True,False,1820,False,False,"helo
payment went through but i got no order id
pulse 2
hello?? re: payment debited, no order | conf with payment gateway -> refunded rs 446",DUP-PAYMENT,0.8508316156021306,True
TK-252297,2026-04-19 18:41:00,2026-04-19 18:46:00,2026-04-19 19:11:00,resolved,chat,C106764,VR898580,VA-EB-PL2,Billing & Payments,Normal,Billing,A3035,0,,350.0,GW-OTHER,N,honestly regretting this purchase. bought pulse2 aorund april 13 from amazon. teh festive offer vanished when i clicked pay. i already tried on app and website. refund. now.,"1. Discount not applied
2. chk cart eligibilitty
3. Full rfnd processed (350)",helpdesk,350.0,2026-04,2026Q2,Dev Kulkarni,Billing,1,Bengaluru,Day,VA-EB-PL2,1.0,3499.0,2026-04-13,PL2-2601-3,1480,3499,12,Pulse 2 True Wireless Earbuds,True,False,1820,False,False,"honestly regretting this purchase. bought pulse2 aorund april 13 from amazon. teh festive offer vanished when i clicked pay. i already tried on app and website. refund. now. 1. Discount not applied
2. chk cart eligibilitty
3. Full rfnd processed (350)",PRICE-ADJ,0.850641315539263,True
TK-245071,2025-09-22 10:32:00,2025-09-22 10:36:00,,pending,chat,C106777,,VA-EB-PL2,Billing & Payments,High,Billing,A3032,0,,2799.0,GW-OTHER,N,"Product: Pulse2
Order: VR886085
Purchased: 15 Sep
Issue: UPI shows success, your app shows nothing
Tried: waited 24 hours
Expected: resolution","1. payment debited, no order
2. asked for utr
3. refunded rs 2799 ~Sneha",helpdesk,2799.0,2025-09,2025Q3,Sneha Bansal,Billing,1,Indore,Morning,,,,,,1480,3499,12,Pulse 2 True Wireless Earbuds,True,False,1820,False,True,"Product: Pulse2
Order: VR886085
Purchased: 15 Sep
Issue: UPI shows success, your app shows nothing
Tried: waited 24 hours
Expected: resolution 1. payment debited, no order
2. asked for utr
3. refunded rs 2799 ~Sneha",DUP-PAYMENT,0.8488161031001475,True
TK-253510,2026-05-29 19:08:00,2026-05-29 21:14:00,2026-05-29 21:22:00,resolved,social,C103121,VR901241,VA-EB-PL2,Other,Low,Chat Frontline,A3004,0,2.0,350.0,GW-OTHER,N,"Dear Sir/Madam,

I am writing with reference to my order of my Pulse 2 (VR901241) placed on 18-05-2026. WANT TO CANCEL MY ORDER. I have tried cancel button, greyed out. I request you to process a refund to my original payment method.

Sincerely,
Vihaan Menon
Chandigarh","already shipped, advised rto/return. issue: cancellation request. cancelled before dispatch.",helpdesk,350.0,2026-05,2026Q2,Geeta Dutta,Chat Frontline,1,Bengaluru,Day,VA-EB-PL2,1.0,3499.0,2026-05-18,PL2-2603-3,1480,3499,12,Pulse 2 True Wireless Earbuds,True,False,1820,False,False,"Dear Sir/Madam,

I am writing with reference to my order of my Pulse 2 (VR901241) placed on 18-05-2026. WANT TO CANCEL MY ORDER. I have tried cancel button, greyed out. I request you to process a refund to my original payment method.

Sincerely,
Vihaan Menon
Chandigarh already shipped, advised rto/return. issue: cancellation request. cancelled before dispatch.",CANCEL,0.8465734696646067,True
TK-246987,2025-11-13 18:27:00,2025-11-13 19:23:00,2025-11-13 19:39:00,resolved,email,C103975,,VA-EB-AIR,Other,Normal,Email Frontline,A3018,0,,1529.0,GW-OTHER,N,"Product: airlite earbuds
Order: VR898250
Purchased: 30/10
Issue: please cancel, ordered by mistake
Tried: tried cancel button, greyed out
Expected: refund","re: cancellation request | checked shipment status -> refund approved, rs 1529, 5-7 working days ~Krishna",helpdesk,1529.0,2025-11,2025Q4,Krishna Bhatt,Email Frontline,1,Indore,Day,,,,,,760,1799,12,AirLite Earbuds,True,False,1100,False,True,"Product: airlite earbuds
Order: VR898250
Purchased: 30/10
Issue: please cancel, ordered by mistake
Tried: tried cancel button, greyed out
Expected: refund re: cancellation request | checked shipment status -> refund approved, rs 1529, 5-7 working days ~Krishna",CANCEL,0.8457023345615423,True
TK-251900,2026-04-06 12:01:00,2026-04-06 12:03:00,2026-04-08 12:18:00,resolved,chat,C107815,,VA-SW-FIT,Returns & Refunds,Normal,Returns Desk,A3037,0,3.0,1999.0,GW-OTHER,N,the return was accepted but the amount is nowhere in my account,rfnd of rs 1999 initiated to source. issue: rfnd pending. chk reverse pkp qc status. ~Manish,helpdesk,1999.0,2026-04,2026Q2,Manish Iyer,Returns Desk,1,Indore,Morning,,,,,,850,1999,12,Nexa Fit Band,True,False,1190,False,True,the return was accepted but the amount is nowhere in my account rfnd of rs 1999 initiated to source. issue: rfnd pending. chk reverse pkp qc status. ~Manish,RETURN-QC-OK,0.8456173045650607,True
TK-247945,2025-12-07 22:59:00,2025-12-07 23:05:00,2025-12-07 23:15:00,resolved,chat,C103331,VR906145,VA-HP-ST3,Other,Normal,Chat Frontline,A3002,0,4.0,6299.0,GW-OTHER,N,"Hi Vireo support, I bouught Strata 3 on 24 Nov.  Cancel order. I tried cancel button, greyed out. Nothign changed. This is very disappointing. Please advise.",cx: order cancellation | cancelled before dispatch -> refund of rs 6299 initiated to source [closed],helpdesk,6299.0,2025-12,2025Q4,Steven Ansari,Chat Frontline,1,Indore,Night,VA-HP-ST3,1.0,6299.0,2025-11-24,ST3-2509-2,2650,6999,12,Strata 3 Over-Ear Headphones,True,False,2990,False,True,"Hi Vireo support, I bouught Strata 3 on 24 Nov.  Cancel order. I tried cancel button, greyed out. Nothign changed. This is very disappointing. Please advise. cx: order cancellation | cancelled before dispatch -> refund of rs 6299 initiated to source [closed]",CANCEL,0.8455910849944677,True
TK-245345,2025-09-30 15:56:00,2025-09-30 17:05:00,2025-09-30 17:18:00,resolved,email,C108380,,VA-EB-PL2,Returns & Refunds,Normal,Returns Desk,A3036,0,4.0,446.0,GW-OTHER,N,"helo
the return was accepted but the amount is nowhere in my accout
pulse 2",cx states refund delay. Checked reverse pickup QC status. Refund confirmde credited. Cx satifsied on chat.,helpdesk,446.0,2025-09,2025Q3,Ritika D'Souza,Returns Desk,1,Indore,Day,,,,,,1480,3499,12,Pulse 2 True Wireless Earbuds,True,False,1820,False,False,"helo
the return was accepted but the amount is nowhere in my accout
pulse 2 cx states refund delay. Checked reverse pickup QC status. Refund confirmde credited. Cx satifsied on chat.",RETURN-QC-OK,0.8448967949579338,True
TK-243592,2025-07-27 08:27:00,2025-07-27 10:29:00,2025-07-27 10:47:00,closed,social,C104296,VR900476,VA-SW-FIT,Other,High,Chat Frontline,A3010,0,,199900.0,GW-OTHER,N,"hi
ordered the wrong colour, don't ship it
nexa fit VR900476
urgent",re: cancel order | cancelled before dispatch -> refund of rs 1999 initiated to source ~Tenzin,legacy_fd,1999.0,2025-07,2025Q3,Tenzin Mathew,Chat Frontline,1,Bengaluru,Morning,VA-SW-FIT,1.0,1999.0,2025-07-22,FIT-2505-3,850,1999,12,Nexa Fit Band,True,False,1190,False,True,"hi
ordered the wrong colour, don't ship it
nexa fit VR900476
urgent re: cancel order | cancelled before dispatch -> refund of rs 1999 initiated to source ~Tenzin",CANCEL,0.8446270699810214,True
TK-244456,2025-08-31 15:38:00,2025-08-31 15:49:00,2025-09-03 16:08:00,resolved,chat,C106689,VR899312,VA-EB-PL2,Delivery & Shipping,High,Logistics,A3030,0,4.0,332400.0,GW-OTHER,N,"Product: pulse 2 buds
Order: VR899312
Purchased: 21 Aug
Issue: recceived damaged product
Tried: refused nothing as I didn't notice till later
Expected: resolution","Contact re unit received damaged. Photos received, damage confirmed. Reverse pickup arranged. //AIS",legacy_fd,3324.0,2025-08,2025Q3,Aishwarya Trivedi,Logistics,1,Indore,Day,VA-EB-PL2,1.0,3324.0,2025-08-21,PL2-2506-3,1480,3499,12,Pulse 2 True Wireless Earbuds,True,False,1820,False,True,"Product: pulse 2 buds
Order: VR899312
Purchased: 21 Aug
Issue: recceived damaged product
Tried: refused nothing as I didn't notice till later
Expected: resolution Contact re unit received damaged. Photos received, damage confirmed. Reverse pickup arranged. //AIS",DOA-REPL,0.8442026941620079,True
TK-244974,2025-09-18 12:06:00,2025-09-18 18:10:00,2025-09-18 18:19:00,resolved,email,C100268,VR908315,VA-HP-ST2,Other,Normal,Email Frontline,A3018,0,,4999.0,GW-OTHER,N,"Hello, Bought Strata 2 around 10-09-2025 from vireo.in. My son ordered this without asking, please reverse. I tried cancel button, greyed out. Very poor quality. Please resolve asap. Thank you","cancel order | cancelled beofre dispatch -> cancelled, refund initiated ~Krishna",helpdesk,4999.0,2025-09,2025Q3,Krishna Bhatt,Email Frontline,1,Indore,Day,VA-HP-ST2,1.0,4999.0,2025-09-10,ST2-2506-1,2100,4999,12,Strata 2 Over-Ear Headphones,True,False,2440,False,True,"Hello, Bought Strata 2 around 10-09-2025 from vireo.in. My son ordered this without asking, please reverse. I tried cancel button, greyed out. Very poor quality. Please resolve asap. Thank you cancel order | cancelled beofre dispatch -> cancelled, refund initiated ~Krishna",CANCEL,0.8439614872018611,True
TK-242112,2025-05-12 13:03:00,2025-05-12 13:04:00,2025-05-12 13:14:00,resolved,chat,C102507,VR897415,VA-SW-NX2,Billing & Payments,High,Billing,A3032,0,3.0,97500.0,GW-OTHER,N,"I am losing patience. Ordered the Neax 2 a month ago. change of mind, pls stop the shipment. I already trieed cancel button, greyed out. I want a replacement or refund, nothing else","1. ord cancellation
2. cancelled before dispatch
3. rfnd of rs 975 initiated to source ~Sneha",legacy_fd,975.0,2025-05,2025Q2,Sneha Bansal,Billing,1,Indore,Morning,VA-SW-NX2,1.0,6499.0,2025-05-06,NX2-2503-4,2450,6499,12,Nexa 2 Smartwatch,True,False,2790,False,True,"I am losing patience. Ordered the Neax 2 a month ago. change of mind, pls stop the shipment. I already trieed cancel button, greyed out. I want a replacement or refund, nothing else 1. ord cancellation
2. cancelled before dispatch
3. rfnd of rs 975 initiated to source ~Sneha",CANCEL,0.8436017644057145,True
TK-241881,2025-04-29 18:44:00,2025-04-30 00:09:00,2025-04-30 00:26:00,resolved,email,C109217,,VA-SP-MINI,Billing & Payments,Normal,Billing,A3033,0,3.0,21200.0,GW-OTHER,N,"Hi there, Bought the mini speaker around April 24 from Amazon. Paid via UPI, amount deducted, no order confirmation. I watied 24 hours. Nothing changed. Please advise. Thanks in advance","1. payment debited, no order
2. confirmed with payment gateway
3. refunded rs 212",legacy_fd,212.0,2025-04,2025Q2,Vikram Banerjee,Billing,1,Bengaluru,Morning,,,,,,980,2499,12,Orbit Mini Speaker,True,False,1320,False,False,"Hi there, Bought the mini speaker around April 24 from Amazon. Paid via UPI, amount deducted, no order confirmation. I watied 24 hours. Nothing changed. Please advise. Thanks in advance 1. payment debited, no order
2. confirmed with payment gateway
3. refunded rs 212",DUP-PAYMENT,0.8424076325892939,True
TK-250108,2026-02-12 23:03:00,2026-02-13 01:03:00,2026-02-13 01:17:00,resolved,email,C105545,VR903241,VA-SP-MINI,Billing & Payments,High,Billing,A3029,1,4.0,319.0,GW-OTHER,N,"Ordered Orbit Mini around Diwali. Ordered the wrong colour, don't ship it.
I tried cancel button, greyed out. Nothing changed.
I have been a loyal customer and this is how u treat me.
Need this sorted this week.
Thanks in advance",refunded rs 319. issue: order cancellation. cancelled before dispatch. via logistics. -RM,helpdesk,319.0,2026-02,2026Q1,Rajat Mukherjee,Logistics,1,Bengaluru,Morning,VA-SP-MINI,1.0,2124.0,2026-02-11,MINI-2512-1,980,2499,12,Orbit Mini Speaker,True,False,1320,False,False,"Ordered Orbit Mini around Diwali. Ordered the wrong colour, don't ship it.
I tried cancel button, greyed out. Nothing changed.
I have been a loyal customer and this is how u treat me.
Need this sorted this week.
Thanks in advance refunded rs 319. issue: order cancellation. cancelled before dispatch. via logistics. -RM",CANCEL,0.8423761725746935,True
TK-243843,2025-08-05 08:10:00,2025-08-05 08:20:00,2025-08-08 08:54:00,resolved,chat,C104970,VR899904,VA-HP-ST3,Returns & Refunds,Normal,Returns Desk,A3038,0,,559900.0,GW-OTHER,N,refund was promised 9 days ago and nothing. how do i get this fixed?,"1. Refund delay
2. chk reverse pkp QC status
3. Refund reprocessed",legacy_fd,5599.0,2025-08,2025Q3,Ankit Dhillon,Returns Desk,1,Bengaluru,Morning,VA-HP-ST3,1.0,5599.0,2025-07-07,ST3-2503-1,2650,6999,12,Strata 3 Over-Ear Headphones,True,False,2990,False,True,"refund was promised 9 days ago and nothing. how do i get this fixed? 1. Refund delay
2. chk reverse pkp QC status
3. Refund reprocessed",RETURN-QC-OK,0.8411997177666287,True
TK-250758,2026-03-03 08:11:00,2026-03-03 10:06:00,2026-03-03 10:24:00,resolved,social,C106402,VR907531,VA-EB-PL1,Other,Normal,Chat Frontline,A3007,0,,500.0,GW-OTHER,N,"dear sir/madam,

i am writing w/ reference to my order of pulse 1 (vr907531) placed on 22 feb.  please cancel, ordered by mistake. i have tried cancel button, greyed out. i request u to kindly arrange a replacement.

regards,
megha bansal",cx reported cancel order. cancelled before dispatch. rfnd of rs 500 initiated to source.,helpdesk,500.0,2026-03,2026Q1,Abhishek Gupta,Chat Frontline,1,Indore,Morning,VA-EB-PL1,1.0,2499.0,2026-02-22,PL1-2511-2,1120,2499,12,Pulse True Wireless Earbuds,True,False,1460,False,False,"dear sir/madam,

i am writing w/ reference to my order of pulse 1 (vr907531) placed on 22 feb.  please cancel, ordered by mistake. i have tried cancel button, greyed out. i request u to kindly arrange a replacement.

regards,
megha bansal cx reported cancel order. cancelled before dispatch. rfnd of rs 500 initiated to source.",CANCEL,0.8411508821206315,True
TK-248270,2025-12-17 12:12:00,2025-12-17 20:10:00,2025-12-17 20:20:00,resolved,social,C100089,VR909099,VA-EB-PL2,Billing & Payments,High,Billing,A3035,0,4.0,3324.0,GW-OTHER,N,"Dear Sir/Madam,

I am writing w/ reference to my order of puse 2 buds (VR909099) placed on 17 Dec.  Coupon code not working. I have tried on app & website. I request you to look into this matter at the earliest.

Sincerely,
Nehha Desai
Vadodara",issue: promo code invalid | chk cart eligibility -> refunded rs 3324,helpdesk,3324.0,2025-12,2025Q4,Dev Kulkarni,Billing,1,Bengaluru,Day,VA-EB-PL2,1.0,3324.0,2025-12-17,PL2-2509-2,1480,3499,12,Pulse 2 True Wireless Earbuds,True,False,1820,False,True,"Dear Sir/Madam,

I am writing w/ reference to my order of puse 2 buds (VR909099) placed on 17 Dec.  Coupon code not working. I have tried on app & website. I request you to look into this matter at the earliest.

Sincerely,
Nehha Desai
Vadodara issue: promo code invalid | chk cart eligibility -> refunded rs 3324",PRICE-ADJ,0.8403570913075089,True
TK-249200,2026-01-16 08:50:00,2026-01-16 11:00:00,2026-01-17 11:34:00,resolved,email,C105785,VR889455,VA-SP-ORB,Returns & Refunds,Low,Returns Desk,A3038,0,3.0,5399.0,GW-OTHER,N,where is the money for the return. i want my money back,"1. Refund pending
2. chk reverse pickup QC status
3. Refund of Rs 5399 initiated to source",helpdesk,5399.0,2026-01,2026Q1,Ankit Dhillon,Returns Desk,1,Bengaluru,Morning,VA-SP-ORB,1.0,5399.0,2026-01-13,ORB-2512-4,2300,5999,12,Orbit Smart Speaker,True,False,2640,False,True,"where is the money for the return. i want my money back 1. Refund pending
2. chk reverse pickup QC status
3. Refund of Rs 5399 initiated to source",RETURN-QC-OK,0.8398914341989561,True
TK-242799,2025-06-17 09:36:00,2025-06-17 13:34:00,2025-06-20 13:55:00,closed,email,C107628,VR907031,VA-SW-FIT,Returns & Refunds,Normal,Returns Desk,A3038,0,4.0,199900.0,GW-OTHER,N,"team,
where is the money for the return
kuch karo","1. rfnd not credited
2. Checked reverse pickup QC status
3. rfnd approved, Rs 1999, 5-7 working days",legacy_fd,1999.0,2025-06,2025Q2,Ankit Dhillon,Returns Desk,1,Bengaluru,Morning,VA-SW-FIT,1.0,1999.0,2025-06-09,FIT-2502-1,850,1999,12,Nexa Fit Band,True,False,1190,False,True,"team,
where is the money for the return
kuch karo 1. rfnd not credited
2. Checked reverse pickup QC status
3. rfnd approved, Rs 1999, 5-7 working days",RETURN-QC-OK,0.8398358927346786,True
TK-247478,2025-11-26 11:46:00,2025-11-26 12:03:00,2025-11-26 12:27:00,resolved,voice,C106855,VR909422,VA-EB-PL2,Billing & Payments,Normal,Billing,A3033,0,,6298.0,GW-OTHER,N,"bhai
my bank says rs 4999 went to you but your site says i have no orders
please jaldi
pulse2
hello??","1. failed order after payment
2. confirmed with payment gateway
3. order manually created",helpdesk,6298.0,2025-11,2025Q4,Vikram Banerjee,Billing,1,Bengaluru,Morning,VA-EB-PL2,2.0,6298.0,2025-11-25,PL2-2510-4,1480,3499,12,Pulse 2 True Wireless Earbuds,True,False,1820,False,True,"bhai
my bank says rs 4999 went to you but your site says i have no orders
please jaldi
pulse2
hello?? 1. failed order after payment
2. confirmed with payment gateway
3. order manually created",DUP-PAYMENT,0.8397632386726421,True
TK-253991,2026-06-13 09:01:00,2026-06-13 09:09:00,2026-06-13 09:17:00,resolved,chat,C107748,VR888918,VA-HP-ST3,Delivery & Shipping,Normal,Logistics,A3028,0,4.0,6999.0,GW-OTHER,N,"hi, my strata 3 headphones purchased a month ago, order vr888918. want to cancel my order. i tried cancel button, grreyed out. nothing changed. i want a replacement.","cx reached out - cancellation request. cancelled before dispatch. cancelled, rfnd initiated.",helpdesk,6999.0,2026-06,2026Q2,Sameer Kapoor,Logistics,1,Indore,Morning,VA-HP-ST3,1.0,6999.0,2026-06-10,ST3-2603-1,2650,6999,12,Strata 3 Over-Ear Headphones,True,False,2990,False,True,"hi, my strata 3 headphones purchased a month ago, order vr888918. want to cancel my order. i tried cancel button, grreyed out. nothing changed. i want a replacement. cx reached out - cancellation request. cancelled before dispatch. cancelled, rfnd initiated.",CANCEL,0.8386969517251099,True
TK-252280,2026-04-19 10:44:00,2026-04-19 11:11:00,2026-04-19 11:19:00,resolved,voice,C105936,VR890213,VA-EB-PL2,Other,Normal,Voice Frontline,A3025,0,,3149.0,GW-OTHER,N,"please cancel, ordered by mitake - VR890213 - please resolev asap",refunded rs 3149. issue: cancel ord. chk shipment status. //KOM,helpdesk,3149.0,2026-04,2026Q2,Komal Malhotra,Voice Frontline,1,Bengaluru,Morning,VA-EB-PL2,1.0,3149.0,2026-04-14,PL2-2601-2,1480,3499,12,Pulse 2 True Wireless Earbuds,True,False,1820,False,True,"please cancel, ordered by mitake - VR890213 - please resolev asap refunded rs 3149. issue: cancel ord. chk shipment status. //KOM",CANCEL,0.8384522385708741,True
TK-242117,2025-05-12 19:09:00,2025-05-12 19:36:00,2025-05-12 19:48:00,resolved,voice,C104471,,VA-SP-MINI,Billing & Payments,High,Billing,A3035,0,,2249.0,GW-OTHER,N,"Hi, This is regarding Orbit Mini. Please cancel, ordered by mistake. I tried canccel button, greyed out. Nothing changed. Kindly look into it.","Ticket raised for ord cancellation. Cancelled before dispatch. Cancelled, rfnd initiated. Cx informed.",helpdesk,2249.0,2025-05,2025Q2,Dev Kulkarni,Billing,1,Bengaluru,Day,,,,,,980,2499,12,Orbit Mini Speaker,True,False,1320,False,True,"Hi, This is regarding Orbit Mini. Please cancel, ordered by mistake. I tried canccel button, greyed out. Nothing changed. Kindly look into it. Ticket raised for ord cancellation. Cancelled before dispatch. Cancelled, rfnd initiated. Cx informed.",CANCEL,0.8376612007539147,True
TK-253814,2026-06-07 15:12:00,2026-06-07 15:12:00,2026-06-07 15:24:00,resolved,chat,C105106,VR905923,VA-EB-PL2,Other,Normal,Chat Frontline,A3009,0,,2974.0,GW-OTHER,N,"Hi team,
Got pulse 2 buds from vireo.in last week. My son odrered this wtihout asking, please reverse.
I tried cancel button, greyed out.
I am losing patience.
Please resolve asap.",Reported: order cancellation. Cancelled before dispatch. Refunded Rs 2974. (SOP 4.2),helpdesk,2974.0,2026-06,2026Q2,Sukhwinder Singh,Chat Frontline,1,Indore,Day,VA-EB-PL2,1.0,2974.0,2026-06-05,PL2-2603-2,1480,3499,12,Pulse 2 True Wireless Earbuds,True,False,1820,False,True,"Hi team,
Got pulse 2 buds from vireo.in last week. My son odrered this wtihout asking, please reverse.
I tried cancel button, greyed out.
I am losing patience.
Please resolve asap. Reported: order cancellation. Cancelled before dispatch. Refunded Rs 2974. (SOP 4.2)",CANCEL,0.8370784167834325,True
TK-244433,2025-08-30 19:35:00,2025-08-30 19:35:00,2025-08-30 19:51:00,resolved,chat,C102271,,VA-EB-AIR,Other,Normal,Chat Frontline,A3005,0,,810.0,GW-OTHER,N,"hello,
i bought the airlite buds on 18-08-2025. cancel order.
i tried cancel button, greyde out.
please resolve asap.
regards,","Cx says cancel ord. Cancelled before dispatch. Cancelled, refund initiated.",helpdesk,810.0,2025-08,2025Q3,Payal Bhatia,Chat Frontline,1,Indore,Day,,,,,,760,1799,12,AirLite Earbuds,True,False,1100,False,True,"hello,
i bought the airlite buds on 18-08-2025. cancel order.
i tried cancel button, greyde out.
please resolve asap.
regards, Cx says cancel ord. Cancelled before dispatch. Cancelled, refund initiated.",CANCEL,0.836882722863833,True
TK-253819,2026-06-07 16:33:00,2026-06-07 16:44:00,2026-06-07 16:58:00,resolved,chat,C102724,,VA-EB-PL2,Other,Normal,Chat Frontline,A3005,0,,3499.0,GW-OTHER,N,"Dear Sir/Madam,

I am writing with reference to my order of Pulse 2 placed on 25-05-2026. Want to cancel my order. I have tried cancel button, greyed out. I request you to kindly arrange a replacement.

Sincerely,
Harpreet Gaikwad",Contact re cancellation request. Cancelled before dispatch. Full rfnd processed (3499).,helpdesk,3499.0,2026-06,2026Q2,Payal Bhatia,Chat Frontline,1,Indore,Day,,,,,,1480,3499,12,Pulse 2 True Wireless Earbuds,True,False,1820,False,True,"Dear Sir/Madam,

I am writing with reference to my order of Pulse 2 placed on 25-05-2026. Want to cancel my order. I have tried cancel button, greyed out. I request you to kindly arrange a replacement.

Sincerely,
Harpreet Gaikwad Contact re cancellation request. Cancelled before dispatch. Full rfnd processed (3499).",CANCEL,0.8363773072935857,True
TK-245494,2025-10-05 17:27:00,2025-10-05 17:45:00,2025-10-05 18:01:00,resolved,social,C107350,VR888615,VA-EB-PL2,Billing & Payments,High,Billing,A3035,0,,3499.0,GW-OTHER,N,"card charged two times
vr888615","re: double charge | chk pg for duplicate txn -> rfnd approved, rs 3499, 5-7 working days",helpdesk,3499.0,2025-10,2025Q4,Dev Kulkarni,Billing,1,Bengaluru,Day,VA-EB-PL2,1.0,3499.0,2025-09-27,PL2-2506-4,1480,3499,12,Pulse 2 True Wireless Earbuds,True,False,1820,False,True,"card charged two times
vr888615 re: double charge | chk pg for duplicate txn -> rfnd approved, rs 3499, 5-7 working days",DUP-PAYMENT,0.834243080227575,True
TK-243796,2025-08-03 13:30:00,2025-08-03 14:40:00,2025-08-03 14:50:00,resolved,email,C109129,VR901269,VA-EB-PL2,Delivery & Shipping,Normal,Logistics,A3030,0,5.0,314900.0,GW-OTHER,N,my order has not been delivered yet,"Contact re order not delivered. Checked AWB with crr. RTO confirmed, reshipped. //AIS",legacy_fd,3149.0,2025-08,2025Q3,Aishwarya Trivedi,Logistics,1,Indore,Day,VA-EB-PL2,1.0,3149.0,2025-07-20,PL2-2504-1,1480,3499,12,Pulse 2 True Wireless Earbuds,True,False,1820,False,True,"my order has not been delivered yet Contact re order not delivered. Checked AWB with crr. RTO confirmed, reshipped. //AIS",LOST-TRANSIT,0.8328110955206659,True
TK-249535,2026-01-26 13:20:00,2026-01-26 15:12:00,2026-01-26 15:40:00,resolved,social,C105675,,VA-SP-MINI,Other,Normal,Chat Frontline,A3008,0,,500.0,GW-OTHER,N,"UPI SHOWS SUCCESS, UR APP SHOWS NOTHING","Full refund processed (500). Issue: payment debited, no ord. Checked PG dashboard for txn. //MEE",helpdesk,500.0,2026-01,2026Q1,Meera Malhotra,Chat Frontline,1,Bengaluru,Day,,,,,,980,2499,12,Orbit Mini Speaker,True,False,1320,False,False,"UPI SHOWS SUCCESS, UR APP SHOWS NOTHING Full refund processed (500). Issue: payment debited, no ord. Checked PG dashboard for txn. //MEE",DUP-PAYMENT,0.8326568088873862,True
TK-240554,2025-02-13 12:50:00,2025-02-13 15:54:00,2025-02-13 16:15:00,resolved,voice,C106562,VR883209,VA-SW-NX2,Billing & Payments,High,Billing,A3035,0,,5199.0,GW-OTHER,N,[IVR transcript] payment went through but I got no order id. VR883209,"Cx repoorted payment debited, no ord. Confirmed with payment gateway. Refunded Rs 5199. Willl monitor.",helpdesk,5199.0,2025-02,2025Q1,Dev Kulkarni,Billing,1,Bengaluru,Day,VA-SW-NX2,1.0,5199.0,2025-02-12,NX2-2412-3,2450,6499,12,Nexa 2 Smartwatch,True,False,2790,False,True,"[IVR transcript] payment went through but I got no order id. VR883209 Cx repoorted payment debited, no ord. Confirmed with payment gateway. Refunded Rs 5199. Willl monitor.",DUP-PAYMENT,0.8324392529793474,True
TK-248322,2025-12-19 08:27:00,2025-12-19 08:28:00,2025-12-19 08:40:00,resolved,chat,C105438,,VA-EB-AIR,Billing & Payments,Normal,Billing,A3033,0,4.0,1709.0,GW-OTHER,N,"To the Vireo Customer Care Team,

I am writing with reference to my order of airlite earbuds placed on December 08. Coupon code not working. I have tried in caps. I request you to provide a resolution within 3 working days.

Sincerely,
Zoya Pillai
Noida","1. promo code invalid
2. checked cart eligibility
3. rfnd approved, rs 1709, 5-7 working days",helpdesk,1709.0,2025-12,2025Q4,Vikram Banerjee,Billing,1,Bengaluru,Morning,,,,,,760,1799,12,AirLite Earbuds,True,False,1100,False,True,"To the Vireo Customer Care Team,

I am writing with reference to my order of airlite earbuds placed on December 08. Coupon code not working. I have tried in caps. I request you to provide a resolution within 3 working days.

Sincerely,
Zoya Pillai
Noida 1. promo code invalid
2. checked cart eligibility
3. rfnd approved, rs 1709, 5-7 working days",PRICE-ADJ,0.832152477144463,True
TK-243071,2025-07-01 12:21:00,2025-07-01 12:25:00,2025-07-01 12:47:00,resolved,chat,C107108,VR888010,VA-SP-MINI,Returns & Refunds,Normal,Returns Desk,A3037,0,,249900.0,GW-OTHER,N,"helo
still waiting for my refund
anyone there",refund conf credited. issue: refund pending. chk reverse pickup qc status. ~Manish,legacy_fd,2499.0,2025-07,2025Q3,Manish Iyer,Returns Desk,1,Indore,Morning,VA-SP-MINI,1.0,2499.0,2025-06-19,MINI-2504-3,980,2499,12,Orbit Mini Speaker,True,False,1320,False,True,"helo
still waiting for my refund
anyone there refund conf credited. issue: refund pending. chk reverse pickup qc status. ~Manish",RETURN-QC-OK,0.8307351874375354,True
TK-251307,2026-03-20 22:06:00,2026-03-20 22:19:00,2026-03-20 22:53:00,resolved,chat,C106302,VR895966,VA-EB-PL1,Billing & Payments,High,Billing,A3034,0,,2499.0,GW-OTHER,N,the page failed after I paid and now nothing shows in my account - VR895966,"cx says payment debited, no order. asked for utr. full refund processed (2499).",helpdesk,2499.0,2026-03,2026Q1,Tanvi Rathore,Billing,1,Indore,Morning,VA-EB-PL1,1.0,2499.0,2026-03-06,PL1-2601-2,1120,2499,12,Pulse True Wireless Earbuds,True,False,1460,False,True,"the page failed after I paid and now nothing shows in my account - VR895966 cx says payment debited, no order. asked for utr. full refund processed (2499).",DUP-PAYMENT,0.8302966959029499,True
TK-244231,2025-08-21 14:33:00,2025-08-21 14:36:00,2025-08-21 14:46:00,resolved,chat,C101417,VR880738,VA-EB-PL2,Other,Normal,Chat Frontline,A3012,0,,140000.0,GW-OTHER,N,"please cancel, ordered by msitake
VR880738",contact re cancel order. checked shipment status. full rfnd processed (1400).,legacy_fd,1400.0,2025-08,2025Q3,Lakshmi Srivastava,Chat Frontline,1,Bengaluru,Day,VA-EB-PL2,1.0,2799.0,2025-08-08,PL2-2506-3,1480,3499,12,Pulse 2 True Wireless Earbuds,True,False,1820,False,True,"please cancel, ordered by msitake
VR880738 contact re cancel order. checked shipment status. full rfnd processed (1400).",CANCEL,0.8295678511237707,True
TK-245265,2025-09-28 08:42:00,2025-09-28 08:54:00,2025-09-30 09:22:00,closed,social,C108321,VR908934,VA-EB-PL2,Returns & Refunds,High,Returns Desk,A3037,0,2.0,3499.0,GW-OTHER,N,"hi
where is the money for the return
pule 2 vr908934
anyone there",arn shared with cx. issue: rfnd delay. checked reverse pickup qc status. ~Manish,helpdesk,3499.0,2025-09,2025Q3,Manish Iyer,Returns Desk,1,Indore,Morning,VA-EB-PL2,1.0,3499.0,2025-09-17,PL2-2506-2,1480,3499,12,Pulse 2 True Wireless Earbuds,True,False,1820,False,True,"hi
where is the money for the return
pule 2 vr908934
anyone there arn shared with cx. issue: rfnd delay. checked reverse pickup qc status. ~Manish",RETURN-QC-OK,0.8293720558736586,True
TK-250251,2026-02-16 22:32:00,2026-02-17 06:43:00,2026-02-17 06:53:00,resolved,email,C108958,,VA-EB-PL2,Product Enquiry,Normal,Email Frontline,A3020,0,,2799.0,GW-OTHER,N,"Hello Vireo, Got the Pulse 2 earbuds from Flipkart last month.  Your ad said 20% off and the cart says full price. I tried in caps. I want a replacement. Rgds Sai Banerjee",ticket raised for promo code invalid. chk cart eligibility. refund of rs 2799 initiated to source.,helpdesk,2799.0,2026-02,2026Q1,Aadhya Singh,Email Frontline,1,Bengaluru,Morning,,,,,,1480,3499,12,Pulse 2 True Wireless Earbuds,True,False,1820,False,True,"Hello Vireo, Got the Pulse 2 earbuds from Flipkart last month.  Your ad said 20% off and the cart says full price. I tried in caps. I want a replacement. Rgds Sai Banerjee ticket raised for promo code invalid. chk cart eligibility. refund of rs 2799 initiated to source.",PRICE-ADJ,0.8289022924124954,True
TK-243991,2025-08-11 08:13:00,2025-08-11 15:33:00,2025-08-13 15:56:00,resolved,email,C109469,,VA-EB-AIR,Returns & Refunds,Normal,Returns Desk,A3036,0,2.0,161900.0,GW-OTHER,N,where is the money for the return,Customer staes rfnd pending. Checked rfnd status on PG. Full rfnd processed (1619). Cx informed. (SOP 4.2),legacy_fd,1619.0,2025-08,2025Q3,Ritika D'Souza,Returns Desk,1,Indore,Day,,,,,,760,1799,12,AirLite Earbuds,True,False,1100,False,True,where is the money for the return Customer staes rfnd pending. Checked rfnd status on PG. Full rfnd processed (1619). Cx informed. (SOP 4.2),RETURN-QC-OK,0.8285064494755426,True
TK-245440,2025-10-03 18:18:00,2025-10-04 00:00:00,2025-10-04 00:09:00,resolved,email,C101053,VR880289,VA-HP-ST3,Other,Normal,Email Frontline,A3001,0,3.0,6999.0,GW-OTHER,N,"to the vrieo customer care team,

i am writing with reference to my order of my srtata 3 headphones placed on septeber 30. please cancel, ordered by mistake. i hvae tried cancel button, greyed out. i request you to loook itno ths matter at the earliest.

regards,
tanvi pandey",issue: cancellation request | checked shipment status -> refund of rs 6999 initiated to source,helpdesk,6999.0,2025-10,2025Q4,Suresh Kaur,Chat Frontline,1,Indore,Night,VA-HP-ST3,1.0,6999.0,2025-09-30,ST3-2507-2,2650,6999,12,Strata 3 Over-Ear Headphones,True,False,2990,False,True,"to the vrieo customer care team,

i am writing with reference to my order of my srtata 3 headphones placed on septeber 30. please cancel, ordered by mistake. i hvae tried cancel button, greyed out. i request you to loook itno ths matter at the earliest.

regards,
tanvi pandey issue: cancellation request | checked shipment status -> refund of rs 6999 initiated to source",CANCEL,0.8284412901879012,True
TK-240691,2025-02-23 11:15:00,2025-02-23 18:57:00,2025-02-24 19:11:00,resolved,email,C101447,VR881383,VA-AC-CH65,Returns & Refunds,Normal,Returns Desk,A3036,0,,142400.0,GW-OTHER,N,"hello
where is the money for the return
your charger VR881383",Customer reached out - rfnd delay. Checked reverse pickup QC status. Refunded Rs 1424. Closing. (SOP 2.7),legacy_fd,1424.0,2025-02,2025Q1,Ritika D'Souza,Returns Desk,1,Indore,Day,VA-AC-CH65,1.0,1424.0,2025-02-09,CH65-2411-3,610,1499,6,65W GaN Charger,True,False,950,False,True,"hello
where is the money for the return
your charger VR881383 Customer reached out - rfnd delay. Checked reverse pickup QC status. Refunded Rs 1424. Closing. (SOP 2.7)",RETURN-QC-OK,0.8279742871958634,True
TK-241962,2025-05-03 15:59:00,2025-05-03 16:01:00,2025-05-03 16:15:00,resolved,chat,C103486,,VA-AC-CH65,Other,Low,Chat Frontline,A3015,0,,75000.0,GW-OTHER,N,"not what i expected from vireo. i bought your charger on 26-04-2025. change of mind, please stop the shipment. i already tried cancel button, greyed out. i want a replacement or refund, nothing else.",Full refund processed (750). Issue: cancel order. Checked shipment status. [closed],legacy_fd,750.0,2025-05,2025Q2,Sameer Jadhav,Chat Frontline,1,Bengaluru,Day,,,,,,610,1499,6,65W GaN Charger,True,False,950,False,True,"not what i expected from vireo. i bought your charger on 26-04-2025. change of mind, please stop the shipment. i already tried cancel button, greyed out. i want a replacement or refund, nothing else. Full refund processed (750). Issue: cancel order. Checked shipment status. [closed]",CANCEL,0.827905246055707,True
TK-249701,2026-01-31 22:43:00,2026-01-31 22:50:00,2026-01-31 23:21:00,resolved,chat,C108812,VR892652,VA-HP-ST3,Billing & Payments,Normal,Billing,A3032,0,3.0,6649.0,GW-OTHER,N,the page failed after i paid & now nothing shows in my account. vr892652. i want a replacement,"1. payment debited, no order
2. asked for utr
3. refund approved, rs 6649, 5-7 working days",helpdesk,6649.0,2026-01,2026Q1,Sneha Bansal,Billing,1,Indore,Morning,VA-HP-ST3,1.0,6649.0,2026-01-27,ST3-2601-2,2650,6999,12,Strata 3 Over-Ear Headphones,True,False,2990,False,True,"the page failed after i paid & now nothing shows in my account. vr892652. i want a replacement 1. payment debited, no order
2. asked for utr
3. refund approved, rs 6649, 5-7 working days",DUP-PAYMENT,0.8271775689835913,True
TK-253309,2026-05-23 21:04:00,2026-05-23 22:06:00,2026-05-23 22:27:00,resolved,social,C102934,VR903495,VA-EB-PL2,Billing & Payments,High,Billing,A3032,0,4.0,3499.0,GW-OTHER,N,"helo
payment weent through but i got no order id
??","1. payment debited, no order
2. confirmed with payment gateway
3. refund approved, rs 3499, 5-7 working days ~Sneha",helpdesk,3499.0,2026-05,2026Q2,Sneha Bansal,Billing,1,Indore,Morning,VA-EB-PL2,1.0,3499.0,2026-05-16,PL2-2602-4,1480,3499,12,Pulse 2 True Wireless Earbuds,True,False,1820,False,True,"helo
payment weent through but i got no order id
?? 1. payment debited, no order
2. confirmed with payment gateway
3. refund approved, rs 3499, 5-7 working days ~Sneha",DUP-PAYMENT,0.8271735409324433,True
TK-247610,2025-11-29 12:38:00,2025-11-29 14:13:00,2025-11-30 14:29:00,closed,email,C103797,VR891560,VA-EB-PL2,Returns & Refunds,Low,Returns Desk,A3036,0,,2974.0,GW-OTHER,N,"where is the money for the return
VR891560
please resolve asap",Refund confirmed credited. Issue: refund delay. Checked reverse pickup QC status. (SOP 3.1),helpdesk,2974.0,2025-11,2025Q4,Ritika D'Souza,Returns Desk,1,Indore,Day,VA-EB-PL2,1.0,2974.0,2025-10-31,PL2-2509-1,1480,3499,12,Pulse 2 True Wireless Earbuds,True,False,1820,False,True,"where is the money for the return
VR891560
please resolve asap Refund confirmed credited. Issue: refund delay. Checked reverse pickup QC status. (SOP 3.1)",RETURN-QC-OK,0.825947264694891,True
TK-248426,2025-12-22 11:22:00,2025-12-22 11:32:00,2025-12-22 11:44:00,resolved,chat,C107280,,VA-AC-CBL,Other,Normal,Chat Frontline,A3006,0,5.0,160.0,GW-OTHER,N,"ordered teh worng colour, don't ship it","refund approved, rs 160, 5-7 working days. issue: order cancellation. cancelled before dispatch. -VB",helpdesk,160.0,2025-12,2025Q4,Varun Bhatt,Chat Frontline,1,Bengaluru,Morning,,,,,,90,399,6,USB-C Braided Cable,True,False,430,False,False,"ordered teh worng colour, don't ship it refund approved, rs 160, 5-7 working days. issue: order cancellation. cancelled before dispatch. -VB",CANCEL,0.8259071285340117,True
TK-250255,2026-02-17 03:31:00,2026-02-17 03:31:00,2026-02-19 03:51:00,resolved,chat,C103527,VR893502,VA-HP-ST3,Returns & Refunds,Low,Returns Desk,A3038,0,,630.0,GW-OTHER,N,"where is the money for the return, VR893502, please advise","1. rfnd not credited
2. Checked rfnd status on PG
3. rfnd confirmed credited",helpdesk,630.0,2026-02,2026Q1,Ankit Dhillon,Returns Desk,1,Bengaluru,Morning,VA-HP-ST3,1.0,6299.0,2026-01-31,ST3-2511-4,2650,6999,12,Strata 3 Over-Ear Headphones,True,False,2990,False,True,"where is the money for the return, VR893502, please advise 1. rfnd not credited
2. Checked rfnd status on PG
3. rfnd confirmed credited",RETURN-QC-OK,0.8253596918108903,True
TK-251001,2026-03-11 20:07:00,2026-03-11 21:59:00,2026-03-11 22:09:00,resolved,social,C105077,VR887003,VA-EB-PL2,Billing & Payments,High,Billing,A3035,0,,3499.0,GW-OTHER,N,"Product: pulse 2 buds
Order: VR887003
Purchased: February 28
Issue: change of mind, please stop the shipment
Tried: tried cancel button, greyed out
Expected: fix",Cust contacted re cancel ord. Canceleld before dispatch. rffnd of Rs 3499 initiiated to source. Cx informed.,helpdesk,3499.0,2026-03,2026Q1,Dev Kulkarni,Billing,1,Bengaluru,Day,VA-EB-PL2,1.0,3499.0,2026-02-28,PL2-2511-4,1480,3499,12,Pulse 2 True Wireless Earbuds,True,False,1820,False,True,"Product: pulse 2 buds
Order: VR887003
Purchased: February 28
Issue: change of mind, please stop the shipment
Tried: tried cancel button, greyed out
Expected: fix Cust contacted re cancel ord. Canceleld before dispatch. rffnd of Rs 3499 initiiated to source. Cx informed.",CANCEL,0.8238864535939978,True
TK-240879,2025-03-05 22:26:00,2025-03-05 22:33:00,2025-03-06 23:07:00,resolved,chat,C105344,,VA-SW-FIT,Returns & Refunds,Normal,Returns Desk,A3038,0,,1799.0,GW-OTHER,N,"hii
you picked up the item 5 days ago and my money hasn't come back","1. Refund delay
2. chk refund status on PG
3. Refund reprocessed",helpdesk,1799.0,2025-03,2025Q1,Ankit Dhillon,Returns Desk,1,Bengaluru,Morning,,,,,,850,1999,12,Nexa Fit Band,True,False,1190,False,True,"hii
you picked up the item 5 days ago and my money hasn't come back 1. Refund delay
2. chk refund status on PG
3. Refund reprocessed",RETURN-QC-OK,0.8237803205306335,True
TK-247487,2025-11-26 15:37:00,2025-11-26 15:42:00,2025-11-28 16:06:00,resolved,chat,C107689,VR891006,VA-EB-PL2,Returns & Refunds,Normal,Returns Desk,A3036,0,,3499.0,GW-OTHER,N,"hello
refund was promised 5 days ago & nothing
help",cx: refund pending | checked reverse pickup qc status -> refund of rs 3499 initiated to source,helpdesk,3499.0,2025-11,2025Q4,Ritika D'Souza,Returns Desk,1,Indore,Day,VA-EB-PL2,1.0,3499.0,2025-11-10,PL2-2508-4,1480,3499,12,Pulse 2 True Wireless Earbuds,True,False,1820,False,True,"hello
refund was promised 5 days ago & nothing
help cx: refund pending | checked reverse pickup qc status -> refund of rs 3499 initiated to source",RETURN-QC-OK,0.8232362728621819,True
TK-251955,2026-04-07 20:10:00,2026-04-07 20:12:00,2026-04-07 20:52:00,resolved,chat,C101654,,VA-EB-PL1,Billing & Payments,Normal,Billing,A3035,0,3.0,2499.0,GW-OTHER,N,"helo
upi shows success, your app shows nothing
my pulse
??","Ticket raised for payment debited, no ord. chk PG dashboard for txn. Refund approved, Rs 2499, 5-7 working days. Follow-up not required.",helpdesk,2499.0,2026-04,2026Q2,Dev Kulkarni,Billing,1,Bengaluru,Day,,,,,,1120,2499,12,Pulse True Wireless Earbuds,True,False,1460,False,True,"helo
upi shows success, your app shows nothing
my pulse
?? Ticket raised for payment debited, no ord. chk PG dashboard for txn. Refund approved, Rs 2499, 5-7 working days. Follow-up not required.",DUP-PAYMENT,0.8227013250005881,True
TK-241711,2025-04-19 10:06:00,2025-04-19 11:12:00,2025-04-19 11:35:00,resolved,voice,C106946,,VA-HP-ST3,Billing & Payments,Normal,Billing,A3033,0,,629900.0,GW-OTHER,N,[IVR transcript] double payment deducted,"1. duplicate payment
2. checked pg for duplicate txn
3. full refund processed (6299)",legacy_fd,6299.0,2025-04,2025Q2,Vikram Banerjee,Billing,1,Bengaluru,Morning,,,,,,2650,6999,12,Strata 3 Over-Ear Headphones,True,False,2990,False,True,"[IVR transcript] double payment deducted 1. duplicate payment
2. checked pg for duplicate txn
3. full refund processed (6299)",DUP-PAYMENT,0.821868844182448,True
TK-247232,2025-11-20 13:45:00,2025-11-20 13:50:00,2025-11-21 15:39:00,resolved,social,C106918,,VA-SW-NX1,Warranty & Repair,High,Escalations & Warranty,A3039,0,,4249.0,GW-OTHER,N,there's a dent on the case straight out of the box,"re: damaged in transit | photos received, damage confirmed -> refund initiated (sop 2.7) -- full refund issued and replacement dispatched as goodwill. ~Reyansh",helpdesk,4249.0,2025-11,2025Q4,Reyansh Mishra,Escalations & Warranty,2,Bengaluru,Morning,,,,,,1900,4999,12,Nexa Smartwatch,True,False,2240,False,True,"there's a dent on the case straight out of the box re: damaged in transit | photos received, damage confirmed -> refund initiated (sop 2.7) -- full refund issued and replacement dispatched as goodwill. ~Reyansh",DOA-REPL,0.821192753556975,True
TK-244844,2025-09-13 21:27:00,2025-09-13 22:09:00,2025-09-13 22:20:00,resolved,voice,C101608,VR884919,VA-SW-NX2,Other,Low,Voice Frontline,A3003,0,4.0,617400.0,GW-OTHER,N,"[IVR transcript] Pathetic experience honestly. Ordered my Nexa 2 watch 3 weeks back. cancel order VR884919. I ALREADY TRIED CANCEL BUTTON, GREYED OUT. I want a replacement or refund, nothing else.","1. Cancel order
2. Cancelled before dispatch
3. Refunded Rs 6174 (SOP 2.7) -KS",legacy_fd,6174.0,2025-09,2025Q3,Komal Singh,Chat Frontline,1,Indore,Night,VA-SW-NX2,1.0,6174.0,2025-09-03,NX2-2507-4,2450,6499,12,Nexa 2 Smartwatch,True,False,2790,False,True,"[IVR transcript] Pathetic experience honestly. Ordered my Nexa 2 watch 3 weeks back. cancel order VR884919. I ALREADY TRIED CANCEL BUTTON, GREYED OUT. I want a replacement or refund, nothing else. 1. Cancel order
2. Cancelled before dispatch
3. Refunded Rs 6174 (SOP 2.7) -KS",CANCEL,0.8210580342821452,True
TK-251017,2026-03-12 11:44:00,2026-03-12 12:18:00,2026-03-12 12:34:00,resolved,voice,C102313,VR882209,VA-SW-NX2,Billing & Payments,Normal,Billing,A3032,0,3.0,520.0,GW-OTHER,N,[IVR transcript] bhai money debited but order not showing ??,"1. payment debited, no order
2. chk pg dashboard for txn
3. refunded rs 520",helpdesk,520.0,2026-03,2026Q1,Sneha Bansal,Billing,1,Indore,Morning,VA-SW-NX2,1.0,5199.0,2026-03-02,NX2-2601-1,2450,6499,12,Nexa 2 Smartwatch,True,False,2790,False,True,"[IVR transcript] bhai money debited but order not showing ?? 1. payment debited, no order
2. chk pg dashboard for txn
3. refunded rs 520",DUP-PAYMENT,0.8207677804602362,True
TK-246936,2025-11-12 15:15:00,2025-11-12 18:07:00,2025-11-12 18:38:00,resolved,email,C100182,VR903593,VA-EB-PL1,Billing & Payments,High,Billing,A3035,0,,375.0,GW-OTHER,N,"team,
payment was deducted but no order was created
my pulse VR903593","cx states paymetn debited, no order. Asked for UTR. Auto-rfnd conf within 5-7 days. Closing.",helpdesk,375.0,2025-11,2025Q4,Dev Kulkarni,Billing,1,Bengaluru,Day,VA-EB-PL1,1.0,2499.0,2025-10-30,PL1-2508-1,1120,2499,12,Pulse True Wireless Earbuds,True,False,1460,False,False,"team,
payment was deducted but no order was created
my pulse VR903593 cx states paymetn debited, no order. Asked for UTR. Auto-rfnd conf within 5-7 days. Closing.",DUP-PAYMENT,0.8207554990477895,True
TK-249811,2026-02-04 11:06:00,2026-02-04 11:06:00,2026-02-04 11:35:00,closed,chat,C103935,VR881716,VA-EB-AIR,Delivery & Shipping,High,Logistics,A3027,0,5.0,1799.0,GW-OTHER,N,"helo
received damaged product
airlite VR881716","rplc dispatched. Issue: transit damage. Photos received, damage confirmed.",helpdesk,1799.0,2026-02,2026Q1,Priya Agarwal,Logistics,1,Indore,Morning,VA-EB-AIR,1.0,1799.0,2026-01-29,AIR-2510-2,760,1799,12,AirLite Earbuds,True,False,1100,False,True,"helo
received damaged product
airlite VR881716 rplc dispatched. Issue: transit damage. Photos received, damage confirmed.",DOA-REPL,0.8206615290718654,True
TK-243496,2025-07-23 11:43:00,2025-07-23 17:26:00,2025-07-23 17:48:00,resolved,email,C101694,VR892644,VA-EB-PL1,Delivery & Shipping,Normal,Logistics,A3030,0,,224900.0,GW-OTHER,N,"Product: my Pulse
Order: VR892644
Purchased: 15/07
Issue: my order has not been delivered yet
Tried: checked the tracking page daily
Expected: resolution","1. Order not delivered
2. Raised ticket with courier partner
3. Refund initiated as lost in transit //AIS",legacy_fd,2249.0,2025-07,2025Q3,Aishwarya Trivedi,Logistics,1,Indore,Day,VA-EB-PL1,1.0,2249.0,2025-07-15,PL1-2506-3,1120,2499,12,Pulse True Wireless Earbuds,True,False,1460,False,True,"Product: my Pulse
Order: VR892644
Purchased: 15/07
Issue: my order has not been delivered yet
Tried: checked the tracking page daily
Expected: resolution 1. Order not delivered
2. Raised ticket with courier partner
3. Refund initiated as lost in transit //AIS",LOST-TRANSIT,0.8205267969447221,True
TK-244840,2025-09-13 20:34:00,2025-09-13 21:24:00,2025-09-13 21:34:00,resolved,chat,C101688,,VA-EB-PL2,Other,Normal,Chat Frontline,A3014,0,,2974.0,GW-OTHER,N,"dear sir/madam,

i am writing with reference to my order of the pulse 2 earbuds placed on 05-09-2025. please cancel, ordered by mistake. i have tried cancel button, greyed out. i request you to provide a resolution within 3 working days.

sincerely,
swati rathore
mumbai","Refund approved, Rs 2974, 5-7 wroking days. Issue: cancellation request. Cancelled before dispatch. -AD",helpdesk,2974.0,2025-09,2025Q3,Anjali D'Souza,Chat Frontline,1,Bengaluru,Day,,,,,,1480,3499,12,Pulse 2 True Wireless Earbuds,True,False,1820,False,True,"dear sir/madam,

i am writing with reference to my order of the pulse 2 earbuds placed on 05-09-2025. please cancel, ordered by mistake. i have tried cancel button, greyed out. i request you to provide a resolution within 3 working days.

sincerely,
swati rathore
mumbai Refund approved, Rs 2974, 5-7 wroking days. Issue: cancellation request. Cancelled before dispatch. -AD",CANCEL,0.8198622623302663,True
TK-248849,2026-01-04 00:00:00,2026-01-04 00:07:00,2026-01-04 00:28:00,resolved,chat,C107129,VR891083,VA-EB-PL2,Delivery & Shipping,Normal,Logistics,A3031,0,,3499.0,GW-OTHER,N,"sir ji
order not delivered, tracking not updating
please jaldi",Refunded Rs 3499. Issue: order not delivered. Checked AWB with courier.,helpdesk,3499.0,2026-01,2026Q1,Zaid Desai,Logistics,1,Indore,Morning,VA-EB-PL2,1.0,3499.0,2025-12-27,PL2-2510-2,1480,3499,12,Pulse 2 True Wireless Earbuds,True,False,1820,False,True,"sir ji
order not delivered, tracking not updating
please jaldi Refunded Rs 3499. Issue: order not delivered. Checked AWB with courier.",LOST-TRANSIT,0.8189793464535313,True
TK-244010,2025-08-11 16:38:00,2025-08-11 17:42:00,2025-08-13 18:01:00,resolved,social,C107982,,VA-SP-MINI,Returns & Refunds,High,Returns Desk,A3006,2,3.0,237400.0,GW-OTHER,N,still waiting for my refund,arn shared with cx. issue: refund not credited. checked reverse pickup qc status. via chat frontline. -VB,legacy_fd,2374.0,2025-08,2025Q3,Varun Bhatt,Chat Frontline,1,Bengaluru,Morning,,,,,,980,2499,12,Orbit Mini Speaker,True,False,1320,False,True,still waiting for my refund arn shared with cx. issue: refund not credited. checked reverse pickup qc status. via chat frontline. -VB,RETURN-QC-OK,0.8184594586929114,True
TK-252414,2026-04-24 08:14:00,2026-04-24 08:29:00,2026-04-24 09:07:00,resolved,voice,C102094,VR887667,VA-SW-NX2,Billing & Payments,Normal,Billing,A3033,0,,6499.0,GW-OTHER,N,"hello vireo,
this is regarding my nexa 2 watch. my bank says rs 1799 went to you but your site says i have no orders.
i waited 24 hours. nothing changed.
kindly look into it.
rgds lakshmi srivastava","1. amount deducted without order
2. confirmed with payment gateway
3. order manually created",helpdesk,6499.0,2026-04,2026Q2,Vikram Banerjee,Billing,1,Bengaluru,Morning,VA-SW-NX2,1.0,6499.0,2026-04-16,NX2-2603-1,2450,6499,12,Nexa 2 Smartwatch,True,False,2790,False,True,"hello vireo,
this is regarding my nexa 2 watch. my bank says rs 1799 went to you but your site says i have no orders.
i waited 24 hours. nothing changed.
kindly look into it.
rgds lakshmi srivastava 1. amount deducted without order
2. confirmed with payment gateway
3. order manually created",DUP-PAYMENT,0.8181925957262357,True
TK-248485,2025-12-23 22:51:00,2025-12-23 22:51:00,2025-12-23 23:02:00,resolved,chat,C101612,,VA-EB-PL2,Delivery & Shipping,Normal,Logistics,A3033,1,,350.0,GW-OTHER,N,my order has not been delivered yet,"1. shipment not rcvd
2. raised ticket with courier partner
3. xfer to billing
4. refund of rs 350 initiated to source",helpdesk,350.0,2025-12,2025Q4,Vikram Banerjee,Billing,1,Bengaluru,Morning,,,,,,1480,3499,12,Pulse 2 True Wireless Earbuds,True,False,1820,False,False,"my order has not been delivered yet 1. shipment not rcvd
2. raised ticket with courier partner
3. xfer to billing
4. refund of rs 350 initiated to source",LOST-TRANSIT,0.8178775225826889,True
TK-250588,2026-02-26 12:17:00,2026-02-26 13:00:00,2026-02-26 13:35:00,resolved,social,C104626,VR883603,VA-EB-PL2,Other,Normal,Chat Frontline,A3007,0,,332.0,GW-OTHER,N,"product: pulse 2 buds
order: vr883603
purchased: 14/02
issue: upi shows success, your app shows nothing
tried: checked bank statement
expected: replacement","1. payment debited, no ord
2. chk pg dashboard for txn
3. rfnd of rs 332 initiated to source",helpdesk,332.0,2026-02,2026Q1,Abhishek Gupta,Chat Frontline,1,Indore,Morning,VA-EB-PL2,1.0,3324.0,2026-02-14,PL2-2601-1,1480,3499,12,Pulse 2 True Wireless Earbuds,True,False,1820,False,False,"product: pulse 2 buds
order: vr883603
purchased: 14/02
issue: upi shows success, your app shows nothing
tried: checked bank statement
expected: replacement 1. payment debited, no ord
2. chk pg dashboard for txn
3. rfnd of rs 332 initiated to source",DUP-PAYMENT,0.8178720863697726,True
TK-250008,2026-02-09 10:57:00,2026-02-09 11:58:00,2026-02-09 12:21:00,resolved,voice,C103982,VR896388,VA-EB-PL2,Returns & Refunds,High,Returns Desk,A3038,0,,3499.0,GW-OTHER,N,where is the money for the return - need this sorted this week,"Cx reported refund not credited. Checked reverse pkp QC status. Refund of Rs 3499 initiated to source. Offered replacement, cx preferred refund. Refund processed.",helpdesk,3499.0,2026-02,2026Q1,Ankit Dhillon,Returns Desk,1,Bengaluru,Morning,VA-EB-PL2,1.0,3499.0,2026-01-24,PL2-2511-4,1480,3499,12,Pulse 2 True Wireless Earbuds,True,False,1820,False,True,"where is the money for the return - need this sorted this week Cx reported refund not credited. Checked reverse pkp QC status. Refund of Rs 3499 initiated to source. Offered replacement, cx preferred refund. Refund processed.",RETURN-QC-OK,0.8168002080924492,True
TK-245750,2025-10-13 09:46:00,2025-10-13 09:54:00,2025-10-13 10:07:00,resolved,voice,C106772,VR909479,VA-EB-PL2,Other,Normal,Voice Frontline,A3023,0,5.0,6998.0,GW-OTHER,N,"[IVR transcript] pathetic experience honestly. pulse 2 purchased around diwali, order vr909479. my son ordered this without asking, please reverse. i already tried cancel button, greyed out. refund. now.","cx says ord cancellation. checked shipment status. rfeund approved, rs 6998, 5-7 working days. -RG",helpdesk,6998.0,2025-10,2025Q4,Ritika Gaikwad,Voice Frontline,1,Bengaluru,Morning,VA-EB-PL2,2.0,6998.0,2025-10-09,PL2-2509-4,1480,3499,12,Pulse 2 True Wireless Earbuds,True,False,1820,False,True,"[IVR transcript] pathetic experience honestly. pulse 2 purchased around diwali, order vr909479. my son ordered this without asking, please reverse. i already tried cancel button, greyed out. refund. now. cx says ord cancellation. checked shipment status. rfeund approved, rs 6998, 5-7 working days. -RG",CANCEL,0.8163263554635929,True
TK-243657,2025-07-29 09:28:00,2025-07-29 09:47:00,2025-07-29 10:15:00,resolved,voice,C105636,VR897206,VA-SW-NX1,Billing & Payments,Normal,Billing,A3033,0,3.0,75000.0,GW-OTHER,N,[IVR transcript] my bank shows the same amount twice on the same day - VR897206,"1. charged twice
2. checked pg for duplicate txn
3. rfnd approved, rs 750, 5-7 working days",legacy_fd,750.0,2025-07,2025Q3,Vikram Banerjee,Billing,1,Bengaluru,Morning,VA-SW-NX1,1.0,4999.0,2025-07-25,NX1-2504-1,1900,4999,12,Nexa Smartwatch,True,False,2240,False,True,"[IVR transcript] my bank shows the same amount twice on the same day - VR897206 1. charged twice
2. checked pg for duplicate txn
3. rfnd approved, rs 750, 5-7 working days",DUP-PAYMENT,0.8159487029447682,True
TK-241676,2025-04-17 15:51:00,2025-04-17 15:57:00,2025-04-19 16:09:00,resolved,chat,C107534,VR908044,VA-SW-NX2,Returns & Refunds,Normal,Returns Desk,A3036,0,4.0,130000.0,GW-OTHER,N,where is the money for the return - waiting for your reply,"re: refund delay | checked reverse pickup qc sttaus -> refund approved, rs 1300, 5-7 working days (SOP 3.1)",legacy_fd,1300.0,2025-04,2025Q2,Ritika D'Souza,Returns Desk,1,Indore,Day,VA-SW-NX2,1.0,6499.0,2025-04-04,NX2-2502-2,2450,6499,12,Nexa 2 Smartwatch,True,False,2790,False,True,"where is the money for the return - waiting for your reply re: refund delay | checked reverse pickup qc sttaus -> refund approved, rs 1300, 5-7 working days (SOP 3.1)",RETURN-QC-OK,0.8157777282319438,True
TK-241155,2025-03-22 20:53:00,2025-03-22 20:55:00,2025-03-22 21:15:00,resolved,chat,C102984,,VA-SW-FIT,Other,Normal,Chat Frontline,A3014,0,,159900.0,GW-OTHER,N,"Der Sir/Madam,

I am writing with reference to my order of teh fit band placed on March 17. Want to cancel my order. I have tried cancel button, greyed out. I request u to look into this mattter at the earliest.

Yours faithfully,
Thmoas Pillai",rfnd of Rs 1599 initiated to source. Issue: ord cancellation. chk shipment status.,legacy_fd,1599.0,2025-03,2025Q1,Anjali D'Souza,Chat Frontline,1,Bengaluru,Day,,,,,,850,1999,12,Nexa Fit Band,True,False,1190,False,True,"Der Sir/Madam,

I am writing with reference to my order of teh fit band placed on March 17. Want to cancel my order. I have tried cancel button, greyed out. I request u to look into this mattter at the earliest.

Yours faithfully,
Thmoas Pillai rfnd of Rs 1599 initiated to source. Issue: ord cancellation. chk shipment status.",CANCEL,0.8149965340025002,True
TK-246601,2025-11-04 02:27:00,2025-11-04 02:30:00,,open,chat,C107526,VR907826,VA-SP-MINI,Billing & Payments,High,Billing,A3033,0,4.0,1187.0,GW-OTHER,N,"hey
payment went through but i got no order id
the mini speaker VR907826
anyone there","1. amount deducted without ord
2. chk pg dashboard for txn
3. full rfnd processed (1187)",helpdesk,1187.0,2025-11,2025Q4,Vikram Banerjee,Billing,1,Bengaluru,Morning,VA-SP-MINI,1.0,2374.0,2025-10-21,MINI-2508-4,980,2499,12,Orbit Mini Speaker,True,False,1320,False,True,"hey
payment went through but i got no order id
the mini speaker VR907826
anyone there 1. amount deducted without ord
2. chk pg dashboard for txn
3. full rfnd processed (1187)",DUP-PAYMENT,0.8145326012181394,True
TK-250922,2026-03-09 08:40:00,2026-03-09 08:41:00,2026-03-09 09:00:00,resolved,chat,C105539,,VA-SP-ORB,Other,High,Chat Frontline,A3006,0,,2160.0,GW-OTHER,N,money debited but order not showing,"auto-refund confirmed within 5-7 days. issue: payment debited, no order. checked pg dashboard for txn. -VB",helpdesk,2160.0,2026-03,2026Q1,Varun Bhatt,Chat Frontline,1,Bengaluru,Morning,,,,,,2300,5999,12,Orbit Smart Speaker,True,False,2640,False,True,"money debited but order not showing auto-refund confirmed within 5-7 days. issue: payment debited, no order. checked pg dashboard for txn. -VB",DUP-PAYMENT,0.8141017534257645,True
TK-246354,2025-10-28 17:20:00,2025-10-28 18:06:00,2025-10-28 18:27:00,resolved,email,C108638,,VA-EB-PL2,Returns & Refunds,Normal,Returns Desk,A3036,0,4.0,2799.0,GW-OTHER,N,refund not received yet,"Customer reached out - refund delay. chk reverse pickup QC status. Refund approved, Rs 2799, 5-7 working days. Closing.",helpdesk,2799.0,2025-10,2025Q4,Ritika D'Souza,Returns Desk,1,Indore,Day,,,,,,1480,3499,12,Pulse 2 True Wireless Earbuds,True,False,1820,False,True,"refund not received yet Customer reached out - refund delay. chk reverse pickup QC status. Refund approved, Rs 2799, 5-7 working days. Closing.",RETURN-QC-OK,0.8136077394829799,True
TK-253354,2026-05-25 08:57:00,2026-05-25 10:50:00,2026-05-26 11:10:00,resolved,email,C102979,VR898330,VA-EB-PL2,Returns & Refunds,Normal,Returns Desk,A3038,0,3.0,3499.0,GW-OTHER,N,you picked up the itme 14 days ago and my money hasn't come back,"1. Refund pending
2. Checked reverse pickup QC status
3. Refunded Rs 3499.
rfnd issued; rplc not applicable (out of stock).",helpdesk,3499.0,2026-05,2026Q2,Ankit Dhillon,Returns Desk,1,Bengaluru,Morning,VA-EB-PL2,1.0,3499.0,2026-04-27,PL2-2603-1,1480,3499,12,Pulse 2 True Wireless Earbuds,True,False,1820,False,True,"you picked up the itme 14 days ago and my money hasn't come back 1. Refund pending
2. Checked reverse pickup QC status
3. Refunded Rs 3499.
rfnd issued; rplc not applicable (out of stock).",RETURN-QC-OK,0.8129604198041198,True
TK-246415,2025-10-30 12:05:00,2025-10-30 14:42:00,2025-10-30 15:12:00,closed,email,C103719,,VA-EB-PL2,Billing & Payments,High,Billing,A3035,0,,3149.0,GW-OTHER,N,"Product: my Pulse 2
Order: VR884731
Purchased: October 16
Issue: payment was deducted but no order was created
Tried: waited 24 hours
Expected: fix",Contact re failed ord after payment. Asked for UTR. Full rfnd processed (3149). Cx informed.,helpdesk,3149.0,2025-10,2025Q4,Dev Kulkarni,Billing,1,Bengaluru,Day,,,,,,1480,3499,12,Pulse 2 True Wireless Earbuds,True,False,1820,False,True,"Product: my Pulse 2
Order: VR884731
Purchased: October 16
Issue: payment was deducted but no order was created
Tried: waited 24 hours
Expected: fix Contact re failed ord after payment. Asked for UTR. Full rfnd processed (3149). Cx informed.",DUP-PAYMENT,0.811761911911329,True
TK-244845,2025-09-13 23:35:00,2025-09-14 06:00:00,2025-09-15 06:26:00,resolved,email,C108879,VR907682,VA-EB-PL2,Returns & Refunds,Normal,Returns Desk,A3038,0,,297400.0,GW-OTHER,N,"refund not received yet
vr907682
please resolve asap","1. Refund not credited
2. Checked reverse pickup QC status
3. Refunded Rs 2974",legacy_fd,2974.0,2025-09,2025Q3,Ankit Dhillon,Returns Desk,1,Bengaluru,Morning,VA-EB-PL2,1.0,2974.0,2025-08-20,PL2-2506-3,1480,3499,12,Pulse 2 True Wireless Earbuds,True,False,1820,False,True,"refund not received yet
vr907682
please resolve asap 1. Refund not credited
2. Checked reverse pickup QC status
3. Refunded Rs 2974",RETURN-QC-OK,0.8113911868341301,True
TK-241243,2025-03-27 13:50:00,2025-03-27 13:54:00,2025-03-27 14:26:00,resolved,chat,C109424,,VA-EB-AIR,Billing & Payments,Normal,Billing,A3033,0,5.0,1799.0,GW-OTHER,N,"deaar sir/madam, got airlite earbuds from flipkart 2 weeks ago. upi shows success, your app shows nothing. i wated 24 hours. please advise. thank you","1. payment debited, no order
2. asked for utr
3. refund approved, rs 1799, 5-7 working days",helpdesk,1799.0,2025-03,2025Q1,Vikram Banerjee,Billing,1,Bengaluru,Morning,,,,,,760,1799,12,AirLite Earbuds,True,False,1100,False,True,"deaar sir/madam, got airlite earbuds from flipkart 2 weeks ago. upi shows success, your app shows nothing. i wated 24 hours. please advise. thank you 1. payment debited, no order
2. asked for utr
3. refund approved, rs 1799, 5-7 working days",DUP-PAYMENT,0.8087206362661861,True
TK-241003,2025-03-13 19:28:00,2025-03-13 20:20:00,2025-03-13 20:43:00,resolved,email,C103627,VR897241,VA-EB-AIR,Billing & Payments,High,Billing,A3035,0,,16200.0,GW-OTHER,N,my bank says Rs 2499 went to you but your site says I have no orders. VR897241. please call me on my registered number,Cust contacted re amount deducted without order. conf w/ payment gateway. Refunded Rs 162. Follow-up not required.,legacy_fd,162.0,2025-03,2025Q1,Dev Kulkarni,Billing,1,Bengaluru,Day,VA-EB-AIR,1.0,1619.0,2024-12-14,AIR-2409-3,760,1799,12,AirLite Earbuds,True,False,1100,False,False,my bank says Rs 2499 went to you but your site says I have no orders. VR897241. please call me on my registered number Cust contacted re amount deducted without order. conf w/ payment gateway. Refunded Rs 162. Follow-up not required.,DUP-PAYMENT,0.8082490422725552,True
TK-246313,2025-10-27 18:56:00,2025-10-27 19:12:00,2025-10-27 19:37:00,resolved,voice,C100706,,VA-SW-NX1,Billing & Payments,Normal,Billing,A3035,0,,9998.0,GW-OTHER,N,[IVR transcript] payment was deducted but no order was created. i want a replacement,"issue: payment debited, no ord | confirmed w/ payment gatway -> full rfnd processed (9998)",helpdesk,9998.0,2025-10,2025Q4,Dev Kulkarni,Billing,1,Bengaluru,Day,,,,,,1900,4999,12,Nexa Smartwatch,True,False,2240,False,True,"[IVR transcript] payment was deducted but no order was created. i want a replacement issue: payment debited, no ord | confirmed w/ payment gatway -> full rfnd processed (9998)",DUP-PAYMENT,0.8073926384934019,True
TK-242510,2025-06-01 12:41:00,2025-06-01 12:49:00,2025-06-03 13:08:00,resolved,chat,C105350,VR902827,VA-SW-NX2,Delivery & Shipping,Normal,Logistics,A3028,0,3.0,584900.0,GW-OTHER,N,"hi
order not delivered, tracking not updating
help","re: ord not delivered | checked awb with courier -> rfnd approved, rs 5849, 5-7 working dyas",legacy_fd,5849.0,2025-06,2025Q2,Sameer Kapoor,Logistics,1,Indore,Morning,VA-SW-NX2,1.0,5849.0,2025-05-24,NX2-2503-4,2450,6499,12,Nexa 2 Smartwatch,True,False,2790,False,True,"hi
order not delivered, tracking not updating
help re: ord not delivered | checked awb with courier -> rfnd approved, rs 5849, 5-7 working dyas",LOST-TRANSIT,0.8071380217804172,True
TK-243965,2025-08-10 04:19:00,2025-08-10 04:24:00,2025-08-11 04:52:00,resolved,chat,C106351,VR880697,VA-SP-MINI,Returns & Refunds,Normal,Returns Desk,A3038,0,,2499.0,GW-OTHER,N,"you picked up the item 14 days ago & my money hasn't come back, vr880697","1. rfnd delay
2. Checked reverse pickup QC status
3. ARN shared with cx",helpdesk,2499.0,2025-08,2025Q3,Ankit Dhillon,Returns Desk,1,Bengaluru,Morning,VA-SP-MINI,1.0,2499.0,2025-07-19,MINI-2505-3,980,2499,12,Orbit Mini Speaker,True,False,1320,False,True,"you picked up the item 14 days ago & my money hasn't come back, vr880697 1. rfnd delay
2. Checked reverse pickup QC status
3. ARN shared with cx",RETURN-QC-OK,0.8066432696036886,True
TK-251282,2026-03-20 08:09:00,2026-03-20 08:11:00,2026-03-22 08:38:00,resolved,chat,C104616,VR897179,VA-AC-CASE,Returns & Refunds,Normal,Returns Desk,A3038,0,,110.0,GW-OTHER,N,"Hello, This is regarding spare case.  The return was accepted but the amount is nowhere in my account. I checked bank. Need this sorted this week. Regards Rohan George",issue: refund pending | checked reverse pickup qc status -> refunded rs 110,helpdesk,110.0,2026-03,2026Q1,Ankit Dhillon,Returns Desk,1,Bengaluru,Morning,VA-AC-CASE,1.0,1104.0,2026-03-15,CASE-2512-3,620,1299,6,Pulse Charging Case (spare),True,False,960,False,False,"Hello, This is regarding spare case.  The return was accepted but the amount is nowhere in my account. I checked bank. Need this sorted this week. Regards Rohan George issue: refund pending | checked reverse pickup qc status -> refunded rs 110",RETURN-QC-OK,0.8059660404647009,True
TK-247981,2025-12-08 15:37:00,2025-12-08 23:36:00,2025-12-09 00:14:00,closed,email,C105818,VR885236,VA-SW-NX1,Billing & Payments,Normal,Billing,A3032,0,2.0,4999.0,GW-OTHER,N,"two entries of rs 3499 on my statement for one pair of eaarbuds
vr885236
need this sorted this week","1. duplicate payment
2. checked pg for duplicate txn
3. refunded rs 4999 ~Sneha",helpdesk,4999.0,2025-12,2025Q4,Sneha Bansal,Billing,1,Indore,Morning,VA-SW-NX1,1.0,4999.0,2025-11-30,NX1-2510-4,1900,4999,12,Nexa Smartwatch,True,False,2240,False,True,"two entries of rs 3499 on my statement for one pair of eaarbuds
vr885236
need this sorted this week 1. duplicate payment
2. checked pg for duplicate txn
3. refunded rs 4999 ~Sneha",DUP-PAYMENT,0.8059230145710792,True
TK-245607,2025-10-08 17:03:00,2025-10-08 17:22:00,2025-10-08 17:52:00,resolved,chat,C101226,VR895888,VA-EB-PL2,Returns & Refunds,Normal,Returns Desk,A3036,0,2.0,3499.0,GW-OTHER,N,"hey
the return was accepted but the amount is nowhere in my account",Customer states refud not credited. chk reverse pkp QC status. Refund reprocessed. Cx satisfied on chat. (SOP 4.2),helpdesk,3499.0,2025-10,2025Q4,Ritika D'Souza,Returns Desk,1,Indore,Day,VA-EB-PL2,1.0,3499.0,2025-09-28,PL2-2508-2,1480,3499,12,Pulse 2 True Wireless Earbuds,True,False,1820,False,True,"hey
the return was accepted but the amount is nowhere in my account Customer states refud not credited. chk reverse pkp QC status. Refund reprocessed. Cx satisfied on chat. (SOP 4.2)",RETURN-QC-OK,0.8058578312988861,True
TK-241156,2025-03-22 20:57:00,2025-03-22 22:56:00,2025-03-22 23:16:00,resolved,email,C106144,,VA-EB-AIR,Billing & Payments,Normal,Billing,A3033,0,,179900.0,GW-OTHER,N,"product: the airlite buds
order: vr898251
purchased: 11 feb
issue: payment was deducted but no order was created
tried: checked bank statement
expected: callback","contact re amount deducted without order. checked pg dashboard for txn. refund approved, rs 1799, 5-7 working days.",legacy_fd,1799.0,2025-03,2025Q1,Vikram Banerjee,Billing,1,Bengaluru,Morning,,,,,,760,1799,12,AirLite Earbuds,True,False,1100,False,True,"product: the airlite buds
order: vr898251
purchased: 11 feb
issue: payment was deducted but no order was created
tried: checked bank statement
expected: callback contact re amount deducted without order. checked pg dashboard for txn. refund approved, rs 1799, 5-7 working days.",DUP-PAYMENT,0.8052283411363592,True
TK-246262,2025-10-26 11:08:00,2025-10-26 11:50:00,2025-10-26 12:07:00,resolved,email,C105666,VR899396,VA-EB-PL2,Delivery & Shipping,Normal,Logistics,A3029,0,5.0,2799.0,GW-OTHER,N,"Dear Sir/Madam,

I am wriiting with reference to my oder of the Pulse 2 earbuds (VR899396) placed on October 13.  Change of mind, please stop the shipment. I have tried cancel button, greyed out. I requeest you to process a refund to my original paymnet method.

Regards,
Ramesh Bose",refund of rs 2799 initiated to source. issue: cancellation request. checked shipment status. -RM,helpdesk,2799.0,2025-10,2025Q4,Rajat Mukherjee,Logistics,1,Bengaluru,Morning,VA-EB-PL2,1.0,2799.0,2025-10-13,PL2-2508-1,1480,3499,12,Pulse 2 True Wireless Earbuds,True,False,1820,False,True,"Dear Sir/Madam,

I am wriiting with reference to my oder of the Pulse 2 earbuds (VR899396) placed on October 13.  Change of mind, please stop the shipment. I have tried cancel button, greyed out. I requeest you to process a refund to my original paymnet method.

Regards,
Ramesh Bose refund of rs 2799 initiated to source. issue: cancellation request. checked shipment status. -RM",CANCEL,0.8051590770718031,True
TK-241768,2025-04-22 21:20:00,2025-04-22 21:28:00,2025-04-23 21:53:00,closed,chat,C108752,VR880409,VA-EB-AIR,Returns & Refunds,Normal,Returns Desk,A3036,0,,179900.0,GW-OTHER,N,refund was promised 11 days ago and nothing - VR880409,"Contaact re refund not credited. chk refund status on PG. Refund approved, Rs 1799, 5-7 working days. Closing. (SOP 2.7)",legacy_fd,1799.0,2025-04,2025Q2,Ritika D'Souza,Returns Desk,1,Indore,Day,VA-EB-AIR,1.0,1799.0,2025-04-18,AIR-2501-3,760,1799,12,AirLite Earbuds,True,False,1100,False,True,"refund was promised 11 days ago and nothing - VR880409 Contaact re refund not credited. chk refund status on PG. Refund approved, Rs 1799, 5-7 working days. Closing. (SOP 2.7)",RETURN-QC-OK,0.8047051316004196,True
TK-252335,2026-04-21 08:44:00,2026-04-22 02:26:00,2026-04-24 02:48:00,resolved,email,C105884,,VA-EB-PL2,Returns & Refunds,Normal,Returns Desk,A3037,0,,1050.0,GW-OTHER,N,"hi
refund not received yet
pulse2",arn shared with cx. issue: refund delay. chk reverse pickup qc status.,helpdesk,1050.0,2026-04,2026Q2,Manish Iyer,Returns Desk,1,Indore,Morning,,,,,,1480,3499,12,Pulse 2 True Wireless Earbuds,True,False,1820,False,True,"hi
refund not received yet
pulse2 arn shared with cx. issue: refund delay. chk reverse pickup qc status.",RETURN-QC-OK,0.8039203557643654,True
TK-247882,2025-12-06 09:34:00,2025-12-06 09:36:00,2025-12-06 09:48:00,resolved,chat,C108913,,VA-EB-PL2,Other,Normal,Chat Frontline,A3010,0,,2799.0,GW-OTHER,N,"Bought Pulse2 around 23/11 from vireo.in.  Canecl order. I tried cancel button, greyed out. Nothing changed. Please help. Regads Sunita Kapoor","cancel ord | chk shipment status -> cancelled, rfnd initiated ~Tenzin",helpdesk,2799.0,2025-12,2025Q4,Tenzin Mathew,Chat Frontline,1,Bengaluru,Morning,,,,,,1480,3499,12,Pulse 2 True Wireless Earbuds,True,False,1820,False,True,"Bought Pulse2 around 23/11 from vireo.in.  Canecl order. I tried cancel button, greyed out. Nothing changed. Please help. Regads Sunita Kapoor cancel ord | chk shipment status -> cancelled, rfnd initiated ~Tenzin",CANCEL,0.8031766804292587,True
TK-245582,2025-10-08 10:44:00,2025-10-08 10:45:00,2025-10-08 11:03:00,resolved,chat,C102556,VR897994,VA-EB-PL2,Other,Normal,Chat Frontline,A3010,0,,6648.0,GW-OTHER,N,"To the Vireo Customer Care Team,

I am writing with reference to my order of Pulse2 (VR897994) placed on 24 Sep. Cancel order VR897994. I have tried cancel button, greyed out. I request you to kindly arrange a replacement.

Yours faithfully,
Jaspreet Banerjee",Refund of Rs 6648 initiated to source. Issue: cancel ord. Cancelled before dispatch. ~Tenzin,helpdesk,6648.0,2025-10,2025Q4,Tenzin Mathew,Chat Frontline,1,Bengaluru,Morning,VA-EB-PL2,2.0,6648.0,2025-09-24,PL2-2508-3,1480,3499,12,Pulse 2 True Wireless Earbuds,True,False,1820,False,True,"To the Vireo Customer Care Team,

I am writing with reference to my order of Pulse2 (VR897994) placed on 24 Sep. Cancel order VR897994. I have tried cancel button, greyed out. I request you to kindly arrange a replacement.

Yours faithfully,
Jaspreet Banerjee Refund of Rs 6648 initiated to source. Issue: cancel ord. Cancelled before dispatch. ~Tenzin",CANCEL,0.8023013799245804,True
TK-248575,2025-12-26 14:57:00,2025-12-26 18:33:00,2025-12-26 19:00:00,resolved,email,C101593,VR886265,VA-EB-AIR,Billing & Payments,Normal,Billing,A3035,0,5.0,1799.0,GW-OTHER,N,"hii
payment was deducted but no order was created
airlite earbuds VR886265","Reported: failed ord affter payment. chk PG dashboard for txn. rfd approved, Rs 1799, 5-7 working days. Follow-up not required.",helpdesk,1799.0,2025-12,2025Q4,Dev Kulkarni,Billing,1,Bengaluru,Day,VA-EB-AIR,1.0,1799.0,2025-12-22,AIR-2509-1,760,1799,12,AirLite Earbuds,True,False,1100,False,True,"hii
payment was deducted but no order was created
airlite earbuds VR886265 Reported: failed ord affter payment. chk PG dashboard for txn. rfd approved, Rs 1799, 5-7 working days. Follow-up not required.",DUP-PAYMENT,0.8012839490143547,True
TK-247763,2025-12-03 09:14:00,2025-12-03 10:09:00,2025-12-04 10:23:00,resolved,voice,C108589,VR883623,VA-EB-PL2,Returns & Refunds,Normal,Returns Desk,A3038,0,2.0,525.0,GW-OTHER,N,"team,
you picked up the item 13 days ago and my money hasn't come back
urgent","1. Refund not credited
2. Checked refund status on PG
3. Refund confirmed credited",helpdesk,525.0,2025-12,2025Q4,Ankit Dhillon,Returns Desk,1,Bengaluru,Morning,VA-EB-PL2,1.0,3499.0,2025-11-17,PL2-2508-2,1480,3499,12,Pulse 2 True Wireless Earbuds,True,False,1820,False,True,"team,
you picked up the item 13 days ago and my money hasn't come back
urgent 1. Refund not credited
2. Checked refund status on PG
3. Refund confirmed credited",RETURN-QC-OK,0.8012276065655438,True
TK-248633,2025-12-28 13:15:00,2025-12-29 06:21:00,2025-12-30 06:39:00,closed,email,C101130,,VA-AC-CBL,Returns & Refunds,Low,Returns Desk,A3037,0,,40.0,GW-OTHER,N,still waiting for my refund,"refunded rs 40. issue: refund delay. chk refund status on pg. | offered replacement, cx preferred refund. refund processed. ~Manish",helpdesk,40.0,2025-12,2025Q4,Manish Iyer,Returns Desk,1,Indore,Morning,,,,,,90,399,6,USB-C Braided Cable,True,False,430,False,False,"still waiting for my refund refunded rs 40. issue: refund delay. chk refund status on pg. | offered replacement, cx preferred refund. refund processed. ~Manish",RETURN-QC-OK,0.7995514761605789,False
TK-250470,2026-02-22 20:05:00,2026-02-22 22:24:00,2026-02-23 22:37:00,resolved,email,C100265,VR881525,VA-SW-NX2,Returns & Refunds,Normal,Returns Desk,A3038,0,,11048.0,GW-OTHER,N,the return was accepted but the amount is nowhere in my account. VR881525,"rfnd of Rs 11048 initiated to source. Issue: rfnd delay. Checked rfnd status on PG. | Cx asked for replacement + rfnd, explained policy, rfnd only.",helpdesk,11048.0,2026-02,2026Q1,Ankit Dhillon,Returns Desk,1,Bengaluru,Morning,VA-SW-NX2,2.0,11048.0,2026-02-18,NX2-2512-1,2450,6499,12,Nexa 2 Smartwatch,True,False,2790,False,True,"the return was accepted but the amount is nowhere in my account. VR881525 rfnd of Rs 11048 initiated to source. Issue: rfnd delay. Checked rfnd status on PG. | Cx asked for replacement + rfnd, explained policy, rfnd only.",RETURN-QC-OK,0.7995227844867715,False
TK-244967,2025-09-18 10:39:00,2025-09-18 11:48:00,,pending,voice,C101070,VR903844,VA-EB-PL2,Other,Normal,Voice Frontline,A3025,0,3.0,2974.0,GW-OTHER,N,cancel order VR903844.  VR903844,rfnd of rs 2974 initiated to source. issue: ord cancellation. chk shipment status. //KOM,helpdesk,2974.0,2025-09,2025Q3,Komal Malhotra,Voice Frontline,1,Bengaluru,Morning,VA-EB-PL2,1.0,2974.0,2025-09-06,PL2-2508-3,1480,3499,12,Pulse 2 True Wireless Earbuds,True,False,1820,False,True,cancel order VR903844.  VR903844 rfnd of rs 2974 initiated to source. issue: ord cancellation. chk shipment status. //KOM,CANCEL,0.7994367649374597,False
TK-252537,2026-04-28 17:13:00,2026-04-28 18:50:00,2026-04-28 19:15:00,resolved,voice,C105296,VR897981,VA-AC-CH65,Other,Normal,Voice Frontline,A3026,0,,1499.0,GW-OTHER,N,"[IVR transcript] hello, bought your charger around 26-04-2026 from amazon. payment went through but i got no order id. i waited 24 hours. nothing changed. not acceptable at this price. please call me on my registered number.","payment debited, no ord | chk pg dashboard for txn -> rfnd approved, rs 1499, 5-7 working days //AAD",helpdesk,1499.0,2026-04,2026Q2,Aadhya Deshpande,Voice Frontline,1,Bengaluru,Day,VA-AC-CH65,1.0,1499.0,2026-04-26,CH65-2603-2,610,1499,6,65W GaN Charger,True,False,950,False,True,"[IVR transcript] hello, bought your charger around 26-04-2026 from amazon. payment went through but i got no order id. i waited 24 hours. nothing changed. not acceptable at this price. please call me on my registered number. payment debited, no ord | chk pg dashboard for txn -> rfnd approved, rs 1499, 5-7 working days //AAD",DUP-PAYMENT,0.7987372419081826,False
TK-251021,2026-03-12 12:35:00,2026-03-12 18:50:00,2026-03-12 19:09:00,closed,email,C102291,VR894524,VA-EB-PL1,Billing & Payments,Normal,Billing,A3035,0,,500.0,GW-OTHER,N,"Hello,
the Pulse buds purchased 10 days ago, order VR894524. Change of mind, please stop the shipment.
I tried cancel button, greyed out. Nothing changed.
How do I get this fixed?
Thanks, Priya Khan","Cust contacted re cancel ord. Cancelled before dispatch. rfnd approved, Rs 500, 5-7 working days. Will monitor.",helpdesk,500.0,2026-03,2026Q1,Dev Kulkarni,Billing,1,Bengaluru,Day,VA-EB-PL1,1.0,2499.0,2026-03-08,PL1-2512-3,1120,2499,12,Pulse True Wireless Earbuds,True,False,1460,False,False,"Hello,
the Pulse buds purchased 10 days ago, order VR894524. Change of mind, please stop the shipment.
I tried cancel button, greyed out. Nothing changed.
How do I get this fixed?
Thanks, Priya Khan Cust contacted re cancel ord. Cancelled before dispatch. rfnd approved, Rs 500, 5-7 working days. Will monitor.",CANCEL,0.7984586985454731,False
TK-254497,2026-06-29 20:11:00,2026-06-29 20:13:00,2026-06-29 20:25:00,resolved,chat,C104322,VR909407,VA-SW-NX2,Other,Normal,Chat Frontline,A3012,0,4.0,5199.0,GW-OTHER,N,"hi sir
want to cancel my order
my nexa 2 watch
anyone there","1. cancel order
2. checked shipment status
3. cancelled, refund initiated",helpdesk,5199.0,2026-06,2026Q2,Lakshmi Srivastava,Chat Frontline,1,Bengaluru,Day,VA-SW-NX2,1.0,5199.0,2026-06-17,NX2-2603-1,2450,6499,12,Nexa 2 Smartwatch,True,False,2790,False,True,"hi sir
want to cancel my order
my nexa 2 watch
anyone there 1. cancel order
2. checked shipment status
3. cancelled, refund initiated",CANCEL,0.7970695619542586,False
TK-241934,2025-05-02 12:59:00,2025-05-02 14:17:00,2025-05-05 14:48:00,closed,email,C106775,VR907010,VA-HP-ST3,Returns & Refunds,Low,Returns Desk,A3036,0,,140000.0,GW-OTHER,N,"hi
the return was accepted but the amount is nowhere in my account
anyone there","Cx says rfnd not credited. chk reverse pickup QC status. rfnd approved, Rs 1400, 5-7 working days. Cx informed.",legacy_fd,1400.0,2025-05,2025Q2,Ritika D'Souza,Returns Desk,1,Indore,Day,VA-HP-ST3,1.0,6999.0,2025-04-11,ST3-2502-4,2650,6999,12,Strata 3 Over-Ear Headphones,True,False,2990,False,True,"hi
the return was accepted but the amount is nowhere in my account
anyone there Cx says rfnd not credited. chk reverse pickup QC status. rfnd approved, Rs 1400, 5-7 working days. Cx informed.",RETURN-QC-OK,0.7970013967667406,False
TK-242001,2025-05-05 20:27:00,2025-05-05 22:02:00,2025-05-07 22:36:00,resolved,email,C102983,VR891811,VA-EB-PL1,Returns & Refunds,Normal,Returns Desk,A3037,0,,199900.0,GW-OTHER,N,"Hey, This is regarding the Pulse buds. You picked up the item 5 days ago and my money hasn't come back. I checked bank. Kindly look into it.",refunded rs 1999. issue: refund pending. chk reverse pkp qc status. ~Manish,legacy_fd,1999.0,2025-05,2025Q2,Manish Iyer,Returns Desk,1,Indore,Morning,VA-EB-PL1,1.0,1999.0,2025-04-19,PL1-2501-3,1120,2499,12,Pulse True Wireless Earbuds,True,False,1460,False,True,"Hey, This is regarding the Pulse buds. You picked up the item 5 days ago and my money hasn't come back. I checked bank. Kindly look into it. refunded rs 1999. issue: refund pending. chk reverse pkp qc status. ~Manish",RETURN-QC-OK,0.7963842528415714,False
TK-244969,2025-09-18 11:08:00,2025-09-18 12:36:00,2025-09-18 12:49:00,resolved,email,C104230,VR888885,VA-EB-PL1,Delivery & Shipping,Normal,Logistics,A3031,0,4.0,2499.0,GW-OTHER,N,"I have been a loyal customer and this is how you treat me.  This is regarding the Pulse buds. change of mind, please stop the shipment. I already tried cancel button, greyed out. I want a replacement or refund, nothing else.",order cancellation | checked shipment status -> full refund processed (2499),helpdesk,2499.0,2025-09,2025Q3,Zaid Desai,Logistics,1,Indore,Morning,VA-EB-PL1,1.0,2499.0,2025-09-13,PL1-2505-3,1120,2499,12,Pulse True Wireless Earbuds,True,False,1460,False,True,"I have been a loyal customer and this is how you treat me.  This is regarding the Pulse buds. change of mind, please stop the shipment. I already tried cancel button, greyed out. I want a replacement or refund, nothing else. order cancellation | checked shipment status -> full refund processed (2499)",CANCEL,0.7951499469288185,False
TK-247354,2025-11-22 23:10:00,2025-11-23 17:50:00,2025-11-23 18:09:00,resolved,email,C105205,,VA-SW-FIT,Other,Normal,Email Frontline,A3018,0,3.0,1599.0,GW-OTHER,N,"Dear Sir/Madam,

I am writing w/ reference to my order of my Nexa Fit band placed on 09/11. Cancel order. I have tried cancel button, greyed out. I request you to kindly arrange a replacement.

Yours faithfully,
Arjun Nair",re: order cancellation | checked shipment status -> full refund processed (1599) ~Krishna,helpdesk,1599.0,2025-11,2025Q4,Krishna Bhatt,Email Frontline,1,Indore,Day,,,,,,850,1999,12,Nexa Fit Band,True,False,1190,False,True,"Dear Sir/Madam,

I am writing w/ reference to my order of my Nexa Fit band placed on 09/11. Cancel order. I have tried cancel button, greyed out. I request you to kindly arrange a replacement.

Yours faithfully,
Arjun Nair re: order cancellation | checked shipment status -> full refund processed (1599) ~Krishna",CANCEL,0.7946742722724339,False
TK-243392,2025-07-18 12:12:00,2025-07-18 12:14:00,2025-07-18 12:30:00,resolved,chat,C108594,VR901743,VA-SW-NX2,Other,Normal,Chat Frontline,A3010,0,,617400.0,GW-OTHER,N,"want to cancel my order, VR901743",cx: ord cancellation | chk shipment sattus -> refunded rs 6174 ~Tenzin,legacy_fd,6174.0,2025-07,2025Q3,Tenzin Mathew,Chat Frontline,1,Bengaluru,Morning,VA-SW-NX2,1.0,6174.0,2025-07-05,NX2-2505-2,2450,6499,12,Nexa 2 Smartwatch,True,False,2790,False,True,"want to cancel my order, VR901743 cx: ord cancellation | chk shipment sattus -> refunded rs 6174 ~Tenzin",CANCEL,0.7936170483454257,False
TK-254368,2026-06-26 01:31:00,2026-06-26 03:09:00,2026-06-26 03:20:00,closed,social,C101072,VR891238,VA-EB-AIR,Other,Normal,Chat Frontline,A3003,0,,1799.0,GW-OTHER,N,"Hi there, I bought the AirLite buds on 15-11-2025.  Cancel order. I tried cancel button, greyed out. Nothing changed. I want my money back.","1. ord cancellation
2. Checked shipment status
3. rfnd approved, Rs 1799, 5-7 working days -KS",helpdesk,1799.0,2026-06,2026Q2,Komal Singh,Chat Frontline,1,Indore,Night,VA-EB-AIR,1.0,1799.0,2025-11-15,AIR-2509-4,760,1799,12,AirLite Earbuds,True,False,1100,False,True,"Hi there, I bought the AirLite buds on 15-11-2025.  Cancel order. I tried cancel button, greyed out. Nothing changed. I want my money back. 1. ord cancellation
2. Checked shipment status
3. rfnd approved, Rs 1799, 5-7 working days -KS",CANCEL,0.7930251145422672,False
TK-245499,2025-10-05 19:13:00,2025-10-05 19:15:00,2025-10-05 19:37:00,resolved,chat,C102576,VR880924,VA-SP-MINI,Billing & Payments,High,Billing,A3035,2,4.0,2499.0,GW-OTHER,N,"Not acceeptable at this price.  Ordered Obit Mini 2 weeks ago. paid via UPI, amount deducted, no orrder confirmation. I already waited 24 hours. Fix thsi or I am posting on twitter.","Customer reached out - payment debited, no ord. conf w/ payment gateway. rfnd approved, Rs 2499, 5-7 working days. Case closed w/ cx consent.",helpdesk,2499.0,2025-10,2025Q4,Dev Kulkarni,Billing,1,Bengaluru,Day,VA-SP-MINI,1.0,2499.0,2025-10-01,MINI-2506-2,980,2499,12,Orbit Mini Speaker,True,False,1320,False,True,"Not acceeptable at this price.  Ordered Obit Mini 2 weeks ago. paid via UPI, amount deducted, no orrder confirmation. I already waited 24 hours. Fix thsi or I am posting on twitter. Customer reached out - payment debited, no ord. conf w/ payment gateway. rfnd approved, Rs 2499, 5-7 working days. Case closed w/ cx consent.",DUP-PAYMENT,0.7929588493360692,False
TK-248605,2025-12-27 13:30:00,2025-12-27 14:35:00,2025-12-27 15:11:00,resolved,email,C104353,VR901391,VA-SW-FIT,Billing & Payments,High,Billing,A3035,0,3.0,1699.0,GW-OTHER,N,Not what I expected from Vireo. Buoght my Neax Fit band around 20 Dec from vireo.in. payment was deducted but no order was created. I already waited 24 hours. This is the last time I buy frmo you.,"1. Payment debited, no ord
2. chk PG dashboard for txn
3. Refunded Rs 1699",helpdesk,1699.0,2025-12,2025Q4,Dev Kulkarni,Billing,1,Bengaluru,Day,VA-SW-FIT,1.0,1699.0,2025-12-20,FIT-2511-4,850,1999,12,Nexa Fit Band,True,False,1190,False,True,"Not what I expected from Vireo. Buoght my Neax Fit band around 20 Dec from vireo.in. payment was deducted but no order was created. I already waited 24 hours. This is the last time I buy frmo you. 1. Payment debited, no ord
2. chk PG dashboard for txn
3. Refunded Rs 1699",DUP-PAYMENT,0.7925413463345167,False
TK-245910,2025-10-17 11:36:00,2025-10-17 11:45:00,2025-10-17 11:54:00,resolved,voice,C101731,,VA-SP-ORB,Other,Normal,Voice Frontline,A3023,0,,5399.0,GW-OTHER,N,"[IVR transcript] pathetic experience honestly. bought my orbit around 05-10-2025 from vireo.in. change of mind, pls stop the shipment. i already tried cancel button, greyed out. escalate this to someone senior.","reported: cancellation request. chk shipment status. rfnd approved, rs 5399, 5-7 working days. -RG",helpdesk,5399.0,2025-10,2025Q4,Ritika Gaikwad,Voice Frontline,1,Bengaluru,Morning,,,,,,2300,5999,12,Orbit Smart Speaker,True,False,2640,False,True,"[IVR transcript] pathetic experience honestly. bought my orbit around 05-10-2025 from vireo.in. change of mind, pls stop the shipment. i already tried cancel button, greyed out. escalate this to someone senior. reported: cancellation request. chk shipment status. rfnd approved, rs 5399, 5-7 working days. -RG",CANCEL,0.792184913084282,False
TK-252505,2026-04-27 14:27:00,2026-04-27 19:21:00,2026-04-27 19:38:00,resolved,email,C107962,VR901151,VA-EB-PL2,Other,Normal,Email Frontline,A3018,0,,700.0,GW-OTHER,N,"team,
change of mind, please stop the shipment
in April se
my pulse 2","cancel order | cancelled before dispatch -> refund approved, rs 700, 5-7 working days",helpdesk,700.0,2026-04,2026Q2,Krishna Bhatt,Email Frontline,1,Indore,Day,VA-EB-PL2,1.0,3499.0,2026-04-17,PL2-2601-4,1480,3499,12,Pulse 2 True Wireless Earbuds,True,False,1820,False,True,"team,
change of mind, please stop the shipment
in April se
my pulse 2 cancel order | cancelled before dispatch -> refund approved, rs 700, 5-7 working days",CANCEL,0.7921083147453171,False
TK-240311,2025-01-25 14:55:00,2025-01-25 15:02:00,2025-01-25 15:18:00,resolved,chat,C106374,VR899062,VA-EB-AIR,Other,Normal,Chat Frontline,A3015,0,,28800.0,GW-OTHER,N,the page failed after I paid and now nothing shows in my account. VR899062. waiting for your reply,Refunded Rs 288. Issue: failed order after payment. chk PG dashboard for txn.,legacy_fd,288.0,2025-01,2025Q1,Sameer Jadhav,Chat Frontline,1,Bengaluru,Day,VA-EB-AIR,1.0,1439.0,2025-01-18,AIR-2410-4,760,1799,12,AirLite Earbuds,True,False,1100,False,False,the page failed after I paid and now nothing shows in my account. VR899062. waiting for your reply Refunded Rs 288. Issue: failed order after payment. chk PG dashboard for txn.,DUP-PAYMENT,0.7921020823977013,False
TK-253521,2026-05-29 22:17:00,2026-05-29 22:19:00,2026-05-29 22:42:00,resolved,chat,C107956,VR906115,VA-SP-ORB,Billing & Payments,High,Billing,A3034,0,5.0,5999.0,GW-OTHER,N,"Product: my Orbit
Order: VR906115
Purchased: 21 May
Issue: payment went through but I got no order id
Tried: tried logging out and in
Expected: callback",cust contacted re amount deducted without order. confirmed with payment gateway. refunded rs 5999.,helpdesk,5999.0,2026-05,2026Q2,Tanvi Rathore,Billing,1,Indore,Morning,VA-SP-ORB,1.0,5999.0,2026-05-21,ORB-2602-4,2300,5999,12,Orbit Smart Speaker,True,False,2640,False,True,"Product: my Orbit
Order: VR906115
Purchased: 21 May
Issue: payment went through but I got no order id
Tried: tried logging out and in
Expected: callback cust contacted re amount deducted without order. confirmed with payment gateway. refunded rs 5999.",DUP-PAYMENT,0.7914260904301991,False
TK-253929,2026-06-10 13:40:00,2026-06-10 20:29:00,2026-06-10 20:49:00,resolved,email,C105588,VR898635,VA-EB-PL1,Other,Normal,Email Frontline,A3018,0,,2124.0,GW-OTHER,N,"Product: Pulse earbuds
Order: VR898635
Purchased: 09-06-2026
Issue: payment went through but I got no order id
Tried: checked bank statement
Expected: resolution","payment debited, no order | confirmed with payment gateway -> order manually created ~Krishna",helpdesk,2124.0,2026-06,2026Q2,Krishna Bhatt,Email Frontline,1,Indore,Day,VA-EB-PL1,1.0,2124.0,2026-06-09,PL1-2604-1,1120,2499,12,Pulse True Wireless Earbuds,True,False,1460,False,True,"Product: Pulse earbuds
Order: VR898635
Purchased: 09-06-2026
Issue: payment went through but I got no order id
Tried: checked bank statement
Expected: resolution payment debited, no order | confirmed with payment gateway -> order manually created ~Krishna",DUP-PAYMENT,0.7908270586323147,False
TK-240492,2025-02-08 22:49:00,2025-02-08 22:58:00,2025-02-08 23:11:00,resolved,chat,C104760,,VA-SW-NX1,Other,High,Chat Frontline,A3017,0,,4749.0,GW-OTHER,N,"hello,
i bought my nexa on 25 jan. ordered the wrong colour, don't ship it.
please help",cx says cancel ord. cancelled before dispatch. full rfnd processed (4749). -KS,helpdesk,4749.0,2025-02,2025Q1,Kabir Singh,Email Frontline,1,Indore,Night,,,,,,1900,4999,12,Nexa Smartwatch,True,False,2240,False,True,"hello,
i bought my nexa on 25 jan. ordered the wrong colour, don't ship it.
please help cx says cancel ord. cancelled before dispatch. full rfnd processed (4749). -KS",CANCEL,0.7904104116258694,False
TK-245664,2025-10-10 17:04:00,2025-10-10 17:38:00,2025-10-12 18:00:00,resolved,voice,C104566,VR886088,VA-AC-CH65,Billing & Payments,Normal,Billing,A3035,0,3.0,1424.0,GW-OTHER,N,"hi
u picked up the item 19 days ago & my money hasn't come back",cx reached out - rfnd delay. chk reverse pickup QC status. rfnd of Rs 1424 initiated to source. Closing.,helpdesk,1424.0,2025-10,2025Q4,Dev Kulkarni,Billing,1,Bengaluru,Day,VA-AC-CH65,1.0,1424.0,2025-01-04,CH65-2410-1,610,1499,6,65W GaN Charger,True,False,950,False,True,"hi
u picked up the item 19 days ago & my money hasn't come back cx reached out - rfnd delay. chk reverse pickup QC status. rfnd of Rs 1424 initiated to source. Closing.",RETURN-QC-OK,0.789929931636274,False
TK-243141,2025-07-04 17:07:00,2025-07-04 17:21:00,2025-07-06 17:43:00,resolved,chat,C105023,,VA-SP-MINI,Returns & Refunds,Normal,Returns Desk,A3036,0,,237400.0,GW-OTHER,N,"Product: orbit mini
Purchased: 06 Jun
Issue: the return was accepted but the amount is nowhere in my account
Tried: emailed twice
Expected: fix",Contact re rfdn not credited. chk reverse pickup QC status. rfnd conf credited. Follow-up not required. (SOP 2.7),legacy_fd,2374.0,2025-07,2025Q3,Ritika D'Souza,Returns Desk,1,Indore,Day,,,,,,980,2499,12,Orbit Mini Speaker,True,False,1320,False,True,"Product: orbit mini
Purchased: 06 Jun
Issue: the return was accepted but the amount is nowhere in my account
Tried: emailed twice
Expected: fix Contact re rfdn not credited. chk reverse pickup QC status. rfnd conf credited. Follow-up not required. (SOP 2.7)",RETURN-QC-OK,0.7899162602944756,False
TK-252735,2026-05-05 17:38:00,2026-05-06 03:33:00,2026-05-06 04:01:00,closed,email,C102402,VR883334,VA-SP-MINI,Billing & Payments,Normal,Billing,A3034,0,,2499.0,GW-OTHER,N,"payment was deducted but no order was created, VR883334",done,helpdesk,2499.0,2026-05,2026Q2,Tanvi Rathore,Billing,1,Indore,Morning,VA-SP-MINI,1.0,2499.0,2026-04-27,MINI-2601-3,980,2499,12,Orbit Mini Speaker,True,False,1320,False,True,"payment was deducted but no order was created, VR883334 done",DUP-PAYMENT,0.7897309128090159,False
TK-250891,2026-03-07 19:48:00,2026-03-07 20:41:00,2026-03-07 21:21:00,resolved,social,C104147,VR898389,VA-SW-FIT,Billing & Payments,Normal,Billing,A3035,0,,3198.0,GW-OTHER,N,I was charged twice for one order,Ticket raised for duplicate payment. chk PG for duplicate txn. Full refund processed (3198). Case closed w/ cx consent.,helpdesk,3198.0,2026-03,2026Q1,Dev Kulkarni,Billing,1,Bengaluru,Day,VA-SW-FIT,2.0,3198.0,2026-02-27,FIT-2512-1,850,1999,12,Nexa Fit Band,True,False,1190,False,True,I was charged twice for one order Ticket raised for duplicate payment. chk PG for duplicate txn. Full refund processed (3198). Case closed w/ cx consent.,DUP-PAYMENT,0.7880553550739366,False
TK-251408,2026-03-23 11:02:00,2026-03-23 12:04:00,2026-03-23 12:37:00,resolved,email,C101600,,VA-AC-CH65,Other,Normal,Email Frontline,A3019,0,,1199.0,GW-OTHER,N,"Hi team, Ordered your charger 2 weeks ago. My bank says Rs 6499 went to you but your site says I have no orders. Can someone fix this? Thanks in advance Sai","re: payment debited, no ord | chk pg dashboard for txn -> auto-refund conf within 5-7 days",helpdesk,1199.0,2026-03,2026Q1,Kavya Agarwal,Email Frontline,1,Indore,Morning,,,,,,610,1499,6,65W GaN Charger,True,False,950,False,True,"Hi team, Ordered your charger 2 weeks ago. My bank says Rs 6499 went to you but your site says I have no orders. Can someone fix this? Thanks in advance Sai re: payment debited, no ord | chk pg dashboard for txn -> auto-refund conf within 5-7 days",DUP-PAYMENT,0.7875107986602212,False
TK-245502,2025-10-05 20:03:00,2025-10-06 00:09:00,2025-10-06 00:21:00,resolved,email,C105698,VR894087,VA-SP-MINI,Other,Normal,Email Frontline,A3001,0,,2124.0,GW-OTHER,N,"hello
pls cancel, ordered by mistake
anyoen there",refunded rs 2124. issue: order cancellation. checked shipment status. ~Suresh,helpdesk,2124.0,2025-10,2025Q4,Suresh Kaur,Chat Frontline,1,Indore,Night,VA-SP-MINI,1.0,2124.0,2025-09-22,MINI-2507-4,980,2499,12,Orbit Mini Speaker,True,False,1320,False,True,"hello
pls cancel, ordered by mistake
anyoen there refunded rs 2124. issue: order cancellation. checked shipment status. ~Suresh",CANCEL,0.787487886279957,False
TK-242965,2025-06-26 07:01:00,2025-06-26 08:50:00,,open,email,C106069,VR892307,VA-NB-ARC,Delivery & Shipping,Normal,Logistics,A3031,0,,129900.0,GW-OTHER,N,"Really frustrating. Tihs is regarding Arc neckband. order not delivered, tracking not updating. I already checked with neighbours. Refund. Now.","1. Delivery delayed
2. Raised ticket with courier partner
3. Refund of Rs 1299 initiated to source",legacy_fd,1299.0,2025-06,2025Q2,Zaid Desai,Logistics,1,Indore,Morning,VA-NB-ARC,1.0,1299.0,2025-06-21,ARC-2503-4,540,1299,12,Arc Neckband,True,False,880,False,True,"Really frustrating. Tihs is regarding Arc neckband. order not delivered, tracking not updating. I already checked with neighbours. Refund. Now. 1. Delivery delayed
2. Raised ticket with courier partner
3. Refund of Rs 1299 initiated to source",LOST-TRANSIT,0.7873282447834493,False
TK-240381,2025-01-31 18:10:00,2025-01-31 18:17:00,2025-01-31 18:26:00,resolved,chat,C106563,VR906319,VA-EB-PL1,Billing & Payments,High,Billing,A3035,0,5.0,237400.0,GW-OTHER,N,"team,
pls cancel, ordered by mistake
urgent","cx reached out - cancellation request. Cancelled before dispatch. Already shipped, advised RTO/return. Cx satisfied on chat.",legacy_fd,2374.0,2025-01,2025Q1,Dev Kulkarni,Billing,1,Bengaluru,Day,VA-EB-PL1,1.0,2374.0,2025-01-25,PL1-2412-4,1120,2499,12,Pulse True Wireless Earbuds,True,False,1460,False,True,"team,
pls cancel, ordered by mistake
urgent cx reached out - cancellation request. Cancelled before dispatch. Already shipped, advised RTO/return. Cx satisfied on chat.",CANCEL,0.7863197204249878,False
TK-249338,2026-01-21 10:27:00,2026-01-21 10:29:00,2026-01-21 10:56:00,resolved,chat,C108314,VR896636,VA-SP-MINI,Billing & Payments,Normal,Billing,A3033,0,,2499.0,GW-OTHER,N,payment was deducted but no order was created - VR896636,see prev,helpdesk,2499.0,2026-01,2026Q1,Vikram Banerjee,Billing,1,Bengaluru,Morning,VA-SP-MINI,2.0,4998.0,2026-01-12,MINI-2511-1,980,2499,12,Orbit Mini Speaker,True,False,1320,False,True,payment was deducted but no order was created - VR896636 see prev,DUP-PAYMENT,0.7855206613273271,False
TK-250120,2026-02-13 12:55:00,2026-02-14 03:22:00,2026-02-14 03:35:00,resolved,social,C109058,,VA-EB-AIR,Returns & Refunds,Normal,Returns Desk,A3037,0,,270.0,GW-OTHER,N,"hi
still waiting for my refund
airlite","1. refund delay
2. checked refund status on pg
3. refunded rs 270.
refund issued; rplc not applicable (out of stock). ~Manish",helpdesk,270.0,2026-02,2026Q1,Manish Iyer,Returns Desk,1,Indore,Morning,,,,,,760,1799,12,AirLite Earbuds,True,False,1100,False,False,"hi
still waiting for my refund
airlite 1. refund delay
2. checked refund status on pg
3. refunded rs 270.
refund issued; rplc not applicable (out of stock). ~Manish",RETURN-QC-OK,0.7848599271744665,False
TK-243037,2025-06-29 19:29:00,2025-06-29 19:32:00,,open,chat,C105338,VR882487,VA-EB-AIR,Billing & Payments,High,Billing,A3035,0,3.0,1799.0,GW-OTHER,N,"Dear Sir/Madam, airlite earbuds purchased around Diwali, order VR882487. UPI SHOWS SUCCESS, YOUR APP SHOWS NOTHING. I tried logging out and in. Please resolve asap.","Cx says payment debited, no ord. chk PG dashboard for txn. Refunded Rs 1799. Case closed w/ cx consent.",helpdesk,1799.0,2025-06,2025Q2,Dev Kulkarni,Billing,1,Bengaluru,Day,VA-EB-AIR,1.0,1799.0,2025-06-28,AIR-2503-3,760,1799,12,AirLite Earbuds,True,False,1100,False,True,"Dear Sir/Madam, airlite earbuds purchased around Diwali, order VR882487. UPI SHOWS SUCCESS, YOUR APP SHOWS NOTHING. I tried logging out and in. Please resolve asap. Cx says payment debited, no ord. chk PG dashboard for txn. Refunded Rs 1799. Case closed w/ cx consent.",DUP-PAYMENT,0.7844317393639549,False
TK-245209,2025-09-26 19:37:00,2025-09-26 20:38:00,2025-09-26 20:52:00,resolved,voice,C101207,,VA-AC-CASE,Billing & Payments,High,Billing,A3035,0,,1039.0,GW-OTHER,N,"[IVR transcript] namaste, ordered the charging case i ordered 2 weeks ago. discount was not applied at checkout. i want a replacement.",cx reacehd out - coupon not applied. Checked coupon validity. Refudned Rs 1039. Cx informed.,helpdesk,1039.0,2025-09,2025Q3,Dev Kulkarni,Billing,1,Bengaluru,Day,,,,,,620,1299,6,Pulse Charging Case (spare),True,False,960,False,True,"[IVR transcript] namaste, ordered the charging case i ordered 2 weeks ago. discount was not applied at checkout. i want a replacement. cx reacehd out - coupon not applied. Checked coupon validity. Refudned Rs 1039. Cx informed.",PRICE-ADJ,0.7836258980732135,False
TK-240650,2025-02-20 13:35:00,2025-02-20 13:40:00,2025-02-20 14:12:00,resolved,chat,C104927,VR889833,VA-HP-ST3,Billing & Payments,High,Billing,A3033,0,4.0,629900.0,GW-OTHER,N,"Hi team, Got my Strata 3 headphones from vireo.in 3 weeks back.  I was charged twice for one order. I waited a week. How do I get this fixed?","1. charged twice
2. chk pg for duplicate txn
3. refund processed",legacy_fd,6299.0,2025-02,2025Q1,Vikram Banerjee,Billing,1,Bengaluru,Morning,VA-HP-ST3,2.0,12598.0,2025-02-19,ST3-2411-1,2650,6999,12,Strata 3 Over-Ear Headphones,True,False,2990,False,True,"Hi team, Got my Strata 3 headphones from vireo.in 3 weeks back.  I was charged twice for one order. I waited a week. How do I get this fixed? 1. charged twice
2. chk pg for duplicate txn
3. refund processed",DUP-PAYMENT,0.7818711286663377,False
TK-240953,2025-03-09 23:40:00,2025-03-09 23:40:00,2025-03-10 00:18:00,resolved,chat,C101186,,VA-HP-ST2,Other,Normal,Chat Frontline,A3002,0,3.0,90000.0,GW-OTHER,N,"hi
money debited but order not showing
my strata 2 headphones",re: amount deducted without order | checked pg dashboard for txn -> full refund processed (900) (sop 4.2) [closed],legacy_fd,900.0,2025-03,2025Q1,Steven Ansari,Chat Frontline,1,Indore,Night,,,,,,2100,4999,12,Strata 2 Over-Ear Headphones,True,False,2440,False,True,"hi
money debited but order not showing
my strata 2 headphones re: amount deducted without order | checked pg dashboard for txn -> full refund processed (900) (sop 4.2) [closed]",DUP-PAYMENT,0.7810798417457936,False
TK-247642,2025-11-30 08:52:00,2025-11-30 09:43:00,2025-12-03 10:15:00,resolved,social,C101477,VR882242,VA-EB-PL2,Returns & Refunds,Normal,Returns Desk,A3037,0,3.0,1750.0,GW-OTHER,N,"helo
refund not received yet
urgent","1. rfnd pending
2. checked rfnd status on pg
3. rfnd conf credited ~Manish",helpdesk,1750.0,2025-11,2025Q4,Manish Iyer,Returns Desk,1,Indore,Morning,VA-EB-PL2,1.0,3499.0,2025-11-08,PL2-2510-2,1480,3499,12,Pulse 2 True Wireless Earbuds,True,False,1820,False,True,"helo
refund not received yet
urgent 1. rfnd pending
2. checked rfnd status on pg
3. rfnd conf credited ~Manish",RETURN-QC-OK,0.7805596433359412,False
TK-240120,2025-01-09 18:33:00,2025-01-09 19:06:00,2025-01-10 19:21:00,resolved,social,C101770,,VA-HP-ST3,Returns & Refunds,Normal,Returns Desk,A3036,0,,1329800.0,GW-OTHER,N,"Hi team, Ordered the strata 3 10 days ago. Refund not received yet. I checked bank. Please advise. Regards,",Customer sattes rfnd delay. chk reverse pkp QC status. rfnd of Rs 13298 initiated to source. Closing. (SOP 3.1),legacy_fd,13298.0,2025-01,2025Q1,Ritika D'Souza,Returns Desk,1,Indore,Day,,,,,,2650,6999,12,Strata 3 Over-Ear Headphones,True,False,2990,False,True,"Hi team, Ordered the strata 3 10 days ago. Refund not received yet. I checked bank. Please advise. Regards, Customer sattes rfnd delay. chk reverse pkp QC status. rfnd of Rs 13298 initiated to source. Closing. (SOP 3.1)",RETURN-QC-OK,0.7791245574789492,False
TK-243933,2025-08-09 00:24:00,2025-08-09 00:36:00,2025-08-09 00:57:00,resolved,chat,C103556,VR902798,VA-SW-NX1,Billing & Payments,Normal,Billing,A3034,0,,474900.0,GW-OTHER,N,"paid via UPI, amount deducted, no order confirmation
VR902798",as discussed (sop 4.2),legacy_fd,4749.0,2025-08,2025Q3,Tanvi Rathore,Billing,1,Indore,Morning,VA-SW-NX1,1.0,4749.0,2026-06-12,NX1-2605-2,1900,4999,12,Nexa Smartwatch,True,False,2240,False,True,"paid via UPI, amount deducted, no order confirmation
VR902798 as discussed (sop 4.2)",DUP-PAYMENT,0.7783890773686445,False
TK-253597,2026-05-31 18:05:00,2026-05-31 18:11:00,2026-05-31 18:32:00,resolved,chat,C108959,,VA-EB-PL2,Other,Normal,Chat Frontline,A3005,1,,2974.0,GW-OTHER,N,"Hi Vireo support, Bought Pulse 2 around May 30 from vireo.in. Paid via UPI, amount deducted, no order confirmation. PLEASE HELP. Rgds, Sneha","Cx reported payment debited, no order. Asked for UTR. Rfeund processed to source.",helpdesk,2974.0,2026-05,2026Q2,Payal Bhatia,Chat Frontline,1,Indore,Day,,,,,,1480,3499,12,Pulse 2 True Wireless Earbuds,True,False,1820,False,True,"Hi Vireo support, Bought Pulse 2 around May 30 from vireo.in. Paid via UPI, amount deducted, no order confirmation. PLEASE HELP. Rgds, Sneha Cx reported payment debited, no order. Asked for UTR. Rfeund processed to source.",DUP-PAYMENT,0.7782485021756832,False
TK-244333,2025-08-26 12:30:00,2025-08-26 17:49:00,2025-08-26 18:15:00,resolved,social,C106171,VR888191,VA-EB-PL2,Returns & Refunds,Normal,Returns Desk,A3036,0,3.0,349900.0,GW-OTHER,N,"Product: the Pulse 2 earbuds
Order: VR888191
Purchased: August 18
Issue: refund was promised 14 dasy ago and nothng
Tried: emailed twice
Expected: resolution","1. Refund delay
2. chk reverse pickup QC status
3. Refund of Rs 3499 initiated to source (SOP 5.4)",legacy_fd,3499.0,2025-08,2025Q3,Ritika D'Souza,Returns Desk,1,Indore,Day,VA-EB-PL2,2.0,6998.0,2025-08-18,PL2-2507-1,1480,3499,12,Pulse 2 True Wireless Earbuds,True,False,1820,False,True,"Product: the Pulse 2 earbuds
Order: VR888191
Purchased: August 18
Issue: refund was promised 14 dasy ago and nothng
Tried: emailed twice
Expected: resolution 1. Refund delay
2. chk reverse pickup QC status
3. Refund of Rs 3499 initiated to source (SOP 5.4)",RETURN-QC-OK,0.7765610748866656,False
TK-244495,2025-09-01 23:47:00,2025-09-01 23:55:00,2025-09-02 00:06:00,resolved,chat,C108690,,VA-SW-NX2,Other,Normal,Chat Frontline,A3038,1,2.0,519900.0,GW-OTHER,N,"very poor quality. got the nexa 2 form vireo.in 3 weeks back. change of mind, please stop the shipment. i already tried cancel button, greyed out. i want a replacement or refund, nothing else.","1. Cancel order
2. Checked shipment status
3. Transferred to Returns Desk
4. Refunded Rs 5199",legacy_fd,5199.0,2025-09,2025Q3,Ankit Dhillon,Returns Desk,1,Bengaluru,Morning,,,,,,2450,6499,12,Nexa 2 Smartwatch,True,False,2790,False,True,"very poor quality. got the nexa 2 form vireo.in 3 weeks back. change of mind, please stop the shipment. i already tried cancel button, greyed out. i want a replacement or refund, nothing else. 1. Cancel order
2. Checked shipment status
3. Transferred to Returns Desk
4. Refunded Rs 5199",CANCEL,0.7760663425465378,False
TK-243337,2025-07-15 12:55:00,2025-07-15 13:29:00,2025-07-15 14:00:00,resolved,voice,C105586,VR886671,VA-EB-AIR,Billing & Payments,High,Billing,A3033,0,,170900.0,GW-OTHER,N,[IVR transcript] helo card charged two times airlite earbuds help,cx says duplicate payment. chk pg for duplicate txn. refund processed.,legacy_fd,1709.0,2025-07,2025Q3,Vikram Banerjee,Billing,1,Bengaluru,Morning,VA-EB-AIR,1.0,1709.0,2025-07-04,AIR-2503-3,760,1799,12,AirLite Earbuds,True,False,1100,False,True,[IVR transcript] helo card charged two times airlite earbuds help cx says duplicate payment. chk pg for duplicate txn. refund processed.,DUP-PAYMENT,0.7759487700963691,False
TK-246935,2025-11-12 14:51:00,2025-11-12 14:56:00,2025-11-12 15:13:00,closed,chat,C106578,VR893455,VA-EB-PL2,Other,Normal,Chat Frontline,A3015,0,,525.0,GW-OTHER,N,"my son ordered this without asking, please reverse. how do i get this fixed?",Refunded Rs 525. Issue: cancellation request. Cancelled before dispatch. [closed],helpdesk,525.0,2025-11,2025Q4,Sameer Jadhav,Chat Frontline,1,Bengaluru,Day,VA-EB-PL2,1.0,3499.0,2025-10-30,PL2-2509-2,1480,3499,12,Pulse 2 True Wireless Earbuds,True,False,1820,False,True,"my son ordered this without asking, please reverse. how do i get this fixed? Refunded Rs 525. Issue: cancellation request. Cancelled before dispatch. [closed]",CANCEL,0.7753054856437029,False
TK-251451,2026-03-24 16:02:00,2026-03-24 16:03:00,2026-03-26 16:20:00,resolved,chat,C108821,VR881672,VA-EB-PL2,Returns & Refunds,High,Returns Desk,A3036,0,4.0,560.0,GW-OTHER,N,not what i expected from vireo. order vr881672 (the pulse 2 earbuds). refund was promised 13 days ago and nothing. i already emailed twice. escalate this to someone senior.,Customer raeched out - refund not credited. Checked reverse pickup QC status. Refund of Rs 560 initiated to source. Closing.,helpdesk,560.0,2026-03,2026Q1,Ritika D'Souza,Returns Desk,1,Indore,Day,VA-EB-PL2,1.0,2799.0,2026-02-26,PL2-2511-4,1480,3499,12,Pulse 2 True Wireless Earbuds,True,False,1820,False,True,not what i expected from vireo. order vr881672 (the pulse 2 earbuds). refund was promised 13 days ago and nothing. i already emailed twice. escalate this to someone senior. Customer raeched out - refund not credited. Checked reverse pickup QC status. Refund of Rs 560 initiated to source. Closing.,RETURN-QC-OK,0.7752520504664502,False
TK-244843,2025-09-13 21:12:00,2025-09-13 23:09:00,2025-09-14 23:22:00,resolved,voice,C107391,,VA-HP-ST3,Returns & Refunds,Low,Returns Desk,A3037,0,,559900.0,GW-OTHER,N,the return was accepted but the amount is nowhere in my account - need this sorted this week,"rfnd of rs 5599 initiated to source. issue: rfnd not credited. checked rfnd status on pg. -- replacement declined by cx, rfnd issued instead. ~Manish",legacy_fd,5599.0,2025-09,2025Q3,Manish Iyer,Returns Desk,1,Indore,Morning,,,,,,2650,6999,12,Strata 3 Over-Ear Headphones,True,False,2990,False,True,"the return was accepted but the amount is nowhere in my account - need this sorted this week rfnd of rs 5599 initiated to source. issue: rfnd not credited. checked rfnd status on pg. -- replacement declined by cx, rfnd issued instead. ~Manish",RETURN-QC-OK,0.7745309326390594,False
TK-254011,2026-06-13 21:57:00,2026-06-14 01:46:00,2026-06-16 02:11:00,resolved,email,C106166,,VA-EB-PL1,Returns & Refunds,Normal,Returns Desk,A3037,0,,2374.0,GW-OTHER,N,"Product: Pulse earbuds
Purchased: 23-05-2026
Issue: you picked up the item 6 days ago and my money hasn't come back
Tried: checked bank
Expected: resolution",refunded rs 2374. issue: rfnd delay. checked reverse pkp qc status. ~Manish,helpdesk,2374.0,2026-06,2026Q2,Manish Iyer,Returns Desk,1,Indore,Morning,,,,,,1120,2499,12,Pulse True Wireless Earbuds,True,False,1460,False,True,"Product: Pulse earbuds
Purchased: 23-05-2026
Issue: you picked up the item 6 days ago and my money hasn't come back
Tried: checked bank
Expected: resolution refunded rs 2374. issue: rfnd delay. checked reverse pkp qc status. ~Manish",RETURN-QC-OK,0.7740647980754463,False
TK-248536,2025-12-25 13:13:00,2025-12-25 13:47:00,2025-12-28 14:00:00,resolved,voice,C102813,,VA-EB-PL2,Returns & Refunds,Normal,Returns Desk,A3037,0,4.0,446.0,GW-OTHER,N,[IVR transcript] hii you picked up the item 21 days ago and my money hasn't come back pls reply,arn shared with cx. issue: refund pending. checked refund status on pg. ~Manish,helpdesk,446.0,2025-12,2025Q4,Manish Iyer,Returns Desk,1,Indore,Morning,,,,,,1480,3499,12,Pulse 2 True Wireless Earbuds,True,False,1820,False,False,[IVR transcript] hii you picked up the item 21 days ago and my money hasn't come back pls reply arn shared with cx. issue: refund pending. checked refund status on pg. ~Manish,RETURN-QC-OK,0.7737531260189993,False
TK-243224,2025-07-08 01:34:00,2025-07-08 11:31:00,2025-07-08 12:02:00,resolved,email,C102831,VR899108,VA-EB-PL1,Billing & Payments,High,Billing,A3032,0,,224900.0,GW-OTHER,N,"Product: pulse 1
Order: VR899108
Purchased: June 28
Issue: double payment deducted
Tried: waited a week
Expected: replacement","1. duplicate payment
2. checked pg for duplicate txn
3. rfnd approved, rs 2249, 5-7 working days ~Sneha",legacy_fd,2249.0,2025-07,2025Q3,Sneha Bansal,Billing,1,Indore,Morning,VA-EB-PL1,1.0,2249.0,2025-06-28,PL1-2504-3,1120,2499,12,Pulse True Wireless Earbuds,True,False,1460,False,True,"Product: pulse 1
Order: VR899108
Purchased: June 28
Issue: double payment deducted
Tried: waited a week
Expected: replacement 1. duplicate payment
2. checked pg for duplicate txn
3. rfnd approved, rs 2249, 5-7 working days ~Sneha",DUP-PAYMENT,0.7736637424166328,False
TK-246095,2025-10-22 12:36:00,2025-10-22 12:37:00,2025-10-22 12:57:00,closed,chat,C102250,VR900462,VA-SW-NX1,Other,Normal,Chat Frontline,A3028,1,,2250.0,GW-OTHER,N,"Tihs is very disappointing. I bought the nexa smartwatch on 12 Oct. my son ordered this without asking, please reverse. I already tried cancel button, greyed out. Fix this or I am posting on twitter.","cx reported ord cancellation. cancelled before dispatch. xfer to logistics. rfnd approved, rs 2250, 5-7 working days.",helpdesk,2250.0,2025-10,2025Q4,Sameer Kapoor,Logistics,1,Indore,Morning,VA-SW-NX1,1.0,4499.0,2025-10-12,NX1-2507-4,1900,4999,12,Nexa Smartwatch,True,False,2240,False,True,"Tihs is very disappointing. I bought the nexa smartwatch on 12 Oct. my son ordered this without asking, please reverse. I already tried cancel button, greyed out. Fix this or I am posting on twitter. cx reported ord cancellation. cancelled before dispatch. xfer to logistics. rfnd approved, rs 2250, 5-7 working days.",CANCEL,0.7721210101659836,False
TK-254410,2026-06-27 07:59:00,2026-06-27 08:03:00,2026-06-29 08:36:00,resolved,chat,C103579,VR899218,VA-SP-MINI,Returns & Refunds,Normal,Returns Desk,A3037,0,3.0,2499.0,GW-OTHER,N,"product: the mini speaker
order: vr899218
purchased: 30-05-2026
issue: the return was accepted but the amount is nowhere in my account
tried: emailed twice
expected: fix",full rfnd processed (2499). issue: rfnd not credited. chk rfnd status on pg. ~Manish,helpdesk,2499.0,2026-06,2026Q2,Manish Iyer,Returns Desk,1,Indore,Morning,VA-SP-MINI,1.0,2499.0,2026-05-30,MINI-2603-1,980,2499,12,Orbit Mini Speaker,True,False,1320,False,True,"product: the mini speaker
order: vr899218
purchased: 30-05-2026
issue: the return was accepted but the amount is nowhere in my account
tried: emailed twice
expected: fix full rfnd processed (2499). issue: rfnd not credited. chk rfnd status on pg. ~Manish",RETURN-QC-OK,0.771523751729075,False
TK-252636,2026-05-02 10:38:00,2026-05-02 16:55:00,2026-05-02 17:26:00,resolved,email,C100107,VR894422,VA-EB-PL2,Billing & Payments,High,Billing,A3018,1,,1574.0,GW-OTHER,N,"hii
money debited but order not showing","payment debited, no order | checked pg dashboard for txn -> refund of rs 1574 initiated to source | xfer email frontline ~Krishna",helpdesk,1574.0,2026-05,2026Q2,Krishna Bhatt,Email Frontline,1,Indore,Day,VA-EB-PL2,1.0,3149.0,2026-04-27,PL2-2602-1,1480,3499,12,Pulse 2 True Wireless Earbuds,True,False,1820,False,True,"hii
money debited but order not showing payment debited, no order | checked pg dashboard for txn -> refund of rs 1574 initiated to source | xfer email frontline ~Krishna",DUP-PAYMENT,0.7713998159773794,False
TK-253474,2026-05-28 12:29:00,2026-05-28 13:39:00,,pending,voice,C107727,VR900790,VA-SP-MINI,Returns & Refunds,Low,Returns Desk,A3038,0,,2249.0,GW-OTHER,N,"hello ji
the return was accepted but the amount is nowhere in my account
kal se
hello??","1. Refund delay
2. chk reverse pickup QC status
3. Full refund processed (2249) -- Cx asked for replacement + refund, explained policy, refund only.",helpdesk,2249.0,2026-05,2026Q2,Ankit Dhillon,Returns Desk,1,Bengaluru,Morning,VA-SP-MINI,1.0,2249.0,2026-05-05,MINI-2602-1,980,2499,12,Orbit Mini Speaker,True,False,1320,False,True,"hello ji
the return was accepted but the amount is nowhere in my account
kal se
hello?? 1. Refund delay
2. chk reverse pickup QC status
3. Full refund processed (2249) -- Cx asked for replacement + refund, explained policy, refund only.",RETURN-QC-OK,0.7713403539943309,False
TK-253129,2026-05-18 19:01:00,2026-05-18 19:02:00,2026-05-18 19:19:00,resolved,chat,C100056,,VA-EB-PL2,Billing & Payments,Normal,Billing,A3035,0,5.0,2974.0,GW-OTHER,N,"Hi, Bought pulse 2 busd around May 05 form vireo.in. Payment was deducted but no order was created. How do I get thsi fixed?","Contact re amount deducted without ord. chk PG dashboard for txn. rfnd approved, Rs 2974, 5-7 working days. Follow-up not required.",helpdesk,2974.0,2026-05,2026Q2,Dev Kulkarni,Billing,1,Bengaluru,Day,,,,,,1480,3499,12,Pulse 2 True Wireless Earbuds,True,False,1820,False,True,"Hi, Bought pulse 2 busd around May 05 form vireo.in. Payment was deducted but no order was created. How do I get thsi fixed? Contact re amount deducted without ord. chk PG dashboard for txn. rfnd approved, Rs 2974, 5-7 working days. Follow-up not required.",DUP-PAYMENT,0.7703133895575159,False
TK-247503,2025-11-27 07:20:00,2025-11-27 07:31:00,2025-11-27 07:49:00,resolved,chat,C100820,,VA-EB-AIR,Other,Normal,Chat Frontline,A3013,0,3.0,1709.0,GW-OTHER,N,Veyr por quality. Got the AiLrite buds from vireo.in around Diwali. I was charged twice for one order. I already waited a week. Escalate this to someone senior,duplicate refunded to source. issue: charged twice. checked pg for duplicate txn. ~Rohit,helpdesk,1709.0,2025-11,2025Q4,Rohit Nair,Chat Frontline,1,Bengaluru,Morning,,,,,,760,1799,12,AirLite Earbuds,True,False,1100,False,True,Veyr por quality. Got the AiLrite buds from vireo.in around Diwali. I was charged twice for one order. I already waited a week. Escalate this to someone senior duplicate refunded to source. issue: charged twice. checked pg for duplicate txn. ~Rohit,DUP-PAYMENT,0.7699393294416654,False
TK-254467,2026-06-28 21:17:00,2026-06-28 21:54:00,2026-06-28 22:32:00,resolved,voice,C108417,,VA-EB-PL1,Billing & Payments,Normal,Billing,A3035,1,,250.0,GW-OTHER,N,"Dear Sir/Madam,
This is regarding pulse 1.  MONEY DEBITED BUT ORDER NOT SHOWING.
I TRIED LOGGING OUT AND IN. Nothing changed.
What do I do now?
Awaiting response",Cust contacted re amount deducted without order. Checked PG dashboard for txn. Order manually created. Will monitor.,helpdesk,250.0,2026-06,2026Q2,Dev Kulkarni,Billing,1,Bengaluru,Day,,,,,,1120,2499,12,Pulse True Wireless Earbuds,True,False,1460,False,False,"Dear Sir/Madam,
This is regarding pulse 1.  MONEY DEBITED BUT ORDER NOT SHOWING.
I TRIED LOGGING OUT AND IN. Nothing changed.
What do I do now?
Awaiting response Cust contacted re amount deducted without order. Checked PG dashboard for txn. Order manually created. Will monitor.",DUP-PAYMENT,0.7698113408504235,False
TK-247472,2025-11-26 08:36:00,2025-11-26 11:02:00,2025-11-26 11:24:00,resolved,email,C108412,VR886440,VA-EB-AIR,Billing & Payments,Normal,Billing,A3034,0,3.0,1439.0,GW-OTHER,N,payment went through but I got no order id,sorted,helpdesk,1439.0,2025-11,2025Q4,Tanvi Rathore,Billing,1,Indore,Morning,VA-EB-AIR,1.0,1439.0,2025-11-20,AIR-2508-1,760,1799,12,AirLite Earbuds,True,False,1100,False,True,payment went through but I got no order id sorted,DUP-PAYMENT,0.7692650267219895,False
TK-252513,2026-04-27 19:31:00,2026-04-27 20:56:00,2026-04-30 21:29:00,resolved,voice,C103270,,VA-EB-PL2,Returns & Refunds,Normal,Returns Desk,A3036,0,4.0,560.0,GW-OTHER,N,"hii
the return was accepted but the amount is nowhere in my account
my pulse 2
urgent",Cx reported rfnd pending. chk rfnd status on PG. rfnd confirmed credited. Follow-up not required. (SOP 2.7),helpdesk,560.0,2026-04,2026Q2,Ritika D'Souza,Returns Desk,1,Indore,Day,,,,,,1480,3499,12,Pulse 2 True Wireless Earbuds,True,False,1820,False,True,"hii
the return was accepted but the amount is nowhere in my account
my pulse 2
urgent Cx reported rfnd pending. chk rfnd status on PG. rfnd confirmed credited. Follow-up not required. (SOP 2.7)",RETURN-QC-OK,0.7690279803836789,False
TK-241333,2025-04-01 04:49:00,2025-04-01 05:02:00,2025-04-01 05:17:00,resolved,chat,C104162,VR898360,VA-SW-NX2,Other,Normal,Chat Frontline,A3002,0,,649900.0,GW-OTHER,N,"Not what I expected from Vireo. Got the Nexa 2 from vireo.in a month ago. want to cancel my order. I already tried cancel button, greyed out. I want a replacement or refund, nothng else.","re: cancel order | cancelled before dispatch -> refund approved, rs 6499, 5-7 working days (sop 4.2) [closed]",legacy_fd,6499.0,2025-04,2025Q2,Steven Ansari,Chat Frontline,1,Indore,Night,VA-SW-NX2,1.0,6499.0,2025-03-25,NX2-2412-2,2450,6499,12,Nexa 2 Smartwatch,True,False,2790,False,True,"Not what I expected from Vireo. Got the Nexa 2 from vireo.in a month ago. want to cancel my order. I already tried cancel button, greyed out. I want a replacement or refund, nothng else. re: cancel order | cancelled before dispatch -> refund approved, rs 6499, 5-7 working days (sop 4.2) [closed]",CANCEL,0.7688637542893341,False
TK-249009,2026-01-09 16:08:00,2026-01-09 16:17:00,2026-01-10 16:37:00,resolved,chat,C107523,,VA-SW-FIT,Returns & Refunds,Normal,Returns Desk,A3036,0,4.0,1699.0,GW-OTHER,N,"hello
you picked up the item 4 days ago and my money hasn't come back","1. rfnd delay
2. Checked rfnd status on PG
3. Ful rfnd processde (1699) -- Cx asked for replacement + refund, explained policy, refund only.",helpdesk,1699.0,2026-01,2026Q1,Ritika D'Souza,Returns Desk,1,Indore,Day,,,,,,850,1999,12,Nexa Fit Band,True,False,1190,False,True,"hello
you picked up the item 4 days ago and my money hasn't come back 1. rfnd delay
2. Checked rfnd status on PG
3. Ful rfnd processde (1699) -- Cx asked for replacement + refund, explained policy, refund only.",RETURN-QC-OK,0.7688529798848521,False
TK-246164,2025-10-23 14:54:00,2025-10-23 14:56:00,2025-10-24 15:13:00,resolved,chat,C102984,,VA-EB-PL2,Returns & Refunds,High,Returns Desk,A3036,0,4.0,3499.0,GW-OTHER,N,"helo
the return was accepted but the amount is nowhere in my account",Contact re rfd delay. chk revere pickup QC status. Full rfnd processed (3499). Will monitor.,helpdesk,3499.0,2025-10,2025Q4,Ritika D'Souza,Returns Desk,1,Indore,Day,,,,,,1480,3499,12,Pulse 2 True Wireless Earbuds,True,False,1820,False,True,"helo
the return was accepted but the amount is nowhere in my account Contact re rfd delay. chk revere pickup QC status. Full rfnd processed (3499). Will monitor.",RETURN-QC-OK,0.7687813347920246,False
TK-246408,2025-10-30 09:06:00,2025-10-30 09:14:00,2025-10-31 09:45:00,resolved,chat,C106091,,VA-NB-ARC,Returns & Refunds,Normal,Returns Desk,A3038,0,,1039.0,GW-OTHER,N,"Product: Arc neckband
Purchased: October 07
Issue: u picked up the item 8 days ago and my money hasn't come back
Tried: checked bank
Expected: resolution","1. rfnd delay
2. chk reverse pickup QC status
3. Full rfnd processed (1039)",helpdesk,1039.0,2025-10,2025Q4,Ankit Dhillon,Returns Desk,1,Bengaluru,Morning,,,,,,540,1299,12,Arc Neckband,True,False,880,False,True,"Product: Arc neckband
Purchased: October 07
Issue: u picked up the item 8 days ago and my money hasn't come back
Tried: checked bank
Expected: resolution 1. rfnd delay
2. chk reverse pickup QC status
3. Full rfnd processed (1039)",RETURN-QC-OK,0.7685253102837862,False
TK-249713,2026-02-01 11:44:00,2026-02-01 11:55:00,2026-02-04 12:22:00,closed,chat,C109100,,VA-EB-PL2,Delivery & Shipping,High,Logistics,A3031,0,2.0,3499.0,GW-OTHER,N,"hii
product arrived damaged
pls reply","Reverse pickup arranged. Issue: unit received damaged. Photos received, damage confirmed. Full refund issued and replacement dispatched as goodwill.",helpdesk,3499.0,2026-02,2026Q1,Zaid Desai,Logistics,1,Indore,Morning,,,,,,1480,3499,12,Pulse 2 True Wireless Earbuds,True,False,1820,False,True,"hii
product arrived damaged
pls reply Reverse pickup arranged. Issue: unit received damaged. Photos received, damage confirmed. Full refund issued and replacement dispatched as goodwill.",DOA-REPL,0.7674967068506143,False
TK-241559,2025-04-12 13:47:00,2025-04-12 13:49:00,2025-04-12 14:02:00,resolved,chat,C107437,,VA-SW-FIT,Delivery & Shipping,High,Logistics,A3031,0,4.0,80000.0,GW-OTHER,N,"Namaste, Tihs is regarding teh fit band. Received damaged product. I want a replacement. Thanks in advance,","Replacement dispatched. Issue: damaged in transit. Photos received, damage confirmed.",legacy_fd,800.0,2025-04,2025Q2,Zaid Desai,Logistics,1,Indore,Morning,,,,,,850,1999,12,Nexa Fit Band,True,False,1190,False,True,"Namaste, Tihs is regarding teh fit band. Received damaged product. I want a replacement. Thanks in advance, Replacement dispatched. Issue: damaged in transit. Photos received, damage confirmed.",DOA-REPL,0.7671026333790674,False
TK-250813,2026-03-05 09:39:00,2026-03-05 09:42:00,2026-03-05 09:59:00,resolved,chat,C101845,,VA-SW-NX2,Other,Normal,Chat Frontline,A3010,0,,926.0,GW-OTHER,N,"hii
want to cancel my order
my nexa 2 watch",re: cancel order | checked shipment status -> rfnd of rs 926 initiated to source ~Tenzin,helpdesk,926.0,2026-03,2026Q1,Tenzin Mathew,Chat Frontline,1,Bengaluru,Morning,,,,,,2450,6499,12,Nexa 2 Smartwatch,True,False,2790,False,True,"hii
want to cancel my order
my nexa 2 watch re: cancel order | checked shipment status -> rfnd of rs 926 initiated to source ~Tenzin",CANCEL,0.7669618045828595,False
TK-243097,2025-07-02 22:58:00,2025-07-03 00:14:00,2025-07-03 00:45:00,resolved,email,C101347,VR909251,VA-HP-ST3,Other,Normal,Email Frontline,A3016,0,3.0,5599.0,GW-OTHER,N,"hello vireo, my strata 3 headphones purchased a month ago, order vr909251. payment was deducted but no order was created. waiting for your reply.",Ticket raised for amount deducted without ord. chk PG dashboard for txn. Refunded Rs 5599. (SOP 3.1) -TK,helpdesk,5599.0,2025-07,2025Q3,Thomas Kumar,Email Frontline,1,Indore,Night,VA-HP-ST3,1.0,5599.0,2025-06-23,ST3-2505-4,2650,6999,12,Strata 3 Over-Ear Headphones,True,False,2990,False,True,"hello vireo, my strata 3 headphones purchased a month ago, order vr909251. payment was deducted but no order was created. waiting for your reply. Ticket raised for amount deducted without ord. chk PG dashboard for txn. Refunded Rs 5599. (SOP 3.1) -TK",DUP-PAYMENT,0.7663303472376513,False
TK-247217,2025-11-20 10:14:00,2025-11-20 10:59:00,2025-11-20 11:13:00,closed,social,C108825,VR892047,VA-AC-CBL,Returns & Refunds,Normal,Returns Desk,A3037,0,2.0,379.0,GW-OTHER,N,"Product: braided cable
Order: VR892047
Purchased: October 28
Issue: still waiting for my refund
Tried: emailed twice
Expected: resolution",full refund processed (379). issue: refund delay. checked refund status on pg. ~Manish,helpdesk,379.0,2025-11,2025Q4,Manish Iyer,Returns Desk,1,Indore,Morning,VA-AC-CBL,1.0,379.0,2025-10-28,CBL-2507-1,90,399,6,USB-C Braided Cable,True,False,430,False,False,"Product: braided cable
Order: VR892047
Purchased: October 28
Issue: still waiting for my refund
Tried: emailed twice
Expected: resolution full refund processed (379). issue: refund delay. checked refund status on pg. ~Manish",RETURN-QC-OK,0.7657746433830606,False
TK-246257,2025-10-26 10:42:00,2025-10-26 10:43:00,2025-10-26 10:59:00,resolved,chat,C102217,VR888215,VA-EB-AIR,Billing & Payments,Normal,Billing,A3016,1,,1799.0,GW-OTHER,N,Honestly regretting this purchase. I bought airlite earbuds on 19 Oct. payment was deducted but no order was created. I already waited 24 hours. Escalate this to someone senior,"Ticket raised for payment debited, no order. Asked for UTR. Transferred to Email Frontline. rfnd of Rs 1799 initiated to source. (SOP 5.4)",helpdesk,1799.0,2025-10,2025Q4,Thomas Kumar,Email Frontline,1,Indore,Night,VA-EB-AIR,1.0,1799.0,2025-10-19,AIR-2509-1,760,1799,12,AirLite Earbuds,True,False,1100,False,True,"Honestly regretting this purchase. I bought airlite earbuds on 19 Oct. payment was deducted but no order was created. I already waited 24 hours. Escalate this to someone senior Ticket raised for payment debited, no order. Asked for UTR. Transferred to Email Frontline. rfnd of Rs 1799 initiated to source. (SOP 5.4)",DUP-PAYMENT,0.7653377800677471,False
TK-253358,2026-05-25 10:23:00,2026-05-25 10:53:00,2026-05-25 11:10:00,closed,chat,C106646,VR896349,VA-HP-ST3,Delivery & Shipping,Normal,Logistics,A3028,0,4.0,892.0,GW-OTHER,N,cancel order VR896349,cust contacted re cancel ord. chk shipment status. full rfnd processed (892).,helpdesk,892.0,2026-05,2026Q2,Sameer Kapoor,Logistics,1,Indore,Morning,VA-HP-ST3,1.0,5949.0,2026-05-19,ST3-2603-4,2650,6999,12,Strata 3 Over-Ear Headphones,True,False,2990,False,True,cancel order VR896349 cust contacted re cancel ord. chk shipment status. full rfnd processed (892).,CANCEL,0.7650319119354488,False
TK-247158,2025-11-18 16:54:00,2025-11-18 17:06:00,2025-11-18 17:34:00,resolved,chat,C107204,,VA-EB-PL2,Other,Normal,Chat Frontline,A3012,0,3.0,3499.0,GW-OTHER,N,"dear sir/madam,

i am writing with reference to my order of pulse2 placed on 07/11. my order has not been delivered yet. i have checked the tracking page daily. i request you to process a refund to my original payment method.

sincerely,
divya ghosh",cust contacted re delivery delayed. checked awb with courier. full refund processed (3499).,helpdesk,3499.0,2025-11,2025Q4,Lakshmi Srivastava,Chat Frontline,1,Bengaluru,Day,,,,,,1480,3499,12,Pulse 2 True Wireless Earbuds,True,False,1820,False,True,"dear sir/madam,

i am writing with reference to my order of pulse2 placed on 07/11. my order has not been delivered yet. i have checked the tracking page daily. i request you to process a refund to my original payment method.

sincerely,
divya ghosh cust contacted re delivery delayed. checked awb with courier. full refund processed (3499).",LOST-TRANSIT,0.7649896242129417,False
TK-248950,2026-01-07 18:41:00,2026-01-07 18:50:00,2026-01-07 19:21:00,resolved,chat,C105183,VR883801,VA-EB-PL2,Billing & Payments,High,Billing,A3035,0,,560.0,GW-OTHER,N,"Ordered my Pulse 2 recently. UPI shows success, your app shows nothing. I tried logging out and in. Nothing changed. Please help. Awaiting response, Amit",Cx reported failed order after payment. chk PG dashboard for txn. Refund processed to source. Cx satisfied on chat.,helpdesk,560.0,2026-01,2026Q1,Dev Kulkarni,Billing,1,Bengaluru,Day,VA-EB-PL2,1.0,2799.0,2026-01-04,PL2-2509-3,1480,3499,12,Pulse 2 True Wireless Earbuds,True,False,1820,False,True,"Ordered my Pulse 2 recently. UPI shows success, your app shows nothing. I tried logging out and in. Nothing changed. Please help. Awaiting response, Amit Cx reported failed order after payment. chk PG dashboard for txn. Refund processed to source. Cx satisfied on chat.",DUP-PAYMENT,0.764435787561694,False
TK-242270,2025-05-20 20:32:00,2025-05-20 20:37:00,2025-05-21 21:08:00,resolved,chat,C108383,VR882542,VA-HP-ST3,Returns & Refunds,Normal,Returns Desk,A3036,0,,6999.0,GW-OTHER,N,"hii
where is the money for the return",Cx reported refund delay. Checked refund status on PG. Refund conf credited. Cx informed.,helpdesk,6999.0,2025-05,2025Q2,Ritika D'Souza,Returns Desk,1,Indore,Day,VA-HP-ST3,1.0,6999.0,2025-05-06,ST3-2502-4,2650,6999,12,Strata 3 Over-Ear Headphones,True,False,2990,False,True,"hii
where is the money for the return Cx reported refund delay. Checked refund status on PG. Refund conf credited. Cx informed.",RETURN-QC-OK,0.7642519508561668,False
TK-248803,2026-01-02 16:35:00,2026-01-02 20:00:00,2026-01-02 20:14:00,resolved,email,C104063,,VA-SW-NX2,Returns & Refunds,Normal,Returns Desk,A3036,0,,926.0,GW-OTHER,N,"Product: my Nexa 2 watch
Order: VR899547
Purchased: 10-12-2025
Issue: where is the money for the return
Tried: emailed twice
Expected: resolution","Contact re refund delay. Checked refund status on PG. Refund approved, Rs 926, 5-7 working days. Cx informed.",helpdesk,926.0,2026-01,2026Q1,Ritika D'Souza,Returns Desk,1,Indore,Day,,,,,,2450,6499,12,Nexa 2 Smartwatch,True,False,2790,False,True,"Product: my Nexa 2 watch
Order: VR899547
Purchased: 10-12-2025
Issue: where is the money for the return
Tried: emailed twice
Expected: resolution Contact re refund delay. Checked refund status on PG. Refund approved, Rs 926, 5-7 working days. Cx informed.",RETURN-QC-OK,0.7642188210621031,False
TK-246276,2025-10-26 18:21:00,2025-10-26 18:50:00,,pending,social,C100798,VR894340,VA-EB-PL1,Billing & Payments,High,Billing,A3035,0,,2249.0,GW-OTHER,N,"Hey,
This is regarding my Pulse. The page failed after I paid and now nothing shows in my account.
I waited 24 hours.
Very poor quality.
I want my moeny back.
Rgds Pranav",re: failed ord after payment | conf w/ payment gateway -> auto-rfnd conf within 5-7 days,helpdesk,2249.0,2025-10,2025Q4,Dev Kulkarni,Billing,1,Bengaluru,Day,VA-EB-PL1,1.0,2249.0,2025-10-12,PL1-2508-2,1120,2499,12,Pulse True Wireless Earbuds,True,False,1460,False,True,"Hey,
This is regarding my Pulse. The page failed after I paid and now nothing shows in my account.
I waited 24 hours.
Very poor quality.
I want my moeny back.
Rgds Pranav re: failed ord after payment | conf w/ payment gateway -> auto-rfnd conf within 5-7 days",DUP-PAYMENT,0.7639148830419429,False
TK-244330,2025-08-26 10:30:00,2025-08-26 10:32:00,2025-08-28 10:57:00,resolved,chat,C103114,VR898873,VA-EB-PL2,Returns & Refunds,Normal,Returns Desk,A3037,0,,148700.0,GW-OTHER,N,"Product: Pulse2
Order: VR898873
Purchased: 19/08
Issue: u picked up the item 11 days ago and my money hasn't come back
Tried: checked bank
Expected: refund","1. refund not credited
2. checked refund status on pg
3. refund of rs 1487 initiated to source ~Manish",legacy_fd,1487.0,2025-08,2025Q3,Manish Iyer,Returns Desk,1,Indore,Morning,VA-EB-PL2,1.0,2974.0,2025-08-19,PL2-2505-1,1480,3499,12,Pulse 2 True Wireless Earbuds,True,False,1820,False,True,"Product: Pulse2
Order: VR898873
Purchased: 19/08
Issue: u picked up the item 11 days ago and my money hasn't come back
Tried: checked bank
Expected: refund 1. refund not credited
2. checked refund status on pg
3. refund of rs 1487 initiated to source ~Manish",RETURN-QC-OK,0.7638580553204214,False
TK-250489,2026-02-23 17:42:00,2026-02-23 19:00:00,2026-02-26 19:18:00,resolved,voice,C106605,VR884809,VA-EB-PL1,Returns & Refunds,High,Returns Desk,A3036,0,,500.0,GW-OTHER,N,the return was accepted but the amonut is nowhere in my account - VR884809 - please advise,Cx reported refund pending. Checked reveerse pickup QC status. Reffund of Rs 500 initiated to source. Follow-up not required.,helpdesk,500.0,2026-02,2026Q1,Ritika D'Souza,Returns Desk,1,Indore,Day,VA-EB-PL1,1.0,2499.0,2026-02-20,PL1-2601-3,1120,2499,12,Pulse True Wireless Earbuds,True,False,1460,False,False,the return was accepted but the amonut is nowhere in my account - VR884809 - please advise Cx reported refund pending. Checked reveerse pickup QC status. Reffund of Rs 500 initiated to source. Follow-up not required.,RETURN-QC-OK,0.763566302760328,False
TK-241236,2025-03-26 22:23:00,2025-03-26 22:24:00,,pending,chat,C100498,VR906071,VA-HP-ST3,Billing & Payments,High,Billing,A3032,0,3.0,350000.0,GW-OTHER,N,"Product: Strata 3
Purchased: March 09
Issue: you picked up the item 11 days ago and my money hasn't come back
Tried: checked bank
Expected: callback","rfnd of rs 3500 initiated to source. issue: rfnd not credited. checked reverse pickup qc status. offered replacement, cx preferred refund. refund processed. ~Sneha",legacy_fd,3500.0,2025-03,2025Q1,Sneha Bansal,Billing,1,Indore,Morning,VA-HP-ST3,1.0,6999.0,2025-03-09,ST3-2501-3,2650,6999,12,Strata 3 Over-Ear Headphones,True,False,2990,False,True,"Product: Strata 3
Purchased: March 09
Issue: you picked up the item 11 days ago and my money hasn't come back
Tried: checked bank
Expected: callback rfnd of rs 3500 initiated to source. issue: rfnd not credited. checked reverse pickup qc status. offered replacement, cx preferred refund. refund processed. ~Sneha",RETURN-QC-OK,0.7634958953958905,False
TK-248345,2025-12-19 18:34:00,2025-12-19 21:25:00,2025-12-19 21:44:00,resolved,email,C101826,,VA-EB-AIR,Billing & Payments,High,Billing,A3009,1,,1709.0,GW-OTHER,N,"hi sir
my bank says rs 1799 went to you but your site sas i have no orders
last week se
urgent","cx reached out - payment debited, no ord. Checked PG dashboard for txn. xfer to Chat Frontline. Refunded Rs 1709. (SOP 3.1)",helpdesk,1709.0,2025-12,2025Q4,Sukhwinder Singh,Chat Frontline,1,Indore,Day,,,,,,760,1799,12,AirLite Earbuds,True,False,1100,False,True,"hi sir
my bank says rs 1799 went to you but your site sas i have no orders
last week se
urgent cx reached out - payment debited, no ord. Checked PG dashboard for txn. xfer to Chat Frontline. Refunded Rs 1709. (SOP 3.1)",DUP-PAYMENT,0.7618249048810158,False
TK-244078,2025-08-14 20:22:00,2025-08-14 20:33:00,2025-08-15 21:05:00,resolved,chat,C107204,,VA-EB-PL2,Returns & Refunds,Normal,Returns Desk,A3036,0,,47200.0,GW-OTHER,N,refund not received yet,"Cx says rnd pending. Checked reverse pkp QC status. rfnd approved, Rs 472, 5-7 working days. Follow-up not required. (SOP 5.4)",legacy_fd,472.0,2025-08,2025Q3,Ritika D'Souza,Returns Desk,1,Indore,Day,,,,,,1480,3499,12,Pulse 2 True Wireless Earbuds,True,False,1820,False,False,"refund not received yet Cx says rnd pending. Checked reverse pkp QC status. rfnd approved, Rs 472, 5-7 working days. Follow-up not required. (SOP 5.4)",RETURN-QC-OK,0.7615617964221663,False
TK-245745,2025-10-13 01:26:00,2025-10-13 13:18:00,2025-10-15 13:45:00,resolved,email,C105874,,VA-HP-ST3,Delivery & Shipping,High,Logistics,A3002,1,1.0,6999.0,GW-OTHER,N,"To the Vireo Customer Care Team,

I am writing with reference to my order of Strata 3 placed on October 08.  Screen has a crack before I even switched it on. I have refused nothing as I didn't notice till later. I request you to look into this matter at the earliest.

Yours faithfully,
Rajat Bansal",cx: damaged in transit | checked with courier for damage claim -> full refund processed (6999) | xfer chat frontline (sop 5.4) [closed],helpdesk,6999.0,2025-10,2025Q4,Steven Ansari,Chat Frontline,1,Indore,Night,,,,,,2650,6999,12,Strata 3 Over-Ear Headphones,True,False,2990,False,True,"To the Vireo Customer Care Team,

I am writing with reference to my order of Strata 3 placed on October 08.  Screen has a crack before I even switched it on. I have refused nothing as I didn't notice till later. I request you to look into this matter at the earliest.

Yours faithfully,
Rajat Bansal cx: damaged in transit | checked with courier for damage claim -> full refund processed (6999) | xfer chat frontline (sop 5.4) [closed]",DOA-REPL,0.7614353911733283,False
TK-248288,2025-12-17 22:15:00,2025-12-17 22:20:00,2025-12-17 22:45:00,resolved,chat,C107871,VR909022,VA-HP-ST3,Returns & Refunds,Normal,Returns Desk,A3038,0,4.0,6649.0,GW-OTHER,N,refund not received yet - VR909022 - kindyl look into it,"1. Refund delay
2. Checked refund status on PG
3. Refunded Rs 6649",helpdesk,6649.0,2025-12,2025Q4,Ankit Dhillon,Returns Desk,1,Bengaluru,Morning,VA-HP-ST3,1.0,6649.0,2025-11-23,ST3-2509-2,2650,6999,12,Strata 3 Over-Ear Headphones,True,False,2990,False,True,"refund not received yet - VR909022 - kindyl look into it 1. Refund delay
2. Checked refund status on PG
3. Refunded Rs 6649",RETURN-QC-OK,0.760392622821444,False
TK-253747,2026-06-05 15:32:00,2026-06-05 19:25:00,2026-06-07 19:40:00,resolved,email,C107576,VR902472,VA-EB-PL2,Returns & Refunds,Normal,Returns Desk,A3036,0,,2974.0,GW-OTHER,N,This is very disappointing. Order VR902472 (Pulse 2). the return was accepted but the amount is nowhere in my account. I already checked bank. Escalate this to someone senior.,Cx reported refund delay. Checked reverse pkp QC status. Refund of Rs 2974 initiated to source. Follow-up not required.,helpdesk,2974.0,2026-06,2026Q2,Ritika D'Souza,Returns Desk,1,Indore,Day,VA-EB-PL2,1.0,2974.0,2026-06-02,PL2-2602-4,1480,3499,12,Pulse 2 True Wireless Earbuds,True,False,1820,False,True,This is very disappointing. Order VR902472 (Pulse 2). the return was accepted but the amount is nowhere in my account. I already checked bank. Escalate this to someone senior. Cx reported refund delay. Checked reverse pkp QC status. Refund of Rs 2974 initiated to source. Follow-up not required.,RETURN-QC-OK,0.7601892558833068,False
TK-244484,2025-09-01 14:54:00,2025-09-01 23:34:00,,pending,email,C105873,VR882747,VA-EB-PL1,Delivery & Shipping,Normal,Logistics,A3028,0,,249900.0,GW-OTHER,N,"Product: the Pulse buds
Order: VR882747
Purchased: August 20
Issue: received damaged product
Tried: refused nothing as I didn't notice til later
Expected: callback","full refund processed (2499). issue: unit rcvd damaged. photos rcvd, damage conf.",legacy_fd,2499.0,2025-09,2025Q3,Sameer Kapoor,Logistics,1,Indore,Morning,VA-EB-PL1,1.0,2499.0,2025-08-20,PL1-2505-1,1120,2499,12,Pulse True Wireless Earbuds,True,False,1460,False,True,"Product: the Pulse buds
Order: VR882747
Purchased: August 20
Issue: received damaged product
Tried: refused nothing as I didn't notice til later
Expected: callback full refund processed (2499). issue: unit rcvd damaged. photos rcvd, damage conf.",DOA-REPL,0.7599713000363082,False
TK-242222,2025-05-18 05:17:00,2025-05-18 06:33:00,2025-05-18 06:54:00,resolved,email,C103298,VR903392,VA-HP-ST3,Other,Normal,Email Frontline,A3020,0,,63000.0,GW-OTHER,N,"namaste, this is regarding my strata 3 headphones. coupon code not working. what do i do now? thanks in advance, ritika bhatia","cx states coupon not applied. chk coupon validity. rfnd approved, rs 630, 5-7 working days.",legacy_fd,630.0,2025-05,2025Q2,Aadhya Singh,Email Frontline,1,Bengaluru,Morning,VA-HP-ST3,1.0,6299.0,2025-05-10,ST3-2503-1,2650,6999,12,Strata 3 Over-Ear Headphones,True,False,2990,False,True,"namaste, this is regarding my strata 3 headphones. coupon code not working. what do i do now? thanks in advance, ritika bhatia cx states coupon not applied. chk coupon validity. rfnd approved, rs 630, 5-7 working days.",PRICE-ADJ,0.7597322152393456,False
TK-245382,2025-10-01 16:37:00,2025-10-01 17:53:00,2025-10-01 18:15:00,closed,social,C103858,VR906334,VA-EB-AIR,Billing & Payments,High,Billing,A3035,0,4.0,216.0,GW-OTHER,N,"dear sir/madam, got the airlite buds from amazon last week. promo cdoe shows invalid. i trieed in caps. nothing changed. please advise. awaiting response, imran","Cx reported coupon not applied. chk coupon validity. Refund approved, Rs 216, 5-7 working days. Cx informed.",helpdesk,216.0,2025-10,2025Q4,Dev Kulkarni,Billing,1,Bengaluru,Day,VA-EB-AIR,1.0,1439.0,2025-09-26,AIR-2506-4,760,1799,12,AirLite Earbuds,True,False,1100,False,False,"dear sir/madam, got the airlite buds from amazon last week. promo cdoe shows invalid. i trieed in caps. nothing changed. please advise. awaiting response, imran Cx reported coupon not applied. chk coupon validity. Refund approved, Rs 216, 5-7 working days. Cx informed.",PRICE-ADJ,0.7589502934081355,False
TK-252081,2026-04-12 08:28:00,2026-04-12 10:51:00,2026-04-15 11:18:00,resolved,email,C106048,,VA-SW-NX2,Returns & Refunds,High,Returns Desk,A3037,0,,6499.0,GW-OTHER,N,"product: nexa 2
order: vr890426
purchased: 27/03
issue: still waiting for my refund
tried: checked bank
expected: callback",full refund processed (6499). issue: refund delay. chk reverse pkp qc status. ~Manish,helpdesk,6499.0,2026-04,2026Q2,Manish Iyer,Returns Desk,1,Indore,Morning,,,,,,2450,6499,12,Nexa 2 Smartwatch,True,False,2790,False,True,"product: nexa 2
order: vr890426
purchased: 27/03
issue: still waiting for my refund
tried: checked bank
expected: callback full refund processed (6499). issue: refund delay. chk reverse pkp qc status. ~Manish",RETURN-QC-OK,0.7587338144736698,False
TK-248352,2025-12-19 22:08:00,2025-12-19 22:08:00,2025-12-19 22:37:00,resolved,chat,C109405,VR889940,VA-HP-ST3,Audio Quality,Normal,Chat Frontline,A3002,0,,6999.0,GW-OTHER,N,"Hello Vireo, This is regarding Strata 3. Works for music but useless for meetings. I tried different apps. I watn a replacement.","cx: low mic pickup | tested on call with cx -> new unit shipped under doa.
amount returned to card; fresh unit shipped from blr warehouse. [closed]",helpdesk,6999.0,2025-12,2025Q4,Steven Ansari,Chat Frontline,1,Indore,Night,VA-HP-ST3,1.0,6999.0,2025-08-19,ST3-2507-1,2650,6999,12,Strata 3 Over-Ear Headphones,True,False,2990,False,True,"Hello Vireo, This is regarding Strata 3. Works for music but useless for meetings. I tried different apps. I watn a replacement. cx: low mic pickup | tested on call with cx -> new unit shipped under doa.
amount returned to card; fresh unit shipped from blr warehouse. [closed]",WTY-BUYBACK,0.7581209263012267,False
TK-246357,2025-10-28 18:25:00,2025-10-28 18:27:00,2025-10-28 18:58:00,resolved,chat,C109476,,VA-EB-AIR,Billing & Payments,High,Billing,A3035,0,,1799.0,GW-OTHER,N,"the page failed after I paid and now nothing shows in my account, i want a replacement",Cx says amount deducted without ord. Asked for UTR. ord manually created. Case closed w/ cx consent.,helpdesk,1799.0,2025-10,2025Q4,Dev Kulkarni,Billing,1,Bengaluru,Day,,,,,,760,1799,12,AirLite Earbuds,True,False,1100,False,True,"the page failed after I paid and now nothing shows in my account, i want a replacement Cx says amount deducted without ord. Asked for UTR. ord manually created. Case closed w/ cx consent.",DUP-PAYMENT,0.7564069241233359,False
TK-245523,2025-10-06 16:10:00,2025-10-06 21:06:00,2025-10-06 21:27:00,resolved,email,C103427,VR905972,VA-EB-PL2,Returns & Refunds,Low,Returns Desk,A3036,0,,350.0,GW-OTHER,N,"product: pulse2
order: vr905972
purchased: 14-09-2025
issue: you picked up the item 10 days ago and my money hasn't come back
tried: checked bank
expected: refund",Reported: refund not credited. chk refund status on PG. Refunded Rs 350. Will monitor. (SOP 2.7),helpdesk,350.0,2025-10,2025Q4,Ritika D'Souza,Returns Desk,1,Indore,Day,VA-EB-PL2,1.0,3499.0,2025-09-14,PL2-2508-2,1480,3499,12,Pulse 2 True Wireless Earbuds,True,False,1820,False,False,"product: pulse2
order: vr905972
purchased: 14-09-2025
issue: you picked up the item 10 days ago and my money hasn't come back
tried: checked bank
expected: refund Reported: refund not credited. chk refund status on PG. Refunded Rs 350. Will monitor. (SOP 2.7)",RETURN-QC-OK,0.7556394064531269,False
TK-240702,2025-02-23 18:31:00,2025-02-23 19:10:00,2025-02-23 19:23:00,resolved,voice,C102416,VR902313,VA-SW-FIT,Other,Normal,Voice Frontline,A3026,0,4.0,169900.0,GW-OTHER,N,"[IVR transcript] sir ji please cancel, ordered by mistake bahut pareshan hu","cx: cancellation request | cancelled before dispatch -> already shipped, adv rto/return //AAD",legacy_fd,1699.0,2025-02,2025Q1,Aadhya Deshpande,Voice Frontline,1,Bengaluru,Day,VA-SW-FIT,1.0,1699.0,2025-02-16,FIT-2411-1,850,1999,12,Nexa Fit Band,True,False,1190,False,True,"[IVR transcript] sir ji please cancel, ordered by mistake bahut pareshan hu cx: cancellation request | cancelled before dispatch -> already shipped, adv rto/return //AAD",CANCEL,0.7556313080760698,False
TK-251443,2026-03-24 10:01:00,2026-03-24 10:04:00,2026-03-24 10:21:00,closed,chat,C104230,VR907063,VA-SP-ORB,Other,Normal,Chat Frontline,A3013,0,3.0,5399.0,GW-OTHER,N,"Honestly regretting this purchase. my Orbit purchased a month ago, order VR907063. the courier marked it delivered but nobody in my house got anything. I already checked the tracking page daily. Refund. Now.","refund approved, rs 5399, 5-7 working days. issue: delivery delayed. confirmed address with cx. ~Rohit",helpdesk,5399.0,2026-03,2026Q1,Rohit Nair,Chat Frontline,1,Bengaluru,Morning,VA-SP-ORB,1.0,5399.0,2026-03-16,ORB-2601-2,2300,5999,12,Orbit Smart Speaker,True,False,2640,False,True,"Honestly regretting this purchase. my Orbit purchased a month ago, order VR907063. the courier marked it delivered but nobody in my house got anything. I already checked the tracking page daily. Refund. Now. refund approved, rs 5399, 5-7 working days. issue: delivery delayed. confirmed address with cx. ~Rohit",LOST-TRANSIT,0.7546784941853911,False
TK-251463,2026-03-24 19:02:00,2026-03-24 19:07:00,2026-03-24 19:33:00,resolved,chat,C108219,VR897193,VA-EB-PL2,Billing & Payments,High,Billing,A3035,0,,3149.0,GW-OTHER,N,"Product: teh Pulse 2 earbuds
Order: VR897193
Purchased: 14-03-2026
Issue: paid via UPI, amount deducted, no order confirmation
Tried: chhecked bank statement
Expected: callback",Customer states amount deducted without ord. Asked for UTR. Refunded Rs 3149. Cx satisfied on chat.,helpdesk,3149.0,2026-03,2026Q1,Dev Kulkarni,Billing,1,Bengaluru,Day,VA-EB-PL2,1.0,3149.0,2026-03-14,PL2-2512-4,1480,3499,12,Pulse 2 True Wireless Earbuds,True,False,1820,False,True,"Product: teh Pulse 2 earbuds
Order: VR897193
Purchased: 14-03-2026
Issue: paid via UPI, amount deducted, no order confirmation
Tried: chhecked bank statement
Expected: callback Customer states amount deducted without ord. Asked for UTR. Refunded Rs 3149. Cx satisfied on chat.",DUP-PAYMENT,0.7546135532320073,False
TK-245000,2025-09-19 11:54:00,2025-09-19 12:26:00,2025-09-21 12:45:00,resolved,voice,C100459,VR884350,VA-EB-PL2,Billing & Payments,High,Billing,A3032,0,3.0,3499.0,GW-OTHER,N,[IVR transcript] hey u picked up the item 4 days ago and my moeny hasn't come back pulse2 urgent,"1. refund delay
2. checked refund status on pg
3. refunded rs 3499 ~Sneha",helpdesk,3499.0,2025-09,2025Q3,Sneha Bansal,Billing,1,Indore,Morning,VA-EB-PL2,1.0,3499.0,2025-08-20,PL2-2506-1,1480,3499,12,Pulse 2 True Wireless Earbuds,True,False,1820,False,True,"[IVR transcript] hey u picked up the item 4 days ago and my moeny hasn't come back pulse2 urgent 1. refund delay
2. checked refund status on pg
3. refunded rs 3499 ~Sneha",RETURN-QC-OK,0.7527062821597802,False
TK-254481,2026-06-29 12:15:00,2026-06-29 12:17:00,2026-07-02 12:37:00,resolved,chat,C100069,VR891785,VA-AC-CASE,Returns & Refunds,Normal,Returns Desk,A3037,0,,166.0,GW-OTHER,N,"Hello Vireo,
This is regarding spare case. The return was accepted but the amount is nowhere in my account.
I checked bank. Nothing changed.
Please call me on my registered number.",refunded rs 166. issue: refund not credited. checked reverse pkp qc status.,helpdesk,166.0,2026-06,2026Q2,Manish Iyer,Returns Desk,1,Indore,Morning,VA-AC-CASE,1.0,1104.0,2026-06-05,CASE-2603-1,620,1299,6,Pulse Charging Case (spare),True,False,960,False,False,"Hello Vireo,
This is regarding spare case. The return was accepted but the amount is nowhere in my account.
I checked bank. Nothing changed.
Please call me on my registered number. refunded rs 166. issue: refund not credited. checked reverse pkp qc status.",RETURN-QC-OK,0.752546504415646,False
TK-251723,2026-04-01 10:27:00,2026-04-01 11:45:00,2026-04-01 12:00:00,closed,email,C107213,VR881881,VA-AC-CBL,Other,Normal,Email Frontline,A3020,0,4.0,144.0,GW-OTHER,N,"team,
change of mind, please stop teh shipment
usb-c cable
??",ticket raised for ord cancellation. cancelled before dispatch. full rfnd processed (144).,helpdesk,144.0,2026-04,2026Q2,Aadhya Singh,Email Frontline,1,Bengaluru,Morning,VA-AC-CBL,2.0,718.0,2026-04-01,CBL-2601-3,90,399,6,USB-C Braided Cable,True,False,430,False,False,"team,
change of mind, please stop teh shipment
usb-c cable
?? ticket raised for ord cancellation. cancelled before dispatch. full rfnd processed (144).",CANCEL,0.7520817681216053,False
TK-247767,2025-12-03 11:40:00,2025-12-03 11:52:00,2025-12-04 12:23:00,resolved,voice,C100239,VR885111,VA-EB-PL2,Returns & Refunds,Low,Returns Desk,A3038,0,3.0,3499.0,GW-OTHER,N,"[IVR transcript] Hey, I bought Pulse2 on November 25.  Where is the money for the return. I want a replacement. Regards,","1. Refund delay
2. Checked reverse pickup QC status
3. Refund of Rs 3499 initiated to source",helpdesk,3499.0,2025-12,2025Q4,Ankit Dhillon,Returns Desk,1,Bengaluru,Morning,VA-EB-PL2,1.0,3499.0,2025-11-25,PL2-2508-1,1480,3499,12,Pulse 2 True Wireless Earbuds,True,False,1820,False,True,"[IVR transcript] Hey, I bought Pulse2 on November 25.  Where is the money for the return. I want a replacement. Regards, 1. Refund delay
2. Checked reverse pickup QC status
3. Refund of Rs 3499 initiated to source",RETURN-QC-OK,0.7505131948812694,False
TK-246059,2025-10-21 12:46:00,2025-10-21 12:53:00,2025-10-21 13:11:00,resolved,chat,C102775,,VA-EB-PL1,Other,Low,Chat Frontline,A3011,0,4.0,1250.0,GW-OTHER,N,"hello ji
change of mind, please stop the sihpment
kuch karo
pule earbuds","Cancelled, rfnd initiated. Issue: cancel ord. Canclled before dispatch.",helpdesk,1250.0,2025-10,2025Q4,Rohit Gill,Chat Frontline,1,Bengaluru,Morning,,,,,,1120,2499,12,Pulse True Wireless Earbuds,True,False,1460,False,True,"hello ji
change of mind, please stop the sihpment
kuch karo
pule earbuds Cancelled, rfnd initiated. Issue: cancel ord. Canclled before dispatch.",CANCEL,0.7501881012846733,False
TK-245084,2025-09-22 19:22:00,2025-09-22 22:25:00,,pending,email,C106874,VR908566,VA-HP-ST3,Returns & Refunds,Normal,Returns Desk,A3038,0,,13998.0,GW-OTHER,N,"Product: my Strata 3 headphones
Order: VR908566
Purchased: September 10
Issue: refund was promised 12 days ago and nothing
Tried: checked bank
Expected: fix","1. Refund not credited
2. chk refund status on PG
3. Refunded Rs 13998",helpdesk,13998.0,2025-09,2025Q3,Ankit Dhillon,Returns Desk,1,Bengaluru,Morning,VA-HP-ST3,2.0,13998.0,2025-09-10,ST3-2506-2,2650,6999,12,Strata 3 Over-Ear Headphones,True,False,2990,False,True,"Product: my Strata 3 headphones
Order: VR908566
Purchased: September 10
Issue: refund was promised 12 days ago and nothing
Tried: checked bank
Expected: fix 1. Refund not credited
2. chk refund status on PG
3. Refunded Rs 13998",RETURN-QC-OK,0.7501811885287946,False
TK-252644,2026-05-02 15:59:00,2026-05-02 16:06:00,2026-05-04 16:29:00,resolved,chat,C104637,,VA-EB-PL2,Returns & Refunds,Low,Returns Desk,A3020,1,3.0,1400.0,GW-OTHER,N,"helo
where is the money for the return
my pulse 2
anyone there",contact re rfnd not credited. checked reverse pkp qc status. xfer to email frontline. rfnd of rs 1400 initiated to source.,helpdesk,1400.0,2026-05,2026Q2,Aadhya Singh,Email Frontline,1,Bengaluru,Morning,,,,,,1480,3499,12,Pulse 2 True Wireless Earbuds,True,False,1820,False,True,"helo
where is the money for the return
my pulse 2
anyone there contact re rfnd not credited. checked reverse pkp qc status. xfer to email frontline. rfnd of rs 1400 initiated to source.",RETURN-QC-OK,0.750150292603827,False
TK-247308,2025-11-21 19:41:00,2025-11-21 19:43:00,2025-11-24 20:06:00,resolved,chat,C103648,VR890548,VA-SP-MINI,Returns & Refunds,Normal,Returns Desk,A3036,0,,2249.0,GW-OTHER,N,"Hi there, I bought the mini speaker on 18/11. The return was accepted but the amount is nowhere in my account. Please advise.","Contact re refund delay. Checked reverse pkp QC status. Refunded Rs 2249. Will monitor. | Cx asked for rplc + rfnd, explained policy, rfnd only.",helpdesk,2249.0,2025-11,2025Q4,Ritika D'Souza,Returns Desk,1,Indore,Day,VA-SP-MINI,1.0,2249.0,2025-11-18,MINI-2509-4,980,2499,12,Orbit Mini Speaker,True,False,1320,False,True,"Hi there, I bought the mini speaker on 18/11. The return was accepted but the amount is nowhere in my account. Please advise. Contact re refund delay. Checked reverse pkp QC status. Refunded Rs 2249. Will monitor. | Cx asked for rplc + rfnd, explained policy, rfnd only.",RETURN-QC-OK,0.7501337814542414,False
TK-241026,2025-03-14 20:59:00,2025-03-14 21:00:00,2025-03-14 21:39:00,resolved,chat,C106097,,VA-EB-AIR,Billing & Payments,High,Billing,A3035,0,4.0,32400.0,GW-OTHER,N,"helo
my bank says rs 1799 went to you but your site says i have no orders",Ticket raised for faild ord after payment. Asked for UTR. rfnd of Rs 324 initiated to source. Cx satisfied on chat.,legacy_fd,324.0,2025-03,2025Q1,Dev Kulkarni,Billing,1,Bengaluru,Day,,,,,,760,1799,12,AirLite Earbuds,True,False,1100,False,False,"helo
my bank says rs 1799 went to you but your site says i have no orders Ticket raised for faild ord after payment. Asked for UTR. rfnd of Rs 324 initiated to source. Cx satisfied on chat.",DUP-PAYMENT,0.7500244528050297,False
TK-245880,2025-10-16 14:17:00,2025-10-16 15:09:00,2025-10-19 15:26:00,resolved,email,C104210,VR908895,VA-EB-PL2,Returns & Refunds,Normal,Returns Desk,A3036,0,5.0,2974.0,GW-OTHER,N,"Product: Pulse2
Order: VR908895
Purchased: 20 Sep
Issue: refund not received yet
Tried: emailed twice
Expected: callback","1. Refund peding
2. Checked reverse pickup QC status
3. Refund of Rs 2974 initiated to source (SOP 3.1)",helpdesk,2974.0,2025-10,2025Q4,Ritika D'Souza,Returns Desk,1,Indore,Day,VA-EB-PL2,1.0,2974.0,2025-09-20,PL2-2506-4,1480,3499,12,Pulse 2 True Wireless Earbuds,True,False,1820,False,True,"Product: Pulse2
Order: VR908895
Purchased: 20 Sep
Issue: refund not received yet
Tried: emailed twice
Expected: callback 1. Refund peding
2. Checked reverse pickup QC status
3. Refund of Rs 2974 initiated to source (SOP 3.1)",RETURN-QC-OK,0.7498496825264955,False
TK-247392,2025-11-23 20:55:00,2025-11-24 01:26:00,2025-11-24 01:44:00,resolved,email,C101537,,VA-SW-NX1,Other,Normal,Email Frontline,A3002,0,,4749.0,GW-OTHER,N,"orered the wrrong colour, don't ship it",cx: cancellation request | checked shipment status -> refunded rs 4749 [closed],helpdesk,4749.0,2025-11,2025Q4,Steven Ansari,Chat Frontline,1,Indore,Night,,,,,,1900,4999,12,Nexa Smartwatch,True,False,2240,False,True,"orered the wrrong colour, don't ship it cx: cancellation request | checked shipment status -> refunded rs 4749 [closed]",CANCEL,0.74982891466139,False
TK-245141,2025-09-24 20:52:00,2025-09-25 00:46:00,2025-09-25 01:03:00,resolved,email,C105833,VR907463,VA-HP-ST3,Delivery & Shipping,Normal,Logistics,A3028,0,,6999.0,GW-OTHER,N,"Hello, I bought Strata 3 on September 17. Box was cruhsed and the Strata 3 is cracked. I refused nothing as I didn't notice till later. What do I do now? Please revert Mohammed Mittal","cust contacted re unit rcvd damaged. photos rcvd, damage conf. rplc raised, rma shared w/ cx. full rfnd issued & rplc dispatched as goodwill.",helpdesk,6999.0,2025-09,2025Q3,Sameer Kapoor,Logistics,1,Indore,Morning,VA-HP-ST3,1.0,6999.0,2025-09-17,ST3-2507-3,2650,6999,12,Strata 3 Over-Ear Headphones,True,False,2990,False,True,"Hello, I bought Strata 3 on September 17. Box was cruhsed and the Strata 3 is cracked. I refused nothing as I didn't notice till later. What do I do now? Please revert Mohammed Mittal cust contacted re unit rcvd damaged. photos rcvd, damage conf. rplc raised, rma shared w/ cx. full rfnd issued & rplc dispatched as goodwill.",DOA-REPL,0.7485731458569151,False
TK-247506,2025-11-27 08:36:00,2025-11-27 08:39:00,2025-11-27 09:15:00,resolved,chat,C102221,VR892720,VA-EB-PL1,Billing & Payments,Low,Billing,A3033,0,3.0,2124.0,GW-OTHER,N,"Hi Vireo support, my Pulse purchased in November, order VR892720. Two entries of Rs 4999 on my statement for one pair of earbuds. I checked wih bank. Nothing changed. Need this sorted this week.","1. double charge
2. checked pg for duplicate txn
3. refund processed",helpdesk,2124.0,2025-11,2025Q4,Vikram Banerjee,Billing,1,Bengaluru,Morning,VA-EB-PL1,1.0,2124.0,2025-11-23,PL1-2510-4,1120,2499,12,Pulse True Wireless Earbuds,True,False,1460,False,True,"Hi Vireo support, my Pulse purchased in November, order VR892720. Two entries of Rs 4999 on my statement for one pair of earbuds. I checked wih bank. Nothing changed. Need this sorted this week. 1. double charge
2. checked pg for duplicate txn
3. refund processed",DUP-PAYMENT,0.7475683633896283,False
TK-253397,2026-05-26 05:24:00,2026-05-26 05:37:00,2026-05-27 06:02:00,resolved,chat,C104008,VR882458,VA-AC-CH65,Returns & Refunds,Normal,Returns Desk,A3037,0,,1274.0,GW-OTHER,N,"hii
refund was promised 6 days ago and nothing
your charger
hello??","rfnd approved, rs 1274, 5-7 working days. issue: rfnd not credited. chk reverse pkp qc status.
replacement declined by cx, rfnd issued instead. ~Manish",helpdesk,1274.0,2026-05,2026Q2,Manish Iyer,Returns Desk,1,Indore,Morning,VA-AC-CH65,1.0,1274.0,2026-05-12,CH65-2602-1,610,1499,6,65W GaN Charger,True,False,950,False,True,"hii
refund was promised 6 days ago and nothing
your charger
hello?? rfnd approved, rs 1274, 5-7 working days. issue: rfnd not credited. chk reverse pkp qc status.
replacement declined by cx, rfnd issued instead. ~Manish",RETURN-QC-OK,0.7469951388461049,False
TK-245806,2025-10-14 18:27:00,2025-10-14 19:07:00,2025-10-14 19:17:00,resolved,chat,C104659,VR891639,VA-SP-MINI,Delivery & Shipping,Normal,Logistics,A3017,1,3.0,1999.0,GW-OTHER,N,"Dear Sir/Madam,
I bougt the mini speaker on 07 Oct. Ordered the wrng colour, don't ship it.
I tried cancel button, greyed out. Nothing changed.
Plesae help.
Thanks & regards Om Patel",ticket raised for cancellation request. chk shipment status. xfer to email frontline. rfnd of rs 1999 initiated to source.,helpdesk,1999.0,2025-10,2025Q4,Kabir Singh,Email Frontline,1,Indore,Night,VA-SP-MINI,1.0,1999.0,2025-10-07,MINI-2507-3,980,2499,12,Orbit Mini Speaker,True,False,1320,False,True,"Dear Sir/Madam,
I bougt the mini speaker on 07 Oct. Ordered the wrng colour, don't ship it.
I tried cancel button, greyed out. Nothing changed.
Plesae help.
Thanks & regards Om Patel ticket raised for cancellation request. chk shipment status. xfer to email frontline. rfnd of rs 1999 initiated to source.",CANCEL,0.7464547367125262,False
TK-244354,2025-08-27 12:19:00,2025-08-27 12:41:00,2025-08-27 13:09:00,resolved,social,C100087,VR906207,VA-SW-FIT,Billing & Payments,High,Billing,A3033,0,3.0,1999.0,GW-OTHER,N,"Product: the fit band
Order: VR906207
Purchased: 17-08-2025
Issue: payment went through but I got no order id
Tried: checked bank statement
Expected: fix","1. payment debited, no ord
2. asked for utr
3. refund of rs 1999 initiated to source",helpdesk,1999.0,2025-08,2025Q3,Vikram Banerjee,Billing,1,Bengaluru,Morning,VA-SW-FIT,1.0,1999.0,2025-08-17,FIT-2505-3,850,1999,12,Nexa Fit Band,True,False,1190,False,True,"Product: the fit band
Order: VR906207
Purchased: 17-08-2025
Issue: payment went through but I got no order id
Tried: checked bank statement
Expected: fix 1. payment debited, no ord
2. asked for utr
3. refund of rs 1999 initiated to source",DUP-PAYMENT,0.7458944791082183,False
TK-243185,2025-07-06 16:49:00,2025-07-06 16:49:00,2025-07-06 17:25:00,resolved,chat,C102911,,VA-EB-PL1,Billing & Payments,High,Billing,A3035,0,3.0,249900.0,GW-OTHER,N,"Hi, I bought the Pulse buds on June 23. The page failed after I paid and now nothing shows in my account. I checked bank statement. Please call me on my registered number. Thank you, Amit Roy","Cust contacted re payment debited, no ord. chk PG dashboard for txn. rfnd processed to source. Cx informed.",legacy_fd,2499.0,2025-07,2025Q3,Dev Kulkarni,Billing,1,Bengaluru,Day,,,,,,1120,2499,12,Pulse True Wireless Earbuds,True,False,1460,False,True,"Hi, I bought the Pulse buds on June 23. The page failed after I paid and now nothing shows in my account. I checked bank statement. Please call me on my registered number. Thank you, Amit Roy Cust contacted re payment debited, no ord. chk PG dashboard for txn. rfnd processed to source. Cx informed.",DUP-PAYMENT,0.7450695649190996,False
TK-241826,2025-04-26 08:41:00,2025-04-26 08:42:00,2025-04-27 08:54:00,resolved,chat,C107691,VR894241,VA-EB-PL1,Returns & Refunds,Normal,Returns Desk,A3038,0,,212400.0,GW-OTHER,N,"Product: pulse 1
Order: VR894241
Purchased: 11/04
Issue: still waiting for my refund
Tried: emailed twice
Expected: refund","1. Refund pending
2. Checked refund status on PG
3. Refund approved, Rs 2124, 5-7 working days. Cx asked for replacement + rfnd, explained policy, rfnd only.",legacy_fd,2124.0,2025-04,2025Q2,Ankit Dhillon,Returns Desk,1,Bengaluru,Morning,VA-EB-PL1,1.0,2124.0,2025-04-11,PL1-2503-3,1120,2499,12,Pulse True Wireless Earbuds,True,False,1460,False,True,"Product: pulse 1
Order: VR894241
Purchased: 11/04
Issue: still waiting for my refund
Tried: emailed twice
Expected: refund 1. Refund pending
2. Checked refund status on PG
3. Refund approved, Rs 2124, 5-7 working days. Cx asked for replacement + rfnd, explained policy, rfnd only.",RETURN-QC-OK,0.7448922028709735,False
TK-241342,2025-04-01 16:06:00,2025-04-01 17:50:00,2025-04-04 18:09:00,resolved,email,C106480,VR891246,VA-SW-NX2,Delivery & Shipping,Normal,Logistics,A3030,0,,519900.0,GW-OTHER,N,my order has not been delivered yet,cx states shipment not rcvd. Raised ticket w/ courier partner. Refund of Rs 5199 initiated to source.,legacy_fd,5199.0,2025-04,2025Q2,Aishwarya Trivedi,Logistics,1,Indore,Day,VA-SW-NX2,1.0,5199.0,2025-03-28,NX2-2501-4,2450,6499,12,Nexa 2 Smartwatch,True,False,2790,False,True,my order has not been delivered yet cx states shipment not rcvd. Raised ticket w/ courier partner. Refund of Rs 5199 initiated to source.,LOST-TRANSIT,0.7435705784758476,False
TK-245838,2025-10-15 13:28:00,2025-10-15 17:27:00,2025-10-15 17:41:00,resolved,email,C107739,,VA-EB-PL2,Delivery & Shipping,Normal,Logistics,A3030,0,,3499.0,GW-OTHER,N,"Not accptable at this price. This is regarding my Pulse 2. want to cancel my order. I already tried cancel button, greyde out. I want a replacement or refund, nothing else.",Cx reported cancel order. Cancelled before dispatch. Refunded Rs 3499. //AIS,helpdesk,3499.0,2025-10,2025Q4,Aishwarya Trivedi,Logistics,1,Indore,Day,,,,,,1480,3499,12,Pulse 2 True Wireless Earbuds,True,False,1820,False,True,"Not accptable at this price. This is regarding my Pulse 2. want to cancel my order. I already tried cancel button, greyde out. I want a replacement or refund, nothing else. Cx reported cancel order. Cancelled before dispatch. Refunded Rs 3499. //AIS",CANCEL,0.7431768813342723,False
TK-251905,2026-04-06 14:38:00,2026-04-07 02:49:00,2026-04-07 03:20:00,resolved,email,C105845,,VA-SW-FIT,Billing & Payments,High,Billing,A3032,0,2.0,1999.0,GW-OTHER,N,"hey
money debited but order not shwing","1. payment debited, no ord
2. confirmed w/ payment gateway
3. refund approved, rs 1999, 5-7 working days ~Sneha",helpdesk,1999.0,2026-04,2026Q2,Sneha Bansal,Billing,1,Indore,Morning,,,,,,850,1999,12,Nexa Fit Band,True,False,1190,False,True,"hey
money debited but order not shwing 1. payment debited, no ord
2. confirmed w/ payment gateway
3. refund approved, rs 1999, 5-7 working days ~Sneha",DUP-PAYMENT,0.7430579085588255,False
TK-245388,2025-10-01 19:52:00,2025-10-01 19:57:00,2025-10-01 20:12:00,closed,chat,C101047,VR908050,VA-EB-PL1,Other,Normal,Chat Frontline,A3005,0,3.0,2499.0,GW-OTHER,N,"my son ordered this without asking, please reverse",Contact re cancellation request. Cancelled beofre dispatch. Refunded Rs 2499.,helpdesk,2499.0,2025-10,2025Q4,Payal Bhatia,Chat Frontline,1,Indore,Day,VA-EB-PL1,1.0,2499.0,2025-09-29,PL1-2506-1,1120,2499,12,Pulse True Wireless Earbuds,True,False,1460,False,True,"my son ordered this without asking, please reverse Contact re cancellation request. Cancelled beofre dispatch. Refunded Rs 2499.",CANCEL,0.742609269229177,False
TK-248563,2025-12-26 03:58:00,2025-12-26 06:46:00,2025-12-27 07:17:00,resolved,social,C101831,VR901048,VA-EB-PL2,Returns & Refunds,Low,Returns Desk,A3037,0,4.0,3149.0,GW-OTHER,N,really frustrating. this is regarding pulse2. u picked up the item 11 days ago and my money hasn't come back. i already emailed twice. escalate this to someone senior.,"refund approved, rs 3149, 5-7 working days. issue: refund delay. checked refund status on pg. ~Manish",helpdesk,3149.0,2025-12,2025Q4,Manish Iyer,Returns Desk,1,Indore,Morning,VA-EB-PL2,1.0,3149.0,2026-05-26,PL2-2602-2,1480,3499,12,Pulse 2 True Wireless Earbuds,True,False,1820,False,True,"really frustrating. this is regarding pulse2. u picked up the item 11 days ago and my money hasn't come back. i already emailed twice. escalate this to someone senior. refund approved, rs 3149, 5-7 working days. issue: refund delay. checked refund status on pg. ~Manish",RETURN-QC-OK,0.7422423148098479,False
TK-242680,2025-06-11 10:12:00,2025-06-11 10:19:00,2025-06-11 10:38:00,resolved,chat,C105939,VR909147,VA-HP-ST2,Billing & Payments,High,Billing,A3020,1,,399900.0,GW-OTHER,N,i was charged twice for one order. vr909147,reported: double charge. chk pg for duplicate txn. xfer to email frontline. refunded rs 3999.,legacy_fd,3999.0,2025-06,2025Q2,Aadhya Singh,Email Frontline,1,Bengaluru,Morning,VA-HP-ST2,1.0,3999.0,2025-06-11,ST2-2503-2,2100,4999,12,Strata 2 Over-Ear Headphones,True,False,2440,False,True,i was charged twice for one order. vr909147 reported: double charge. chk pg for duplicate txn. xfer to email frontline. refunded rs 3999.,DUP-PAYMENT,0.7419522640409261,False
TK-245137,2025-09-24 17:44:00,2025-09-24 17:51:00,2025-09-24 18:07:00,resolved,chat,C107793,VR881725,VA-NB-ARC,Other,Low,Chat Frontline,A3015,0,,520.0,GW-OTHER,N,money debited but order not showing - VR881725 - what do i do now?,Refunded Rs 520. Issue: failed order after payment. Asked for UTR. [closed],helpdesk,520.0,2025-09,2025Q3,Sameer Jadhav,Chat Frontline,1,Bengaluru,Day,VA-NB-ARC,2.0,2598.0,2025-09-21,ARC-2506-3,540,1299,12,Arc Neckband,True,False,880,False,True,money debited but order not showing - VR881725 - what do i do now? Refunded Rs 520. Issue: failed order after payment. Asked for UTR. [closed],DUP-PAYMENT,0.7417564595269801,False
TK-250140,2026-02-13 22:35:00,2026-02-13 22:37:00,2026-02-13 23:06:00,resolved,chat,C105978,,VA-EB-PL2,Billing & Payments,High,Billing,A3033,0,3.0,3499.0,GW-OTHER,N,"double payment deducted, what do i do now?",cx reported charged twice. confirmed utrs. refunded rs 3499.,helpdesk,3499.0,2026-02,2026Q1,Vikram Banerjee,Billing,1,Bengaluru,Morning,,,,,,1480,3499,12,Pulse 2 True Wireless Earbuds,True,False,1820,False,True,"double payment deducted, what do i do now? cx reported charged twice. confirmed utrs. refunded rs 3499.",DUP-PAYMENT,0.7416217691794568,False
TK-252233,2026-04-17 19:30:00,2026-04-17 19:34:00,2026-04-17 20:00:00,resolved,chat,C100514,VR891209,VA-SW-NX1,Billing & Payments,High,Billing,A3035,0,,3999.0,GW-OTHER,N,"Hello Vireo, Got my Nexa from Amazon in April. My bank says Rs 1799 went to you but your site says I have no orders. I waited 24 hours. Nothing changed. Kindly look into it. Rgds Meera",Cust contacted re amount deducted without ord. Confirmed w/ payment gateway. Full rfnd processed (3999). Cx informed.,helpdesk,3999.0,2026-04,2026Q2,Dev Kulkarni,Billing,1,Bengaluru,Day,VA-SW-NX1,1.0,3999.0,2026-04-13,NX1-2601-3,1900,4999,12,Nexa Smartwatch,True,False,2240,False,True,"Hello Vireo, Got my Nexa from Amazon in April. My bank says Rs 1799 went to you but your site says I have no orders. I waited 24 hours. Nothing changed. Kindly look into it. Rgds Meera Cust contacted re amount deducted without ord. Confirmed w/ payment gateway. Full rfnd processed (3999). Cx informed.",DUP-PAYMENT,0.741228837156718,False
TK-241284,2025-03-29 11:01:00,2025-03-29 11:03:00,2025-03-29 11:12:00,resolved,chat,C101506,VR885395,VA-EB-PL1,Other,Normal,Chat Frontline,A3011,0,,37500.0,GW-OTHER,N,"HII
PLEASE CANCEL, ORRDERED BY MISTAKE
MY PULSE",Full rfnd processed (375). Issue: cancelllation request. Cancelled before dispatch.,legacy_fd,375.0,2025-03,2025Q1,Rohit Gill,Chat Frontline,1,Bengaluru,Morning,VA-EB-PL1,1.0,2499.0,2025-03-26,PL1-2502-3,1120,2499,12,Pulse True Wireless Earbuds,True,False,1460,False,False,"HII
PLEASE CANCEL, ORRDERED BY MISTAKE
MY PULSE Full rfnd processed (375). Issue: cancelllation request. Cancelled before dispatch.",CANCEL,0.7410728840585313,False
TK-249537,2026-01-26 13:30:00,2026-01-26 14:16:00,2026-01-26 14:42:00,resolved,voice,C103278,,VA-SP-MINI,Other,Normal,Voice Frontline,A3026,0,3.0,2374.0,GW-OTHER,N,"Hello,
This is regarding the miin speaker. Money debited but order not showing.
I waited 24 hours.
I want my money back.
Thanks, Suresh Goyal","cx: amount deducted without ord | asked for utr -> refund approved, rs 2374, 5-7 working days //AAD",helpdesk,2374.0,2026-01,2026Q1,Aadhya Deshpande,Voice Frontline,1,Bengaluru,Day,,,,,,980,2499,12,Orbit Mini Speaker,True,False,1320,False,True,"Hello,
This is regarding the miin speaker. Money debited but order not showing.
I waited 24 hours.
I want my money back.
Thanks, Suresh Goyal cx: amount deducted without ord | asked for utr -> refund approved, rs 2374, 5-7 working days //AAD",DUP-PAYMENT,0.7405140586296006,False
TK-250453,2026-02-22 11:21:00,2026-02-22 21:49:00,2026-02-22 22:08:00,resolved,email,C103421,VR887352,VA-SW-NX2,Billing & Payments,Normal,Billing,A3035,0,,5199.0,GW-OTHER,N,"Product: Nexa 2
Order: VR887352
Purchased: 16/02
Issue: my bank says Rs 6499 went to you but your site says I have no orders
Tried: tried logging out and in
Expected: replacement",Cx reported failed ord affter payment. Asked for UTR. Ful rfnd processed (5199). Closing.,helpdesk,5199.0,2026-02,2026Q1,Dev Kulkarni,Billing,1,Bengaluru,Day,VA-SW-NX2,1.0,5199.0,2026-02-16,NX2-2512-2,2450,6499,12,Nexa 2 Smartwatch,True,False,2790,False,True,"Product: Nexa 2
Order: VR887352
Purchased: 16/02
Issue: my bank says Rs 6499 went to you but your site says I have no orders
Tried: tried logging out and in
Expected: replacement Cx reported failed ord affter payment. Asked for UTR. Ful rfnd processed (5199). Closing.",DUP-PAYMENT,0.7403709479392903,False
TK-244164,2025-08-18 19:48:00,2025-08-18 19:51:00,2025-08-18 20:29:00,resolved,chat,C101256,,VA-EB-PL2,Billing & Payments,High,Billing,A3035,0,,52500.0,GW-OTHER,N,"Product: pulse 2 buds
Purchased: August 09
Issue: payment went through but I got no order id
Tried: tried logging out and in
Expected: resolution","1. Failed order after payment
2. Asekd for UTR
3. rfnd approved, Rs 525, 5-7 working days",legacy_fd,525.0,2025-08,2025Q3,Dev Kulkarni,Billing,1,Bengaluru,Day,,,,,,1480,3499,12,Pulse 2 True Wireless Earbuds,True,False,1820,False,True,"Product: pulse 2 buds
Purchased: August 09
Issue: payment went through but I got no order id
Tried: tried logging out and in
Expected: resolution 1. Failed order after payment
2. Asekd for UTR
3. rfnd approved, Rs 525, 5-7 working days",DUP-PAYMENT,0.7403506346068716,False
TK-242223,2025-05-18 09:29:00,2025-05-18 11:09:00,2025-05-18 11:31:00,resolved,voice,C105252,VR901644,VA-SW-NX2,Billing & Payments,Normal,Billing,A3034,0,,649900.0,GW-OTHER,N,"paid via UPI, amount deducted, no order confirmation. please resolve asap",sorted (sop 3.1),legacy_fd,6499.0,2025-05,2025Q2,Tanvi Rathore,Billing,1,Indore,Morning,VA-SW-NX2,1.0,6499.0,2025-05-10,NX2-2502-4,2450,6499,12,Nexa 2 Smartwatch,True,False,2790,False,True,"paid via UPI, amount deducted, no order confirmation. please resolve asap sorted (sop 3.1)",DUP-PAYMENT,0.7401476386299985,False
TK-253146,2026-05-19 08:24:00,2026-05-19 08:25:00,2026-05-19 08:38:00,resolved,chat,C106874,VR886558,VA-SW-NX2,Other,Normal,Chat Frontline,A3011,0,4.0,5524.0,GW-OTHER,N,"To the Vireo Customer Care Team,

I am writing with reference to my order of my Nexa 2 watch (VR886558) placed on 06-05-2026. Ordered the wroong colour, don't ship it. I have tied cancel button, greyed out. I request you to provide a resolution within 3 working days.

Sincerely,
Om Desai
Dehradun","issue: cancel ord | chk shipment status -> rfnd approved, rs 5524, 5-7 working days",helpdesk,5524.0,2026-05,2026Q2,Rohit Gill,Chat Frontline,1,Bengaluru,Morning,VA-SW-NX2,1.0,5524.0,2026-05-06,NX2-2602-4,2450,6499,12,Nexa 2 Smartwatch,True,False,2790,False,True,"To the Vireo Customer Care Team,

I am writing with reference to my order of my Nexa 2 watch (VR886558) placed on 06-05-2026. Ordered the wroong colour, don't ship it. I have tied cancel button, greyed out. I request you to provide a resolution within 3 working days.

Sincerely,
Om Desai
Dehradun issue: cancel ord | chk shipment status -> rfnd approved, rs 5524, 5-7 working days",CANCEL,0.7398280951459792,False
TK-244757,2025-09-11 01:35:00,2025-09-11 02:42:00,2025-09-11 03:08:00,resolved,email,C103993,,VA-SP-MINI,Billing & Payments,Normal,Billing,A3034,0,,100000.0,GW-OTHER,N,"Hello,
Got the mini speaker from Flipkart 10 days ago. Pyment was deducted but no order was created.
I tried logging out and in. Nothing changed.
How do I get this fixed?
Please revert Bhavna","order manually created. issue: payment debited, no order. confirmed with payment gateway.",legacy_fd,1000.0,2025-09,2025Q3,Tanvi Rathore,Billing,1,Indore,Morning,,,,,,980,2499,12,Orbit Mini Speaker,True,False,1320,False,True,"Hello,
Got the mini speaker from Flipkart 10 days ago. Pyment was deducted but no order was created.
I tried logging out and in. Nothing changed.
How do I get this fixed?
Please revert Bhavna order manually created. issue: payment debited, no order. confirmed with payment gateway.",DUP-PAYMENT,0.7383202055240604,False
TK-242080,2025-05-10 21:01:00,2025-05-10 21:17:00,2025-05-10 21:36:00,resolved,voice,C100145,VR909747,VA-NB-ARC,Billing & Payments,High,Billing,A3035,0,4.0,110400.0,GW-OTHER,N,"card charged two times, VR909747",Cx says duplicate payment. conf UTRs. Refunded Rs 1104. Cx informed.,legacy_fd,1104.0,2025-05,2025Q2,Dev Kulkarni,Billing,1,Bengaluru,Day,VA-NB-ARC,1.0,1104.0,2025-05-05,ARC-2503-2,540,1299,12,Arc Neckband,True,False,880,False,True,"card charged two times, VR909747 Cx says duplicate payment. conf UTRs. Refunded Rs 1104. Cx informed.",DUP-PAYMENT,0.7381487622771981,False
TK-246927,2025-11-12 11:32:00,2025-11-12 11:45:00,2025-11-13 11:58:00,resolved,chat,C105566,VR887548,VA-SW-NX2,Billing & Payments,High,Billing,A3033,0,2.0,6499.0,GW-OTHER,N,"Hi Vireo support, I bought Nexa 2 on 26/10. Refund was promised 20 days ago and nothing. I checked bank. Nothing changed. Please advise. Awaiting response Pranav Pereira","1. refund pending
2. checked reverse pickup qc status
3. refund conf credited.
offered replacement, cx preferred refund. refund processed.",helpdesk,6499.0,2025-11,2025Q4,Vikram Banerjee,Billing,1,Bengaluru,Morning,VA-SW-NX2,1.0,6499.0,2025-10-26,NX2-2509-2,2450,6499,12,Nexa 2 Smartwatch,True,False,2790,False,True,"Hi Vireo support, I bought Nexa 2 on 26/10. Refund was promised 20 days ago and nothing. I checked bank. Nothing changed. Please advise. Awaiting response Pranav Pereira 1. refund pending
2. checked reverse pickup qc status
3. refund conf credited.
offered replacement, cx preferred refund. refund processed.",RETURN-QC-OK,0.7380796372135192,False
TK-252408,2026-04-23 19:22:00,2026-04-23 19:54:00,2026-04-26 20:17:00,resolved,voice,C105672,VR887526,VA-EB-PL2,Delivery & Shipping,High,Logistics,A3030,0,,3499.0,GW-OTHER,N,"[IVR transcript] Bought Pulse 2 around 25 Aug from vireo.in. The parcel looked like it was kicked here from the warehouse, and the unit has a crack. I took photos. What do I do now?","Reported: damaged in transit. Photos received, damage confirmed. rplc approved, reverse pkp arranged. refund + rplc, cx escalation avoided. //AIS",helpdesk,3499.0,2026-04,2026Q2,Aishwarya Trivedi,Logistics,1,Indore,Day,VA-EB-PL2,1.0,3499.0,2025-08-25,PL2-2506-2,1480,3499,12,Pulse 2 True Wireless Earbuds,True,False,1820,False,True,"[IVR transcript] Bought Pulse 2 around 25 Aug from vireo.in. The parcel looked like it was kicked here from the warehouse, and the unit has a crack. I took photos. What do I do now? Reported: damaged in transit. Photos received, damage confirmed. rplc approved, reverse pkp arranged. refund + rplc, cx escalation avoided. //AIS",DOA-REPL,0.7378803698456509,False
TK-248342,2025-12-19 18:03:00,2025-12-19 18:51:00,2025-12-20 19:16:00,resolved,voice,C107579,VR885021,VA-EB-PL2,Returns & Refunds,Low,Returns Desk,A3036,0,,6998.0,GW-OTHER,N,"hi vireo support, i bougth pulse2 on decebmer 14.  where is teh monney for the return. i cehcked bank. need this sorted this week. regards, imran george","cx reached out - refund delay. Checked reverse pickup QC status. Refund approved, Rs 6998, 5-7 working days. Cx informed.",helpdesk,6998.0,2025-12,2025Q4,Ritika D'Souza,Returns Desk,1,Indore,Day,VA-EB-PL2,2.0,6998.0,2025-12-14,PL2-2509-4,1480,3499,12,Pulse 2 True Wireless Earbuds,True,False,1820,False,True,"hi vireo support, i bougth pulse2 on decebmer 14.  where is teh monney for the return. i cehcked bank. need this sorted this week. regards, imran george cx reached out - refund delay. Checked reverse pickup QC status. Refund approved, Rs 6998, 5-7 working days. Cx informed.",RETURN-QC-OK,0.737433527637926,False
TK-249897,2026-02-06 16:40:00,2026-02-06 18:40:00,,open,email,C101483,,VA-EB-PL1,Other,Normal,Email Frontline,A3018,0,,475.0,GW-OTHER,N,"Namaste,
Ordered the Pulse buds 10 days ago. My ordeer has not been delivered yet.
I checked with neighbours.
Nede this sorted this week.",issue: delivery delayed | checked awb with courier -> full refund processed (475) ~Krishna,helpdesk,475.0,2026-02,2026Q1,Krishna Bhatt,Email Frontline,1,Indore,Day,,,,,,1120,2499,12,Pulse True Wireless Earbuds,True,False,1460,False,False,"Namaste,
Ordered the Pulse buds 10 days ago. My ordeer has not been delivered yet.
I checked with neighbours.
Nede this sorted this week. issue: delivery delayed | checked awb with courier -> full refund processed (475) ~Krishna",LOST-TRANSIT,0.7371736217669346,False
TK-251042,2026-03-13 08:02:00,2026-03-13 08:08:00,2026-03-14 08:20:00,resolved,chat,C104099,,VA-SP-MINI,Delivery & Shipping,High,Logistics,A3028,0,2.0,2499.0,GW-OTHER,N,Not what I expected from Vireo. Got Orbit Mini from Amazon 10 days ago. box was crushed and the Orbit Mini is cracked. I already refused nothing as I didn't notice till later. Refund. Now.,"ticket raised for damaged in transit. photos received, damage conf. reverse pickup arranged. | reversed the payment & dispatched a new one under rma.",helpdesk,2499.0,2026-03,2026Q1,Sameer Kapoor,Logistics,1,Indore,Morning,,,,,,980,2499,12,Orbit Mini Speaker,True,False,1320,False,True,"Not what I expected from Vireo. Got Orbit Mini from Amazon 10 days ago. box was crushed and the Orbit Mini is cracked. I already refused nothing as I didn't notice till later. Refund. Now. ticket raised for damaged in transit. photos received, damage conf. reverse pickup arranged. | reversed the payment & dispatched a new one under rma.",DOA-REPL,0.7368697424709263,False
TK-247060,2025-11-15 14:55:00,2025-11-15 14:57:00,2025-11-15 15:30:00,resolved,chat,C102524,VR902296,VA-EB-PL2,Billing & Payments,Normal,Billing,A3035,0,5.0,3499.0,GW-OTHER,N,"Got pulse 2 buds from vireo.in in November. Pamyent was deducted but no order was created.
I tried logging out and in.
Please advise.
Thanks & regards Aishwarya",Contact re failed ord after payment. Checked PG dashboad for txn. rfnd of Rs 3499 initiated to source. Closing.,helpdesk,3499.0,2025-11,2025Q4,Dev Kulkarni,Billing,1,Bengaluru,Day,VA-EB-PL2,1.0,3499.0,2025-11-06,PL2-2510-2,1480,3499,12,Pulse 2 True Wireless Earbuds,True,False,1820,False,True,"Got pulse 2 buds from vireo.in in November. Pamyent was deducted but no order was created.
I tried logging out and in.
Please advise.
Thanks & regards Aishwarya Contact re failed ord after payment. Checked PG dashboad for txn. rfnd of Rs 3499 initiated to source. Closing.",DUP-PAYMENT,0.7359796961892285,False
TK-242277,2025-05-21 10:32:00,2025-05-21 10:56:00,2025-05-21 11:26:00,resolved,voice,C104118,VR897046,VA-SW-NX1,Returns & Refunds,Low,Returns Desk,A3037,0,,499900.0,GW-OTHER,N,"[IVR transcript] Dear Sir/Madam, Order VR897046 (Nexa watch). Refund not received yet. I emailed twice. How do I get this fixed? Thanks",refund reprocessed. issue: refund delay. chk reverse pkp qc status.,legacy_fd,4999.0,2025-05,2025Q2,Manish Iyer,Returns Desk,1,Indore,Morning,VA-SW-NX1,1.0,4999.0,2025-05-05,NX1-2502-4,1900,4999,12,Nexa Smartwatch,True,False,2240,False,True,"[IVR transcript] Dear Sir/Madam, Order VR897046 (Nexa watch). Refund not received yet. I emailed twice. How do I get this fixed? Thanks refund reprocessed. issue: refund delay. chk reverse pkp qc status.",RETURN-QC-OK,0.7347381825329399,False
TK-242877,2025-06-21 21:28:00,2025-06-21 22:40:00,2025-06-21 23:04:00,resolved,social,C105538,,VA-NB-ARC,Billing & Payments,High,Billing,A3033,0,,116900.0,GW-OTHER,N,"sir ji
my bank says rs 1799 went to you but yor site says i have no orders
bahut pareshan hu
teh neckband
??","1. failed order after payment
2. conf with payment gateway
3. refund of rs 1169 initiated to source",legacy_fd,1169.0,2025-06,2025Q2,Vikram Banerjee,Billing,1,Bengaluru,Morning,,,,,,540,1299,12,Arc Neckband,True,False,880,False,True,"sir ji
my bank says rs 1799 went to you but yor site says i have no orders
bahut pareshan hu
teh neckband
?? 1. failed order after payment
2. conf with payment gateway
3. refund of rs 1169 initiated to source",DUP-PAYMENT,0.7336115432879375,False
TK-253632,2026-06-01 19:38:00,2026-06-01 19:40:00,2026-06-01 20:14:00,resolved,chat,C106079,VR908995,VA-SP-MINI,Returns & Refunds,Normal,Returns Desk,A3036,0,,2499.0,GW-OTHER,N,"helo
refund not received yet
orbit mini
??","Ticket raised for rfnd not credited. chk reverse pickup QC status. rfnd conf credited. Closing.
Refund issued; replacement not applicable (out of stock).",helpdesk,2499.0,2026-06,2026Q2,Ritika D'Souza,Returns Desk,1,Indore,Day,VA-SP-MINI,1.0,2499.0,2026-05-26,MINI-2602-3,980,2499,12,Orbit Mini Speaker,True,False,1320,False,True,"helo
refund not received yet
orbit mini
?? Ticket raised for rfnd not credited. chk reverse pickup QC status. rfnd conf credited. Closing.
Refund issued; replacement not applicable (out of stock).",RETURN-QC-OK,0.7332556857713014,False
TK-240618,2025-02-18 17:44:00,2025-02-18 17:48:00,2025-02-18 18:03:00,resolved,chat,C108620,VR887410,VA-SW-FIT,Returns & Refunds,Normal,Returns Desk,A3036,0,2.0,179900.0,GW-OTHER,N,"hi
refund not received yet
??",Customer reached out - reufnd not credited. Checked refund status on PG. ARN shared w/ cx. Closing.,legacy_fd,1799.0,2025-02,2025Q1,Ritika D'Souza,Returns Desk,1,Indore,Day,VA-SW-FIT,1.0,1799.0,2025-02-03,FIT-2410-1,850,1999,12,Nexa Fit Band,True,False,1190,False,True,"hi
refund not received yet
?? Customer reached out - reufnd not credited. Checked refund status on PG. ARN shared w/ cx. Closing.",RETURN-QC-OK,0.7328554107458797,False
TK-248701,2025-12-30 18:25:00,2025-12-30 18:32:00,2025-12-31 19:02:00,resolved,chat,C106900,VR893246,VA-EB-PL2,Returns & Refunds,Normal,Returns Desk,A3036,0,,2799.0,GW-OTHER,N,"Product: my Pulse 2
Order: VR893246
Purchased: December 26
Issue: refund was promised 15 days ago and nothing
Tried: emailed twiec
Expected: refund",cx reached out - rfnd pending. Checked rfnd status on PG. rfnd confirmed credited. Csae closed with cx consent. (SOP 5.4),helpdesk,2799.0,2025-12,2025Q4,Ritika D'Souza,Returns Desk,1,Indore,Day,VA-EB-PL2,1.0,2799.0,2025-12-26,PL2-2509-2,1480,3499,12,Pulse 2 True Wireless Earbuds,True,False,1820,False,True,"Product: my Pulse 2
Order: VR893246
Purchased: December 26
Issue: refund was promised 15 days ago and nothing
Tried: emailed twiec
Expected: refund cx reached out - rfnd pending. Checked rfnd status on PG. rfnd confirmed credited. Csae closed with cx consent. (SOP 5.4)",RETURN-QC-OK,0.7324329917142139,False
TK-247854,2025-12-05 11:02:00,2025-12-05 11:39:00,2025-12-06 12:06:00,resolved,social,C100543,,VA-SW-NX2,Returns & Refunds,High,Returns Desk,A3038,0,,6499.0,GW-OTHER,N,I am losing patience. This is regarding the Nexa 2. still waiting for my refund. I already emailed twice. Escalate this to someone senior.,"1. Refund pending
2. Checked refund status on PG
3. Refund of Rs 6499 initiated to source",helpdesk,6499.0,2025-12,2025Q4,Ankit Dhillon,Returns Desk,1,Bengaluru,Morning,,,,,,2450,6499,12,Nexa 2 Smartwatch,True,False,2790,False,True,"I am losing patience. This is regarding the Nexa 2. still waiting for my refund. I already emailed twice. Escalate this to someone senior. 1. Refund pending
2. Checked refund status on PG
3. Refund of Rs 6499 initiated to source",RETURN-QC-OK,0.7315307087893015,False
TK-242131,2025-05-13 12:15:00,2025-05-13 13:00:00,2025-05-18 13:30:00,resolved,social,C104767,,VA-AC-CBL,Delivery & Shipping,High,Logistics,A3029,0,3.0,120.0,GW-OTHER,N,"product: the cable
purchased: 03 may
issue: there's a dent on the case straight out of the box
tried: took photos
expected: fix","refund approved, rs 120, 5-7 working days. issue: transit damage. photos received, damage confirmed. -- replacement was offered earlier by chat team, cx opted for refund. -RM",helpdesk,120.0,2025-05,2025Q2,Rajat Mukherjee,Logistics,1,Bengaluru,Morning,,,,,,90,399,6,USB-C Braided Cable,True,False,430,False,False,"product: the cable
purchased: 03 may
issue: there's a dent on the case straight out of the box
tried: took photos
expected: fix refund approved, rs 120, 5-7 working days. issue: transit damage. photos received, damage confirmed. -- replacement was offered earlier by chat team, cx opted for refund. -RM",DOA-REPL,0.7310391966382369,False
TK-254499,2026-06-29 20:32:00,2026-06-29 21:09:00,2026-06-29 21:38:00,resolved,voice,C100527,VR901408,VA-SW-FIT,Other,High,Voice Frontline,A3016,1,3.0,1000.0,GW-OTHER,N,Not acceptable at this price.  I bought Nexa Fit on 23-06-2026. money debited but order not showing. I already waited 24 hours. Fix this or I am posting on twitter.,"Reported: payment debited, no order. Asked for UTR. xfer to Email Frontline. Order manually created.",helpdesk,1000.0,2026-06,2026Q2,Thomas Kumar,Email Frontline,1,Indore,Night,VA-SW-FIT,1.0,1999.0,2026-06-23,FIT-2604-1,850,1999,12,Nexa Fit Band,True,False,1190,False,True,"Not acceptable at this price.  I bought Nexa Fit on 23-06-2026. money debited but order not showing. I already waited 24 hours. Fix this or I am posting on twitter. Reported: payment debited, no order. Asked for UTR. xfer to Email Frontline. Order manually created.",DUP-PAYMENT,0.7306869983370388,False
TK-248161,2025-12-13 11:50:00,2025-12-13 13:25:00,2025-12-15 13:40:00,resolved,voice,C103673,VR900228,VA-EB-PL2,Billing & Payments,High,Billing,A3032,0,3.0,3149.0,GW-OTHER,N,"hello vireo, i bought pulse2 on 07-12-2025. the return was accepted but the amount is nowhere in my account. i want a replacement. regards, bhavna","1. refund not credited
2. checked refund status on pg
3. full refund processed (3149) ~Sneha",helpdesk,3149.0,2025-12,2025Q4,Sneha Bansal,Billing,1,Indore,Morning,VA-EB-PL2,1.0,3149.0,2025-12-07,PL2-2509-3,1480,3499,12,Pulse 2 True Wireless Earbuds,True,False,1820,False,True,"hello vireo, i bought pulse2 on 07-12-2025. the return was accepted but the amount is nowhere in my account. i want a replacement. regards, bhavna 1. refund not credited
2. checked refund status on pg
3. full refund processed (3149) ~Sneha",RETURN-QC-OK,0.7300683300644021,False
TK-246242,2025-10-25 16:35:00,2025-10-25 16:39:00,2025-10-25 16:55:00,closed,chat,C101854,VR883637,VA-HP-ST3,Other,Normal,Chat Frontline,A3009,0,,1400.0,GW-OTHER,N,"please cancel, ordered by mistake, VR883637","Customer reached out - cancel ord. chk shipment status. rfnd approved, Rs 1400, 5-7 working days. (SOP 4.2) //SUK",helpdesk,1400.0,2025-10,2025Q4,Sukhwinder Singh,Chat Frontline,1,Indore,Day,VA-HP-ST3,1.0,6999.0,2025-10-22,ST3-2510-2,2650,6999,12,Strata 3 Over-Ear Headphones,True,False,2990,False,True,"please cancel, ordered by mistake, VR883637 Customer reached out - cancel ord. chk shipment status. rfnd approved, Rs 1400, 5-7 working days. (SOP 4.2) //SUK",CANCEL,0.7300228482468505,False
TK-251831,2026-04-04 15:27:00,2026-04-04 15:30:00,2026-04-04 15:45:00,resolved,chat,C109117,VR882036,VA-HP-ST2,Returns & Refunds,Normal,Returns Desk,A3036,0,4.0,9498.0,GW-OTHER,N,"product: my strata 2 headphoones
order: vr882036
purchased: 08-03-2026
issue: where is the money for the return
tried: emailed twice
expected: refund","Contact re rfnd delay. chk reverse pickup QC status. rfnnd approved, Rs 9498, 5-7 working days. Cx informed. -- Replacement was offered earlier by chat team, cx opted for refund.",helpdesk,9498.0,2026-04,2026Q2,Ritika D'Souza,Returns Desk,1,Indore,Day,VA-HP-ST2,2.0,9498.0,2026-03-08,ST2-2512-2,2100,4999,12,Strata 2 Over-Ear Headphones,True,False,2440,False,True,"product: my strata 2 headphoones
order: vr882036
purchased: 08-03-2026
issue: where is the money for the return
tried: emailed twice
expected: refund Contact re rfnd delay. chk reverse pickup QC status. rfnnd approved, Rs 9498, 5-7 working days. Cx informed. -- Replacement was offered earlier by chat team, cx opted for refund.",RETURN-QC-OK,0.7289223297195109,False
TK-240496,2025-02-09 11:36:00,2025-02-09 13:46:00,2025-02-09 14:23:00,resolved,email,C105932,VR881631,VA-EB-AIR,Billing & Payments,Normal,Billing,A3032,0,2.0,36000.0,GW-OTHER,N,"sir ji
two entries of rs 2499 on my sttatement for one pair of earbuds
pls help karo
anyone there","1. duplicate payment
2. checked pg for duplicate txn
3. duplicate refunded to source ~Sneha",legacy_fd,360.0,2025-02,2025Q1,Sneha Bansal,Billing,1,Indore,Morning,VA-EB-AIR,1.0,1799.0,2025-02-02,AIR-2412-4,760,1799,12,AirLite Earbuds,True,False,1100,False,False,"sir ji
two entries of rs 2499 on my sttatement for one pair of earbuds
pls help karo
anyone there 1. duplicate payment
2. checked pg for duplicate txn
3. duplicate refunded to source ~Sneha",DUP-PAYMENT,0.7275676966597701,False
TK-242987,2025-06-26 23:04:00,2025-06-27 06:12:00,2025-06-27 06:32:00,resolved,email,C105609,,VA-EB-AIR,Other,Normal,Email Frontline,A3022,0,,1799.0,GW-OTHER,N,"Hi Vireo support, Got airlite earbuds from Amazon around Diwali. My son ordered this withut asking, pls reverse. I tried cancel button, greyed out. Nothing changed. I want a replacement.","Cx says cancellation request. Checked shipment status. Refund approved, Rs 1799, 5-7 working days.",helpdesk,1799.0,2025-06,2025Q2,Daniel Arora,Email Frontline,1,Indore,Morning,,,,,,760,1799,12,AirLite Earbuds,True,False,1100,False,True,"Hi Vireo support, Got airlite earbuds from Amazon around Diwali. My son ordered this withut asking, pls reverse. I tried cancel button, greyed out. Nothing changed. I want a replacement. Cx says cancellation request. Checked shipment status. Refund approved, Rs 1799, 5-7 working days.",CANCEL,0.7273819910614908,False
TK-241943,2025-05-02 18:23:00,2025-05-02 18:33:00,2025-05-02 18:51:00,resolved,chat,C101638,VR894910,VA-EB-AIR,Returns & Refunds,Normal,Returns Desk,A3036,0,3.0,27000.0,GW-OTHER,N,"hii
still waiting for my refund",cx reached out - refund delay. Checked refund status on PG. ARN shared with cx. Cx informed. (SOP 4.2),legacy_fd,270.0,2025-05,2025Q2,Ritika D'Souza,Returns Desk,1,Indore,Day,VA-EB-AIR,1.0,1799.0,2025-04-23,AIR-2501-2,760,1799,12,AirLite Earbuds,True,False,1100,False,False,"hii
still waiting for my refund cx reached out - refund delay. Checked refund status on PG. ARN shared with cx. Cx informed. (SOP 4.2)",RETURN-QC-OK,0.7271517317006831,False
TK-244733,2025-09-10 14:46:00,2025-09-10 14:53:00,2025-09-10 15:21:00,resolved,chat,C101783,VR905751,VA-AC-CH65,Billing & Payments,Normal,Billing,A3035,0,,60000.0,GW-OTHER,N,double payment deducted - VR905751 - please help,"1. Duplicate payment
2. Confirmed UTs
3. rfnd processed",legacy_fd,600.0,2025-09,2025Q3,Dev Kulkarni,Billing,1,Bengaluru,Day,VA-AC-CH65,1.0,1199.0,2025-08-29,CH65-2505-2,610,1499,6,65W GaN Charger,True,False,950,False,True,"double payment deducted - VR905751 - please help 1. Duplicate payment
2. Confirmed UTs
3. rfnd processed",DUP-PAYMENT,0.7269214353357212,False
TK-244040,2025-08-13 07:49:00,2025-08-13 08:01:00,2025-08-16 08:31:00,resolved,chat,C106492,,VA-SW-NX2,Returns & Refunds,Normal,Returns Desk,A3037,0,,6174.0,GW-OTHER,Y,"hii
the parcel looekd like it was kicked here from the warehouse, and the unit has a crack
kindly do the needful","rplc raised, rma shared with cx. issue: damaged in transit. photos received, damage confirmed.
money back to source & a fresh pair shipped. ~Manish",helpdesk,6174.0,2025-08,2025Q3,Manish Iyer,Returns Desk,1,Indore,Morning,,,,,,2450,6499,12,Nexa 2 Smartwatch,True,True,2790,False,True,"hii
the parcel looekd like it was kicked here from the warehouse, and the unit has a crack
kindly do the needful rplc raised, rma shared with cx. issue: damaged in transit. photos received, damage confirmed.
money back to source & a fresh pair shipped. ~Manish",DOA-REPL,0.7268123759751929,False
TK-251070,2026-03-13 18:08:00,2026-03-13 19:40:00,2026-03-13 19:49:00,resolved,email,C105295,VR882068,VA-EB-PL2,Other,High,Email Frontline,A3018,0,,3499.0,GW-OTHER,N,"very poor quality. i bought pulse2 on 04 mar. want to cancel my order. i already tried canecl button, greyed out. i want a replacement or refund, nothing else",issue: cancellation request | cancelled beore dispatch -> full refund processed (3499) ~Krishna,helpdesk,3499.0,2026-03,2026Q1,Krishna Bhatt,Email Frontline,1,Indore,Day,VA-EB-PL2,1.0,3499.0,2026-03-04,PL2-2512-1,1480,3499,12,Pulse 2 True Wireless Earbuds,True,False,1820,False,True,"very poor quality. i bought pulse2 on 04 mar. want to cancel my order. i already tried canecl button, greyed out. i want a replacement or refund, nothing else issue: cancellation request | cancelled beore dispatch -> full refund processed (3499) ~Krishna",CANCEL,0.7258763450447027,False
TK-246145,2025-10-23 11:21:00,2025-10-23 11:31:00,2025-10-23 12:09:00,resolved,chat,C103092,VR903341,VA-EB-PL1,Billing & Payments,High,Billing,A3033,0,3.0,2499.0,GW-OTHER,N,"Namaste, Ordered pulse 1 last month. Card charged two times. Please help. Thank you","1. duplicate payment
2. checked pg for duplicate txn
3. full refund processed (2499)",helpdesk,2499.0,2025-10,2025Q4,Vikram Banerjee,Billing,1,Bengaluru,Morning,VA-EB-PL1,1.0,2499.0,2025-10-09,PL1-2508-3,1120,2499,12,Pulse True Wireless Earbuds,True,False,1460,False,True,"Namaste, Ordered pulse 1 last month. Card charged two times. Please help. Thank you 1. duplicate payment
2. checked pg for duplicate txn
3. full refund processed (2499)",DUP-PAYMENT,0.7258164711145714,False
TK-241932,2025-05-02 12:34:00,2025-05-02 19:50:00,2025-05-02 20:26:00,resolved,email,C109419,VR899422,VA-SW-NX1,Billing & Payments,Normal,Billing,A3035,0,,100000.0,GW-OTHER,N,"hi
i was charged tice for one order
anyone there",Contact re charged twice. chk PG for duplicate txn. Flul rfnd processed (1000). Will monitor.,legacy_fd,1000.0,2025-05,2025Q2,Dev Kulkarni,Billing,1,Bengaluru,Day,VA-SW-NX1,1.0,4999.0,2025-04-19,NX1-2501-3,1900,4999,12,Nexa Smartwatch,True,False,2240,False,True,"hi
i was charged tice for one order
anyone there Contact re charged twice. chk PG for duplicate txn. Flul rfnd processed (1000). Will monitor.",DUP-PAYMENT,0.7237712637022421,False
TK-247836,2025-12-04 21:59:00,2025-12-04 21:59:00,2025-12-04 22:32:00,resolved,chat,C102920,VR904002,VA-SP-ORB,Other,Normal,Chat Frontline,A3015,0,,5999.0,GW-OTHER,N,"Product: the Orbit smrt speaker
Order: VR904002
Purchased: 04 Dec
Issue: payment went through but I got no order id
Tried: chekced bank statement
Expected: resolution","Refund of Rs 5999 initiated to source. Issue: payment debited, no ord. Confirmed with payment gateway. [closed]",helpdesk,5999.0,2025-12,2025Q4,Sameer Jadhav,Chat Frontline,1,Bengaluru,Day,VA-SP-ORB,1.0,5999.0,2025-12-04,ORB-2508-1,2300,5999,12,Orbit Smart Speaker,True,False,2640,False,True,"Product: the Orbit smrt speaker
Order: VR904002
Purchased: 04 Dec
Issue: payment went through but I got no order id
Tried: chekced bank statement
Expected: resolution Refund of Rs 5999 initiated to source. Issue: payment debited, no ord. Confirmed with payment gateway. [closed]",DUP-PAYMENT,0.7236997150545218,False
TK-245792,2025-10-14 11:49:00,2025-10-14 14:00:00,2025-10-14 14:22:00,resolved,email,C104121,VR895460,VA-EB-PL2,Billing & Payments,High,Billing,A3035,0,4.0,1574.0,GW-OTHER,N,"dear team, bought pulse 2 buds around 14/10 fom vireo.in. coupon code not working. i tried in caps. nothing changed. what do i do now? thanks in advance sunita verma",Reported: pomo code invalid. chk coupon validity. Refunded Rs 1574. Cx satissfied on chat.,helpdesk,1574.0,2025-10,2025Q4,Dev Kulkarni,Billing,1,Bengaluru,Day,VA-EB-PL2,1.0,3149.0,2025-10-14,PL2-2507-1,1480,3499,12,Pulse 2 True Wireless Earbuds,True,False,1820,False,True,"dear team, bought pulse 2 buds around 14/10 fom vireo.in. coupon code not working. i tried in caps. nothing changed. what do i do now? thanks in advance sunita verma Reported: pomo code invalid. chk coupon validity. Refunded Rs 1574. Cx satissfied on chat.",PRICE-ADJ,0.7235090963428726,False
TK-241927,2025-05-01 22:26:00,2025-05-01 22:31:00,2025-05-01 22:55:00,closed,chat,C102398,VR882039,VA-SW-FIT,Other,Normal,Chat Frontline,A3017,0,,169900.0,GW-OTHER,N,"sir ji
i was charged twice for one order
the fit band VR882039
hello??","cust contacted re duplicate payment. chk pg for duplicate txn. refund approved, rs 1699, 5-7 working days.",legacy_fd,1699.0,2025-05,2025Q2,Kabir Singh,Email Frontline,1,Indore,Night,VA-SW-FIT,1.0,1699.0,2025-04-30,FIT-2502-1,850,1999,12,Nexa Fit Band,True,False,1190,False,True,"sir ji
i was charged twice for one order
the fit band VR882039
hello?? cust contacted re duplicate payment. chk pg for duplicate txn. refund approved, rs 1699, 5-7 working days.",DUP-PAYMENT,0.7231294606886433,False
TK-248394,2025-12-21 12:26:00,2025-12-21 14:24:00,2025-12-21 15:04:00,resolved,social,C104016,,VA-SW-NX2,Billing & Payments,High,Billing,A3035,0,,6499.0,GW-OTHER,N,"Hi there, I bought the Nexa 2 on December 09. Payment was deducted but no order was created. Please help. Thanks in advance,","Conact re payment debited, no ord. conf w/ payment gateway. Full refund procesed (6499). Will monitor.",helpdesk,6499.0,2025-12,2025Q4,Dev Kulkarni,Billing,1,Bengaluru,Day,,,,,,2450,6499,12,Nexa 2 Smartwatch,True,False,2790,False,True,"Hi there, I bought the Nexa 2 on December 09. Payment was deducted but no order was created. Please help. Thanks in advance, Conact re payment debited, no ord. conf w/ payment gateway. Full refund procesed (6499). Will monitor.",DUP-PAYMENT,0.7229076705626876,False
TK-241690,2025-04-18 10:05:00,2025-04-18 10:12:00,2025-04-19 10:30:00,resolved,voice,C100087,VR904366,VA-EB-AIR,Returns & Refunds,High,Returns Desk,A3037,0,3.0,21600.0,GW-OTHER,N,[IVR transcript] I am losing patience.  Ordered airlite earbuds recently. refund was promised 8 days ago and nothing. I already checked bank. Escalate this to someone senior.,refund of rs 216 initiated to source. issue: refund not credited. chk refund status on pg.,legacy_fd,216.0,2025-04,2025Q2,Manish Iyer,Returns Desk,1,Indore,Morning,VA-EB-AIR,1.0,1439.0,2025-03-23,AIR-2412-2,760,1799,12,AirLite Earbuds,True,False,1100,False,False,[IVR transcript] I am losing patience.  Ordered airlite earbuds recently. refund was promised 8 days ago and nothing. I already checked bank. Escalate this to someone senior. refund of rs 216 initiated to source. issue: refund not credited. chk refund status on pg.,RETURN-QC-OK,0.7216248096793276,False
TK-248103,2025-12-11 20:30:00,2025-12-11 20:34:00,2025-12-11 20:55:00,resolved,voice,C103667,VR905641,VA-EB-PL2,Billing & Payments,Normal,Billing,A3035,0,,630.0,GW-OTHER,N,"[IVR transcript] very poor quality. order vr905641 (my pulse 2). i was promised a discount on the call, invoice shows none. i already tried in caps. fix this or i am posting on twitter.",Cust contacted re coupon not applied. chk cart eligibility. rfnd of Rs 630 initiated to source. Will monitor.,helpdesk,630.0,2025-12,2025Q4,Dev Kulkarni,Billing,1,Bengaluru,Day,VA-EB-PL2,1.0,3149.0,2025-11-28,PL2-2508-1,1480,3499,12,Pulse 2 True Wireless Earbuds,True,False,1820,False,True,"[IVR transcript] very poor quality. order vr905641 (my pulse 2). i was promised a discount on the call, invoice shows none. i already tried in caps. fix this or i am posting on twitter. Cust contacted re coupon not applied. chk cart eligibility. rfnd of Rs 630 initiated to source. Will monitor.",PRICE-ADJ,0.7203752266883926,False
TK-245743,2025-10-12 23:46:00,2025-10-12 23:49:00,2025-10-13 00:28:00,resolved,chat,C107409,VR885673,VA-EB-PL1,Billing & Payments,High,Billing,A3034,0,,2499.0,GW-OTHER,N,"product: pulse 1
order: vr885673
purchased: september 30
issue: the paage failed after i paid & now nothing shows in my account
tried: tried logging out & in
expected: fix",issue: failed order after payment | checked pg dashboard for txn -> refunded rs 2499,helpdesk,2499.0,2025-10,2025Q4,Tanvi Rathore,Billing,1,Indore,Morning,VA-EB-PL1,1.0,2499.0,2025-09-30,PL1-2506-4,1120,2499,12,Pulse True Wireless Earbuds,True,False,1460,False,True,"product: pulse 1
order: vr885673
purchased: september 30
issue: the paage failed after i paid & now nothing shows in my account
tried: tried logging out & in
expected: fix issue: failed order after payment | checked pg dashboard for txn -> refunded rs 2499",DUP-PAYMENT,0.7201606985584742,False
TK-254056,2026-06-15 17:42:00,2026-06-15 17:44:00,2026-06-15 18:01:00,resolved,chat,C103899,VR887232,VA-HP-ST2,Billing & Payments,High,Billing,A3035,0,,1000.0,GW-OTHER,N,money debited but order not showing,"Ticket raiesd for faield ord after payment. chk PG dashboard for txn. rfnd approved, Rs 1000, 5-7 working days. Case closed w/ cx consent.",helpdesk,1000.0,2026-06,2026Q2,Dev Kulkarni,Billing,1,Bengaluru,Day,VA-HP-ST2,1.0,4999.0,2026-06-01,ST2-2605-4,2100,4999,12,Strata 2 Over-Ear Headphones,True,False,2440,False,True,"money debited but order not showing Ticket raiesd for faield ord after payment. chk PG dashboard for txn. rfnd approved, Rs 1000, 5-7 working days. Case closed w/ cx consent.",DUP-PAYMENT,0.7194118807954591,False
TK-244031,2025-08-12 16:59:00,2025-08-12 17:05:00,2025-08-12 17:37:00,resolved,chat,C103455,VR882709,VA-HP-ST2,Returns & Refunds,Normal,Returns Desk,A3036,0,,499900.0,GW-OTHER,N,"product: strata 2
order: vr882709
purchased: july 14
issue: still waiting for my refund
tried: checked bank
expected: refund",Contact re reund pending. Checked reverse pickup QC status. Refund of Rs 4999 initiated to source. Cx satisfied on chat. (SOP 2.7),legacy_fd,4999.0,2025-08,2025Q3,Ritika D'Souza,Returns Desk,1,Indore,Day,VA-HP-ST2,1.0,4999.0,2025-07-14,ST2-2504-3,2100,4999,12,Strata 2 Over-Ear Headphones,True,False,2440,False,True,"product: strata 2
order: vr882709
purchased: july 14
issue: still waiting for my refund
tried: checked bank
expected: refund Contact re reund pending. Checked reverse pickup QC status. Refund of Rs 4999 initiated to source. Cx satisfied on chat. (SOP 2.7)",RETURN-QC-OK,0.7192500857821594,False
TK-245306,2025-09-29 12:43:00,2025-09-29 12:45:00,2025-09-29 13:06:00,resolved,chat,C102768,VR904043,VA-EB-PL1,Billing & Payments,High,Billing,A3032,0,,2499.0,GW-OTHER,N,"hey
cupon code not working
pls reply","1. promo code invalid
2. checked cart eligibility
3. refund of rs 2499 initiated to source ~Sneha",helpdesk,2499.0,2025-09,2025Q3,Sneha Bansal,Billing,1,Indore,Morning,VA-EB-PL1,1.0,2499.0,2025-09-25,PL1-2508-3,1120,2499,12,Pulse True Wireless Earbuds,True,False,1460,False,True,"hey
cupon code not working
pls reply 1. promo code invalid
2. checked cart eligibility
3. refund of rs 2499 initiated to source ~Sneha",PRICE-ADJ,0.7192266913400629,False
TK-247128,2025-11-17 13:05:00,2025-11-17 13:59:00,,pending,email,C104836,,VA-SW-NX2,Delivery & Shipping,Normal,Logistics,A3028,1,,1105.0,GW-OTHER,N,"dear sir/madam,

i am writing with reference to my order of nexa 2 placed on 10/11. received damaged product. i have refused nothing as i didn't notice till later. i request you to look into this matter at the earliest.

regards,
ishaan sethi
kolkata",customer reached out - unit rcvd damaged. chk w/ crr for damage claim. full rfnd processed (1105).,helpdesk,1105.0,2025-11,2025Q4,Sameer Kapoor,Logistics,1,Indore,Morning,,,,,,2450,6499,12,Nexa 2 Smartwatch,True,False,2790,False,True,"dear sir/madam,

i am writing with reference to my order of nexa 2 placed on 10/11. received damaged product. i have refused nothing as i didn't notice till later. i request you to look into this matter at the earliest.

regards,
ishaan sethi
kolkata customer reached out - unit rcvd damaged. chk w/ crr for damage claim. full rfnd processed (1105).",DOA-REPL,0.7184402958001588,False
TK-254243,2026-06-21 19:49:00,2026-06-21 19:50:00,2026-06-21 20:20:00,resolved,chat,C106153,,VA-SW-FIT,Billing & Payments,High,Billing,A3035,0,,200.0,GW-OTHER,N,"Really frustrating. Got teh fit band from Flipkart lasst month. the page failed after I piad & now nothing shows in my account. I already checked bank statement. I want a replacement or refund, nothing else.","Reported: payment debited, no order. Asked for UTR. Refunded Rs 200. Will monitor.",helpdesk,200.0,2026-06,2026Q2,Dev Kulkarni,Billing,1,Bengaluru,Day,,,,,,850,1999,12,Nexa Fit Band,True,False,1190,False,False,"Really frustrating. Got teh fit band from Flipkart lasst month. the page failed after I piad & now nothing shows in my account. I already checked bank statement. I want a replacement or refund, nothing else. Reported: payment debited, no order. Asked for UTR. Refunded Rs 200. Will monitor.",DUP-PAYMENT,0.718275599702201,False
TK-241152,2025-03-22 18:52:00,2025-03-22 18:54:00,2025-03-24 19:28:00,resolved,chat,C102984,,VA-SW-FIT,Returns & Refunds,Normal,Returns Desk,A3036,0,2.0,16000.0,GW-OTHER,N,"hey
where is the money for the return","Cust contacted re refuund delay. chk refund status on PG. Refund approved, Rs 160, 5-7 working days. Case closed with cx consent.
Refunded. Replacement request rejected as per policy.",legacy_fd,160.0,2025-03,2025Q1,Ritika D'Souza,Returns Desk,1,Indore,Day,,,,,,850,1999,12,Nexa Fit Band,True,False,1190,False,False,"hey
where is the money for the return Cust contacted re refuund delay. chk refund status on PG. Refund approved, Rs 160, 5-7 working days. Case closed with cx consent.
Refunded. Replacement request rejected as per policy.",RETURN-QC-OK,0.7179924854819252,False
TK-251331,2026-03-21 16:57:00,2026-03-21 18:57:00,2026-03-23 19:14:00,resolved,social,C105883,VR884070,VA-EB-PL1,Delivery & Shipping,Normal,Logistics,A3030,0,3.0,1999.0,GW-OTHER,N,"hey, this is regarding pulse earbuds. order not delivered, tracking not updating. can someone fix this? regards, vihaan","Contact re shipment not received. Raised ticket with courier partner. Refund of Rs 1999 initiated to source. | Offered rplc, cx preferred refund. Refund processed. //AIS",helpdesk,1999.0,2026-03,2026Q1,Aishwarya Trivedi,Logistics,1,Indore,Day,VA-EB-PL1,1.0,1999.0,2026-03-18,PL1-2601-3,1120,2499,12,Pulse True Wireless Earbuds,True,False,1460,False,True,"hey, this is regarding pulse earbuds. order not delivered, tracking not updating. can someone fix this? regards, vihaan Contact re shipment not received. Raised ticket with courier partner. Refund of Rs 1999 initiated to source. | Offered rplc, cx preferred refund. Refund processed. //AIS",LOST-TRANSIT,0.7170306570304229,False
TK-245716,2025-10-12 13:07:00,2025-10-12 13:14:00,2025-10-14 13:30:00,closed,chat,C102331,,VA-EB-PL2,Billing & Payments,High,Billing,A3032,0,,1662.0,GW-OTHER,N,"Hi Vireo support, I bought the Pulse 2 earbuds on 26 Sep. The return was accepted but the amount is nowhere in my account. I checked bank. What do I do now?","1. rfnd not credited
2. checked rfnd status on pg
3. full rfnd processed (1662) refunded. replacement request rejected as per policy. ~Sneha",helpdesk,1662.0,2025-10,2025Q4,Sneha Bansal,Billing,1,Indore,Morning,,,,,,1480,3499,12,Pulse 2 True Wireless Earbuds,True,False,1820,False,True,"Hi Vireo support, I bought the Pulse 2 earbuds on 26 Sep. The return was accepted but the amount is nowhere in my account. I checked bank. What do I do now? 1. rfnd not credited
2. checked rfnd status on pg
3. full rfnd processed (1662) refunded. replacement request rejected as per policy. ~Sneha",RETURN-QC-OK,0.7168942270747666,False
TK-248262,2025-12-17 10:51:00,2025-12-17 12:22:00,2025-12-17 12:49:00,closed,social,C107316,VR894970,VA-SP-MINI,Delivery & Shipping,High,Logistics,A3028,0,4.0,375.0,GW-OTHER,N,"helo
screen has a crack before i even switched it on
hello??",reported: transit damage. chk w/ courier for damage claim. refunded rs 375.,helpdesk,375.0,2025-12,2025Q4,Sameer Kapoor,Logistics,1,Indore,Morning,VA-SP-MINI,1.0,2499.0,2025-12-04,MINI-2510-3,980,2499,12,Orbit Mini Speaker,True,False,1320,False,False,"helo
screen has a crack before i even switched it on
hello?? reported: transit damage. chk w/ courier for damage claim. refunded rs 375.",DOA-REPL,0.7167454625676526,False
TK-253559,2026-05-30 20:28:00,2026-05-30 21:23:00,2026-06-01 21:47:00,resolved,voice,C100676,VR883026,VA-SW-NX2,Returns & Refunds,High,Returns Desk,A3036,0,,552.0,GW-OTHER,N,"sir ji
refund was promised 4 days ago and nothing
please help karo
??",issue: rfnd not credited | chk rfnd status on pg -> arn shared w/ cx (SOP 2.7),helpdesk,552.0,2026-05,2026Q2,Ritika D'Souza,Returns Desk,1,Indore,Day,VA-SW-NX2,1.0,5524.0,2026-05-01,NX2-2601-4,2450,6499,12,Nexa 2 Smartwatch,True,False,2790,False,True,"sir ji
refund was promised 4 days ago and nothing
please help karo
?? issue: rfnd not credited | chk rfnd status on pg -> arn shared w/ cx (SOP 2.7)",RETURN-QC-OK,0.7160465871227587,False
TK-242730,2025-06-14 09:27:00,2025-06-14 09:29:00,2025-06-17 09:44:00,resolved,chat,C100717,,VA-SW-FIT,Returns & Refunds,Normal,Returns Desk,A3038,0,,339800.0,GW-OTHER,N,Very poor quality.  This is regarding Nexa Fit. refund was promised 19 days ago & nothing. I already checked bank. This is the lsat time I buy from you.,"1. Refund delay
2. Checked reverse pickup QC status
3. Refund confirmed credited",legacy_fd,3398.0,2025-06,2025Q2,Ankit Dhillon,Returns Desk,1,Bengaluru,Morning,,,,,,850,1999,12,Nexa Fit Band,True,False,1190,False,True,"Very poor quality.  This is regarding Nexa Fit. refund was promised 19 days ago & nothing. I already checked bank. This is the lsat time I buy from you. 1. Refund delay
2. Checked reverse pickup QC status
3. Refund confirmed credited",RETURN-QC-OK,0.715025599502288,False
TK-253466,2026-05-28 06:46:00,2026-05-28 06:48:00,2026-05-28 07:27:00,resolved,chat,C104200,,VA-AC-CH65,Billing & Payments,High,Billing,A3034,0,4.0,712.0,GW-OTHER,N,"hi
payment went through but i got no order id
help","rfnd approved, rs 712, 5-7 working days",helpdesk,712.0,2026-05,2026Q2,Tanvi Rathore,Billing,1,Indore,Morning,,,,,,610,1499,6,65W GaN Charger,True,False,950,False,True,"hi
payment went through but i got no order id
help rfnd approved, rs 712, 5-7 working days",DUP-PAYMENT,0.7146240342040002,False
TK-245697,2025-10-11 19:11:00,2025-10-11 19:23:00,2025-10-11 19:51:00,resolved,chat,C100872,VR896105,VA-EB-AIR,Delivery & Shipping,High,Logistics,A3030,0,,1529.0,GW-OTHER,N,"Product: airlite earbuds
Order: VR896105
Purchased: 11-10-2025
Issue: screen has a crack before I even switched it on
Tried: took photos
Expected: replacement","1. Transit damage
2. chk with courier for damage claim
3. Refunded Rs 1529 //AIS",helpdesk,1529.0,2025-10,2025Q4,Aishwarya Trivedi,Logistics,1,Indore,Day,VA-EB-AIR,1.0,1529.0,2025-10-11,AIR-2506-3,760,1799,12,AirLite Earbuds,True,False,1100,False,True,"Product: airlite earbuds
Order: VR896105
Purchased: 11-10-2025
Issue: screen has a crack before I even switched it on
Tried: took photos
Expected: replacement 1. Transit damage
2. chk with courier for damage claim
3. Refunded Rs 1529 //AIS",DOA-REPL,0.7144708319585676,False
TK-247664,2025-11-30 17:42:00,2025-11-30 21:28:00,2025-11-30 21:46:00,closed,social,C100455,VR893226,VA-EB-PL2,Returns & Refunds,Normal,Returns Desk,A3036,0,,3499.0,GW-OTHER,N,"Really frustrating.  Pulse2 pucrhased around Diwali, order VR893226. you picked up the item 14 days ago and my money hasn't come back. I alreayd emailed twice. Fix this or I am posting on twitter.",Full rfnd processed (3499). Issue: rfnd not credited. Checked rfnd status on PG.,helpdesk,3499.0,2025-11,2025Q4,Ritika D'Souza,Returns Desk,1,Indore,Day,VA-EB-PL2,1.0,3499.0,2025-11-12,PL2-2508-2,1480,3499,12,Pulse 2 True Wireless Earbuds,True,False,1820,False,True,"Really frustrating.  Pulse2 pucrhased around Diwali, order VR893226. you picked up the item 14 days ago and my money hasn't come back. I alreayd emailed twice. Fix this or I am posting on twitter. Full rfnd processed (3499). Issue: rfnd not credited. Checked rfnd status on PG.",RETURN-QC-OK,0.7143471505865933,False
TK-245424,2025-10-03 12:36:00,2025-10-03 13:25:00,2025-10-03 13:43:00,resolved,voice,C102887,,VA-EB-PL2,Billing & Payments,Normal,Billing,A3032,0,,3324.0,GW-OTHER,N,[IVR transcript] I have been a loyal customer and this is how you treat me.  This is regarding pulse 2 buds. MY BANK SAYS RS 4999 WENT TO YOU BUT YOUR SITE SAYS I HAVE NO ORDERS. I already checked bank statement. This is the last time I buy from you.,"1. amount deducted without order
2. checked pg dashboard for txn
3. rfnd approved, rs 3324, 5-7 working days ~Sneha",helpdesk,3324.0,2025-10,2025Q4,Sneha Bansal,Billing,1,Indore,Morning,,,,,,1480,3499,12,Pulse 2 True Wireless Earbuds,True,False,1820,False,True,"[IVR transcript] I have been a loyal customer and this is how you treat me.  This is regarding pulse 2 buds. MY BANK SAYS RS 4999 WENT TO YOU BUT YOUR SITE SAYS I HAVE NO ORDERS. I already checked bank statement. This is the last time I buy from you. 1. amount deducted without order
2. checked pg dashboard for txn
3. rfnd approved, rs 3324, 5-7 working days ~Sneha",DUP-PAYMENT,0.713725906370139,False
TK-245266,2025-09-28 09:38:00,2025-09-28 09:41:00,2025-10-01 10:03:00,resolved,chat,C101079,,VA-SP-MINI,Delivery & Shipping,Normal,Logistics,A3028,0,,1999.0,GW-OTHER,N,"Hi, Ordereed Orbti Miin in September. Received damaged product. I took photos. Nothing changed. I want my money back. Awaiting response, Divya",refunded rs 1999. issue: unit rcvd damaged. chk w/ crr for damage claim.,helpdesk,1999.0,2025-09,2025Q3,Sameer Kapoor,Logistics,1,Indore,Morning,,,,,,980,2499,12,Orbit Mini Speaker,True,False,1320,False,True,"Hi, Ordereed Orbti Miin in September. Received damaged product. I took photos. Nothing changed. I want my money back. Awaiting response, Divya refunded rs 1999. issue: unit rcvd damaged. chk w/ crr for damage claim.",DOA-REPL,0.7132631330351673,False
TK-240980,2025-03-12 00:24:00,2025-03-12 00:25:00,2025-03-15 00:41:00,resolved,chat,C104246,VR886903,VA-SP-ORB,Returns & Refunds,Normal,Returns Desk,A3037,0,,539900.0,GW-OTHER,N,"hello ji
refund not received yet
abhi tak kuch nahi hua","1. rfnd not credited
2. checked reverse pickup qc status
3. rfnd of rs 5399 initiated to source ~Manish",legacy_fd,5399.0,2025-03,2025Q1,Manish Iyer,Returns Desk,1,Indore,Morning,VA-SP-ORB,1.0,5399.0,2025-02-25,ORB-2411-2,2300,5999,12,Orbit Smart Speaker,True,False,2640,False,True,"hello ji
refund not received yet
abhi tak kuch nahi hua 1. rfnd not credited
2. checked reverse pickup qc status
3. rfnd of rs 5399 initiated to source ~Manish",RETURN-QC-OK,0.713253036842106,False
TK-250604,2026-02-26 19:28:00,2026-02-26 21:06:00,2026-02-26 21:20:00,resolved,chat,C106866,,VA-EB-PL2,Delivery & Shipping,Normal,Logistics,A3021,1,,3499.0,GW-OTHER,N,"cancel order 
please resolve asap","1. ord cancellation
2. Cancelled before dispatch
3. xfer to Email Frontline
4. Full rfnd processed (3499) ~Meera",helpdesk,3499.0,2026-02,2026Q1,Meera Mathew,Email Frontline,1,Bengaluru,Morning,,,,,,1480,3499,12,Pulse 2 True Wireless Earbuds,True,False,1820,False,True,"cancel order 
please resolve asap 1. ord cancellation
2. Cancelled before dispatch
3. xfer to Email Frontline
4. Full rfnd processed (3499) ~Meera",CANCEL,0.7124655229474846,False
TK-252400,2026-04-23 15:18:00,2026-04-23 15:24:00,2026-04-23 15:49:00,resolved,chat,C102931,,VA-SW-NX2,Returns & Refunds,Normal,Returns Desk,A3036,0,3.0,6499.0,GW-OTHER,N,"Dear team,
Got my Nexa 2 watch from Amazon 2 weeks ago. Refund was promised 8 days ago and nothing.
Need this sorted this week.
Regards,",cx states refund delay. Checked reverse pickup QC status. Refund of Rs 6499 initiated to source. Closing.,helpdesk,6499.0,2026-04,2026Q2,Ritika D'Souza,Returns Desk,1,Indore,Day,,,,,,2450,6499,12,Nexa 2 Smartwatch,True,False,2790,False,True,"Dear team,
Got my Nexa 2 watch from Amazon 2 weeks ago. Refund was promised 8 days ago and nothing.
Need this sorted this week.
Regards, cx states refund delay. Checked reverse pickup QC status. Refund of Rs 6499 initiated to source. Closing.",RETURN-QC-OK,0.710981179703451,False
TK-242590,2025-06-05 18:15:00,2025-06-05 18:41:00,2025-06-05 19:15:00,resolved,email,C106149,VR898933,VA-EB-PL1,Other,Normal,Email Frontline,A3018,0,,199900.0,GW-OTHER,N,"hii
i was charged twice for one order
??",re: duplicate payment | confirmed utrs -> full refund processed (1999) ~Krishna,legacy_fd,1999.0,2025-06,2025Q2,Krishna Bhatt,Email Frontline,1,Indore,Day,VA-EB-PL1,1.0,1999.0,2025-05-25,PL1-2503-2,1120,2499,12,Pulse True Wireless Earbuds,True,False,1460,False,True,"hii
i was charged twice for one order
?? re: duplicate payment | confirmed utrs -> full refund processed (1999) ~Krishna",DUP-PAYMENT,0.7109446421875903,False
TK-253335,2026-05-24 15:57:00,2026-05-24 16:00:00,2026-05-25 16:13:00,resolved,chat,C109202,,VA-AC-CASE,Returns & Refunds,Normal,Returns Desk,A3036,0,,1104.0,GW-OTHER,N,"hi sir
refund was promised 18 days ago and nothing
abhi tak kuch nahi hua
help",Customer reached out - refund not credited. Checked reverse pkp QC status. Refunded Rs 1104. Closing. -- Refunded. Replacement request rejected as per policy.,helpdesk,1104.0,2026-05,2026Q2,Ritika D'Souza,Returns Desk,1,Indore,Day,,,,,,620,1299,6,Pulse Charging Case (spare),True,False,960,False,True,"hi sir
refund was promised 18 days ago and nothing
abhi tak kuch nahi hua
help Customer reached out - refund not credited. Checked reverse pkp QC status. Refunded Rs 1104. Closing. -- Refunded. Replacement request rejected as per policy.",RETURN-QC-OK,0.7109195223872229,False
TK-252125,2026-04-14 08:55:00,2026-04-14 09:33:00,2026-04-14 10:08:00,resolved,email,C109013,VR899909,VA-EB-PL2,Billing & Payments,High,Billing,A3033,0,,2974.0,GW-OTHER,N,"Ordered my Pulse 2 10 days ago. Paid once, statement disagrees. How do I get this fixed? Thanks, Gurpreet Sheikh","1. double charge
2. chk pg for duplicate txn
3. refund approved, rs 2974, 5-7 working days",helpdesk,2974.0,2026-04,2026Q2,Vikram Banerjee,Billing,1,Bengaluru,Morning,VA-EB-PL2,1.0,2974.0,2026-04-13,PL2-2603-4,1480,3499,12,Pulse 2 True Wireless Earbuds,True,False,1820,False,True,"Ordered my Pulse 2 10 days ago. Paid once, statement disagrees. How do I get this fixed? Thanks, Gurpreet Sheikh 1. double charge
2. chk pg for duplicate txn
3. refund approved, rs 2974, 5-7 working days",DUP-PAYMENT,0.7108403920182077,False
TK-245830,2025-10-15 10:35:00,2025-10-15 17:28:00,2025-10-18 17:40:00,resolved,email,C104821,,VA-EB-AIR,Returns & Refunds,Normal,Returns Desk,A3036,0,,1799.0,GW-OTHER,N,"i bought airlite on october 05.  nobody came for the pickup. i rescheduled pickup twice. how do i get this fixed? thanks, lakshmi","Reported: reverse pkp pending. Checked pkp AWB. rfdn approved, Rs 1799, 5-7 working days. Cx satisfied on chat. (SOP 5.4)",helpdesk,1799.0,2025-10,2025Q4,Ritika D'Souza,Returns Desk,1,Indore,Day,,,,,,760,1799,12,AirLite Earbuds,True,False,1100,False,True,"i bought airlite on october 05.  nobody came for the pickup. i rescheduled pickup twice. how do i get this fixed? thanks, lakshmi Reported: reverse pkp pending. Checked pkp AWB. rfdn approved, Rs 1799, 5-7 working days. Cx satisfied on chat. (SOP 5.4)",RETURN-QC-OK,0.7104913261864717,False
TK-249501,2026-01-25 12:07:00,2026-01-25 12:13:00,2026-01-25 12:36:00,resolved,chat,C106726,VR889406,VA-SP-ORB,Billing & Payments,Normal,Billing,A3033,0,3.0,540.0,GW-OTHER,N,"to teh vireo customer care team,

i am writing wiith reference to my order of orbiit sepaker (vr889406) placed on 16/01. my bank says rs 2499 went to you but your site says i have no orders. i have tried logging out and in. i request you to process a refund to my orignial payment method.

sincerely,
yash rddy","1. failed ord after payment
2. asked for utr
3. auto-rfnd confirmed within 5-7 days",helpdesk,540.0,2026-01,2026Q1,Vikram Banerjee,Billing,1,Bengaluru,Morning,VA-SP-ORB,1.0,5399.0,2026-01-16,ORB-2510-2,2300,5999,12,Orbit Smart Speaker,True,False,2640,False,True,"to teh vireo customer care team,

i am writing wiith reference to my order of orbiit sepaker (vr889406) placed on 16/01. my bank says rs 2499 went to you but your site says i have no orders. i have tried logging out and in. i request you to process a refund to my orignial payment method.

sincerely,
yash rddy 1. failed ord after payment
2. asked for utr
3. auto-rfnd confirmed within 5-7 days",DUP-PAYMENT,0.7097790763249365,False
TK-241215,2025-03-26 09:52:00,2025-03-26 20:19:00,2025-03-26 20:40:00,resolved,email,C100179,VR883029,VA-HP-ST3,Billing & Payments,High,Billing,A3035,0,3.0,664900.0,GW-OTHER,N,"PRODUCT: THE STRATA 3
ORDER: VR883029
PURCHASED: 22 MAR
ISSUE: PAID VIA UPI, AMOUNT DEDUCTED, NO ORDER CONFIRMATION
TRIED: TRIED LOGGGING OUT & IN
EXPECTED: REPLACEMENT","cx states amount deducted without ord. chk PG dashboard for txn. rfnd approved, Rs 6649, 5-7 working days. Cx satisfied on chat.",legacy_fd,6649.0,2025-03,2025Q1,Dev Kulkarni,Billing,1,Bengaluru,Day,VA-HP-ST3,1.0,6649.0,2025-03-22,ST3-2501-3,2650,6999,12,Strata 3 Over-Ear Headphones,True,False,2990,False,True,"PRODUCT: THE STRATA 3
ORDER: VR883029
PURCHASED: 22 MAR
ISSUE: PAID VIA UPI, AMOUNT DEDUCTED, NO ORDER CONFIRMATION
TRIED: TRIED LOGGGING OUT & IN
EXPECTED: REPLACEMENT cx states amount deducted without ord. chk PG dashboard for txn. rfnd approved, Rs 6649, 5-7 working days. Cx satisfied on chat.",DUP-PAYMENT,0.7091059246999054,False
TK-243273,2025-07-10 18:59:00,2025-07-10 19:03:00,2025-07-10 19:37:00,resolved,chat,C108257,VR903653,VA-EB-AIR,Billing & Payments,High,Billing,A3035,0,5.0,179900.0,GW-OTHER,N,I am losing patience. Order VR903653 (airlite earbuds). I was charged twice for one order. I already checked w/ bank. Escalate this to someone senior.,Refunded Rs 1799. Issue: charged twice. Chceked PG for duplicate txn.,legacy_fd,1799.0,2025-07,2025Q3,Dev Kulkarni,Billing,1,Bengaluru,Day,VA-EB-AIR,1.0,1799.0,2025-07-10,AIR-2504-3,760,1799,12,AirLite Earbuds,True,False,1100,False,True,I am losing patience. Order VR903653 (airlite earbuds). I was charged twice for one order. I already checked w/ bank. Escalate this to someone senior. Refunded Rs 1799. Issue: charged twice. Chceked PG for duplicate txn.,DUP-PAYMENT,0.7089719880121569,False
TK-251380,2026-03-22 13:38:00,2026-03-22 13:41:00,2026-03-23 14:09:00,resolved,chat,C103300,VR896929,VA-HP-ST2,Returns & Refunds,Normal,Returns Desk,A3037,0,,3999.0,GW-OTHER,N,"Hi Vireo support, I bought Strata 2 on 27-02-2025. Still waiting for my refund. I emailed twice. Nothing changed. I want my money back.","refund approved, rs 3999, 5-7 working days. issue: refund delay. chk reverse pickup qc status. ~Manish",helpdesk,3999.0,2026-03,2026Q1,Manish Iyer,Returns Desk,1,Indore,Morning,VA-HP-ST2,1.0,3999.0,2025-02-27,ST2-2501-4,2100,4999,12,Strata 2 Over-Ear Headphones,True,False,2440,False,True,"Hi Vireo support, I bought Strata 2 on 27-02-2025. Still waiting for my refund. I emailed twice. Nothing changed. I want my money back. refund approved, rs 3999, 5-7 working days. issue: refund delay. chk reverse pickup qc status. ~Manish",RETURN-QC-OK,0.7087061188169289,False
TK-244317,2025-08-25 13:07:00,2025-08-25 13:10:00,,open,chat,C104047,VR893243,VA-EB-PL1,Other,Normal,Chat Frontline,A3007,0,,249900.0,GW-OTHER,N,"helo
please cancel, ordered by mistake",closed,legacy_fd,2499.0,2025-08,2025Q3,Abhishek Gupta,Chat Frontline,1,Indore,Morning,VA-EB-PL1,1.0,2499.0,2025-08-23,PL1-2508-4,1120,2499,12,Pulse True Wireless Earbuds,True,False,1460,False,True,"helo
please cancel, ordered by mistake closed",CANCEL,0.7086695568119693,False
TK-243086,2025-07-02 14:10:00,2025-07-02 14:26:00,2025-07-02 14:44:00,resolved,voice,C101283,VR902989,VA-SP-MINI,Other,Normal,Voice Frontline,A3026,0,4.0,2374.0,GW-OTHER,N,"sir ji
my son ordered tis without asking, please reverse
itna paisa diya hai",cx: cancellation request | cancelled before dispatch -> refund of rs 2374 initiated to source,helpdesk,2374.0,2025-07,2025Q3,Aadhya Deshpande,Voice Frontline,1,Bengaluru,Day,VA-SP-MINI,1.0,2374.0,2025-06-19,MINI-2504-3,980,2499,12,Orbit Mini Speaker,True,False,1320,False,True,"sir ji
my son ordered tis without asking, please reverse
itna paisa diya hai cx: cancellation request | cancelled before dispatch -> refund of rs 2374 initiated to source",CANCEL,0.7086396783501131,False
TK-245216,2025-09-27 08:10:00,2025-09-27 08:20:00,2025-09-29 08:34:00,resolved,voice,C101097,VR900133,VA-HP-ST2,Returns & Refunds,Normal,Returns Desk,A3037,0,,4999.0,GW-OTHER,N,[IVR transcript] hii refund not received yet pls reply,refund of rs 4999 initiated to source. issue: refund not credited. chk refund status on pg. ~Manish,helpdesk,4999.0,2025-09,2025Q3,Manish Iyer,Returns Desk,1,Indore,Morning,VA-HP-ST2,1.0,4999.0,2025-09-01,ST2-2506-3,2100,4999,12,Strata 2 Over-Ear Headphones,True,False,2440,False,True,[IVR transcript] hii refund not received yet pls reply refund of rs 4999 initiated to source. issue: refund not credited. chk refund status on pg. ~Manish,RETURN-QC-OK,0.707257196140644,False
TK-245140,2025-09-24 20:41:00,2025-09-24 21:12:00,2025-09-26 21:31:00,resolved,voice,C103284,VR880658,VA-EB-PL2,Returns & Refunds,Low,Returns Desk,A3036,0,3.0,700.0,GW-OTHER,N,[IVR transcript] still waiting for my refund,"Customer reached out - rfnd delay. chk revese pickup QC status. rfnd approved, Rs 700, 5-7 working days. Closing. (SOP 5.4)",helpdesk,700.0,2025-09,2025Q3,Ritika D'Souza,Returns Desk,1,Indore,Day,VA-EB-PL2,1.0,3499.0,2025-09-20,PL2-2507-1,1480,3499,12,Pulse 2 True Wireless Earbuds,True,False,1820,False,True,"[IVR transcript] still waiting for my refund Customer reached out - rfnd delay. chk revese pickup QC status. rfnd approved, Rs 700, 5-7 working days. Closing. (SOP 5.4)",RETURN-QC-OK,0.7071308731415464,False
TK-251644,2026-03-30 07:45:00,2026-03-30 07:46:00,2026-04-02 08:06:00,resolved,chat,C104711,,VA-EB-PL2,Returns & Refunds,Low,Returns Desk,A3038,0,,630.0,GW-OTHER,N,"hi
the return was accepted but the amount is nowhere in my accoutn
the pulse 2 earbuds","1. Refund delay
2. Checked refund status on PG
3. Full refund processed (630) | rplc was offered earlier by chat team, cx opted for rfnd.",helpdesk,630.0,2026-03,2026Q1,Ankit Dhillon,Returns Desk,1,Bengaluru,Morning,,,,,,1480,3499,12,Pulse 2 True Wireless Earbuds,True,False,1820,False,True,"hi
the return was accepted but the amount is nowhere in my accoutn
the pulse 2 earbuds 1. Refund delay
2. Checked refund status on PG
3. Full refund processed (630) | rplc was offered earlier by chat team, cx opted for rfnd.",RETURN-QC-OK,0.7053401371147544,False
TK-244228,2025-08-21 10:31:00,2025-08-21 10:43:00,2025-09-02 15:29:00,resolved,chat,C103757,,VA-EB-PL2,Warranty & Repair,Normal,Escalations & Warranty,A3039,0,,349900.0,GW-OTHER,N,very poor quality. i bought the pulse 2 earbuds on july 23. no update on my repair. i already called service centre. this is the last time i buy from you.,"repair status follow-up | checked rma status -> replacement approved and dispatched.
amount returned to card; fresh unit shipped from blr warehouse. ~Reyansh",legacy_fd,3499.0,2025-08,2025Q3,Reyansh Mishra,Escalations & Warranty,2,Bengaluru,Morning,,,,,,1480,3499,12,Pulse 2 True Wireless Earbuds,True,False,1820,False,True,"very poor quality. i bought the pulse 2 earbuds on july 23. no update on my repair. i already called service centre. this is the last time i buy from you. repair status follow-up | checked rma status -> replacement approved and dispatched.
amount returned to card; fresh unit shipped from blr warehouse. ~Reyansh",WTY-BUYBACK,0.7052692039709554,False
TK-247493,2025-11-26 17:13:00,2025-11-26 21:55:00,2025-11-26 22:25:00,resolved,email,C108589,,VA-EB-PL2,Delivery & Shipping,High,Logistics,A3030,0,,3499.0,GW-OTHER,N,"order not delivered, tracking not updating","Cust contacted re shipment not rcvd. conf address with cx. RTO conf, reshipped. //AIS",helpdesk,3499.0,2025-11,2025Q4,Aishwarya Trivedi,Logistics,1,Indore,Day,,,,,,1480,3499,12,Pulse 2 True Wireless Earbuds,True,False,1820,False,True,"order not delivered, tracking not updating Cust contacted re shipment not rcvd. conf address with cx. RTO conf, reshipped. //AIS",LOST-TRANSIT,0.7051002034419502,False
TK-247492,2025-11-26 16:23:00,2025-11-26 17:30:00,2025-12-01 17:55:00,resolved,social,C101398,,VA-SW-FIT,Delivery & Shipping,High,Logistics,A3030,0,,1999.0,GW-OTHER,Y,"to the vireo customer care team,

i am writing with reference to my order of nexa fit placed on 26-11-2025. the parcel looked like it was kicked here form the warehouse, and the unit has a crack. i have refused nothing as i didn't notice till later. i request you to look inot this matter at the earliest.

regards,
sai jain","issue: transit damage | photos received, damage confirmed -> reverse pkp arranged. Processed FR and raised RMA for new set. //AIS",helpdesk,1999.0,2025-11,2025Q4,Aishwarya Trivedi,Logistics,1,Indore,Day,,,,,,850,1999,12,Nexa Fit Band,True,True,1190,False,True,"to the vireo customer care team,

i am writing with reference to my order of nexa fit placed on 26-11-2025. the parcel looked like it was kicked here form the warehouse, and the unit has a crack. i have refused nothing as i didn't notice till later. i request you to look inot this matter at the earliest.

regards,
sai jain issue: transit damage | photos received, damage confirmed -> reverse pkp arranged. Processed FR and raised RMA for new set. //AIS",DOA-REPL,0.704453738155929,False
TK-248569,2025-12-26 09:43:00,2025-12-26 09:49:00,2025-12-29 10:13:00,resolved,chat,C109384,VR908521,VA-EB-PL2,Returns & Refunds,Normal,Returns Desk,A3038,0,,1662.0,GW-OTHER,N,Really frustrating. This is regrading Pulse 2. still waiting for my refund. I already checked bank. Escalate this to someone senior,"1. Refund not credited
2. chk refund status on PG
3. Refund approved, Rs 1662, 5-7 working days",helpdesk,1662.0,2025-12,2025Q4,Ankit Dhillon,Returns Desk,1,Bengaluru,Morning,VA-EB-PL2,1.0,3324.0,2025-12-13,PL2-2510-3,1480,3499,12,Pulse 2 True Wireless Earbuds,True,False,1820,False,True,"Really frustrating. This is regrading Pulse 2. still waiting for my refund. I already checked bank. Escalate this to someone senior 1. Refund not credited
2. chk refund status on PG
3. Refund approved, Rs 1662, 5-7 working days",RETURN-QC-OK,0.7036495412702511,False
TK-246317,2025-10-27 20:02:00,2025-10-27 20:12:00,2025-11-01 20:43:00,resolved,chat,C102269,VR880523,VA-EB-AIR,Delivery & Shipping,High,Logistics,A3030,0,2.0,1799.0,GW-OTHER,Y,"hey, this is regarding the airlite buds. the parcel looked like it was kicked here from the warehouse, & the unit has a crack. waiting for ur reply. thanks aarav","Cx reported transit damage. Photos received, damage conf. New unit shipped under DOA. | Cx got the amount back, also sending a new set to keep him happy. //AIS",helpdesk,1799.0,2025-10,2025Q4,Aishwarya Trivedi,Logistics,1,Indore,Day,VA-EB-AIR,1.0,1799.0,2025-10-15,AIR-2509-2,760,1799,12,AirLite Earbuds,True,True,1100,False,True,"hey, this is regarding the airlite buds. the parcel looked like it was kicked here from the warehouse, & the unit has a crack. waiting for ur reply. thanks aarav Cx reported transit damage. Photos received, damage conf. New unit shipped under DOA. | Cx got the amount back, also sending a new set to keep him happy. //AIS",DOA-REPL,0.7035559726505518,False
TK-247523,2025-11-27 12:03:00,2025-11-27 12:12:00,2025-12-02 12:24:00,resolved,chat,C109382,,VA-EB-PL1,Delivery & Shipping,High,Logistics,A3029,0,,1000.0,GW-OTHER,N,received dmaaged product. i want a replacement,"refunded rs 1000. issue: damaged in transit. photos received, damage confirmed. -- refunded. replacement request rejected as per policy. -RM",helpdesk,1000.0,2025-11,2025Q4,Rajat Mukherjee,Logistics,1,Bengaluru,Morning,,,,,,1120,2499,12,Pulse True Wireless Earbuds,True,False,1460,False,True,"received dmaaged product. i want a replacement refunded rs 1000. issue: damaged in transit. photos received, damage confirmed. -- refunded. replacement request rejected as per policy. -RM",DOA-REPL,0.7025931101757495,False
TK-249527,2026-01-26 08:14:00,2026-01-26 08:41:00,2026-01-27 08:56:00,resolved,voice,C101905,VR891339,VA-EB-PL2,Returns & Refunds,Normal,Returns Desk,A3038,0,4.0,2799.0,GW-OTHER,N,[IVR transcript] refund not received yet. please advise,"1. rfnd pending
2. chk reverse pkp QC status
3. Refunded Rs 2799. | Refunded. Replacement request rejected as per policy.",helpdesk,2799.0,2026-01,2026Q1,Ankit Dhillon,Returns Desk,1,Bengaluru,Morning,VA-EB-PL2,1.0,2799.0,2026-01-03,PL2-2510-4,1480,3499,12,Pulse 2 True Wireless Earbuds,True,False,1820,False,True,"[IVR transcript] refund not received yet. please advise 1. rfnd pending
2. chk reverse pkp QC status
3. Refunded Rs 2799. | Refunded. Replacement request rejected as per policy.",RETURN-QC-OK,0.701482036387871,False
TK-249425,2026-01-23 13:06:00,2026-01-23 13:10:00,2026-01-24 13:38:00,resolved,chat,C108072,VR892589,VA-HP-ST3,Returns & Refunds,Normal,Returns Desk,A3038,1,5.0,6299.0,GW-OTHER,N,"hi
return pickup has not happened","1. Pickup missed
2. Re-raised pickup with courier
3. Full rfnd processed (6299)",helpdesk,6299.0,2026-01,2026Q1,Ankit Dhillon,Returns Desk,1,Bengaluru,Morning,VA-HP-ST3,1.0,6299.0,2025-12-27,ST3-2510-1,2650,6999,12,Strata 3 Over-Ear Headphones,True,False,2990,False,True,"hi
return pickup has not happened 1. Pickup missed
2. Re-raised pickup with courier
3. Full rfnd processed (6299)",RETURN-QC-OK,0.7008590686286176,False
TK-250877,2026-03-07 09:50:00,2026-03-07 10:18:00,,open,voice,C104517,,VA-EB-AIR,Billing & Payments,High,Billing,A3033,0,,2878.0,GW-OTHER,N,"[IVR transcript] Hey, Ordered the AirLite buds 2 weeks ago. UPI shows success, ur app shows nothing. Please help. Regards","1. amount deducted without ord
2. confirmed w/ payment gateway
3. ord manually created",helpdesk,2878.0,2026-03,2026Q1,Vikram Banerjee,Billing,1,Bengaluru,Morning,,,,,,760,1799,12,AirLite Earbuds,True,False,1100,False,True,"[IVR transcript] Hey, Ordered the AirLite buds 2 weeks ago. UPI shows success, ur app shows nothing. Please help. Regards 1. amount deducted without ord
2. confirmed w/ payment gateway
3. ord manually created",DUP-PAYMENT,0.700738681832773,False
TK-246152,2025-10-23 12:12:00,2025-10-23 12:36:00,2025-10-23 12:48:00,closed,voice,C102135,VR899685,VA-EB-AIR,Returns & Refunds,Normal,Returns Desk,A3038,0,,1799.0,GW-OTHER,N,Very poor quality. Ordr VR899685 (airlite earbuds). still waiting for my refund. I already emailed twice. Escalate this to someone senior.,"1. Refund delay
2. chk refund status on PG
3. Refunded Rs 1799",helpdesk,1799.0,2025-10,2025Q4,Ankit Dhillon,Returns Desk,1,Bengaluru,Morning,VA-EB-AIR,1.0,1799.0,2025-10-12,AIR-2507-3,760,1799,12,AirLite Earbuds,True,False,1100,False,True,"Very poor quality. Ordr VR899685 (airlite earbuds). still waiting for my refund. I already emailed twice. Escalate this to someone senior. 1. Refund delay
2. chk refund status on PG
3. Refunded Rs 1799",RETURN-QC-OK,0.7004167057111862,False
TK-246758,2025-11-08 08:47:00,2025-11-08 09:20:00,2025-11-08 09:37:00,resolved,voice,C109447,VR890854,VA-EB-AIR,Delivery & Shipping,High,Logistics,A3031,0,3.0,764.0,GW-OTHER,N,"[IVR transcript] Namaste, Bought airlite earbuds around October 31 from vireo.in. Received damaged product. I took photos. Nothing changed. Please advise. Regards Sai Chatterjee","Refunded Rs 764. Issue: transit damage. Checked with courier for damage claim. | Replacement was offered earlier by chat team, cx opted for refund.",helpdesk,764.0,2025-11,2025Q4,Zaid Desai,Logistics,1,Indore,Morning,VA-EB-AIR,1.0,1529.0,2025-10-31,AIR-2509-1,760,1799,12,AirLite Earbuds,True,False,1100,False,True,"[IVR transcript] Namaste, Bought airlite earbuds around October 31 from vireo.in. Received damaged product. I took photos. Nothing changed. Please advise. Regards Sai Chatterjee Refunded Rs 764. Issue: transit damage. Checked with courier for damage claim. | Replacement was offered earlier by chat team, cx opted for refund.",DOA-REPL,0.7001525752230148,False
TK-245204,2025-09-26 16:59:00,2025-09-26 21:14:00,2025-09-26 21:39:00,resolved,email,C103786,VR892440,VA-SW-NX2,Returns & Refunds,Normal,Returns Desk,A3036,0,,5524.0,GW-OTHER,N,where is the money for the return. VR892440,Reported: refund delay. chk refund stauts on PG. Refund of Rs 5524 initiated to source. Closing.,helpdesk,5524.0,2025-09,2025Q3,Ritika D'Souza,Returns Desk,1,Indore,Day,VA-SW-NX2,1.0,5524.0,2025-09-23,NX2-2508-2,2450,6499,12,Nexa 2 Smartwatch,True,False,2790,False,True,where is the money for the return. VR892440 Reported: refund delay. chk refund stauts on PG. Refund of Rs 5524 initiated to source. Closing.,RETURN-QC-OK,0.6994493515920275,False
TK-250155,2026-02-14 15:36:00,2026-02-14 15:38:00,2026-02-15 16:03:00,resolved,chat,C104549,VR885047,VA-EB-PL2,Returns & Refunds,Low,Returns Desk,A3036,0,3.0,2799.0,GW-OTHER,N,"Daer Sir/Madam,
This is regarding my Pulse 2. Still waiting for my refund.
Please help.
Regards, Saanvi Goyal",issue: refund pending | chk reverse pickup qc status -> full refund processed (2799),helpdesk,2799.0,2026-02,2026Q1,Ritika D'Souza,Returns Desk,1,Indore,Day,VA-EB-PL2,1.0,2799.0,2026-01-26,PL2-2510-3,1480,3499,12,Pulse 2 True Wireless Earbuds,True,False,1820,False,True,"Daer Sir/Madam,
This is regarding my Pulse 2. Still waiting for my refund.
Please help.
Regards, Saanvi Goyal issue: refund pending | chk reverse pickup qc status -> full refund processed (2799)",RETURN-QC-OK,0.6976163339847893,False
TK-248183,2025-12-13 21:16:00,2025-12-13 21:33:00,2025-12-14 21:46:00,resolved,voice,C101447,VR881391,VA-AC-CASE,Returns & Refunds,Normal,Returns Desk,A3036,0,,234.0,GW-OTHER,N,refund not received yet.  VR881391. kindly look into it,cx: refund delay | chk refund status on pg -> refuund of rs 234 initiated to source (SOP 2.7),helpdesk,234.0,2025-12,2025Q4,Ritika D'Souza,Returns Desk,1,Indore,Day,VA-AC-CASE,2.0,2338.0,2025-11-28,CASE-2511-3,620,1299,6,Pulse Charging Case (spare),True,False,960,False,False,refund not received yet.  VR881391. kindly look into it cx: refund delay | chk refund status on pg -> refuund of rs 234 initiated to source (SOP 2.7),RETURN-QC-OK,0.696616372177091,False
TK-251523,2026-03-26 15:49:00,2026-03-26 18:13:00,2026-03-26 18:44:00,resolved,social,C104526,,VA-EB-PL2,Billing & Payments,High,Billing,A3035,0,4.0,1487.0,GW-OTHER,N,"helo
two entries of rs 6499 on my statement for one pair of earbuds","cx states charged twice. conf UTRs. rfnd approved, Rs 1487, 5-7 workking days. Closing.",helpdesk,1487.0,2026-03,2026Q1,Dev Kulkarni,Billing,1,Bengaluru,Day,,,,,,1480,3499,12,Pulse 2 True Wireless Earbuds,True,False,1820,False,True,"helo
two entries of rs 6499 on my statement for one pair of earbuds cx states charged twice. conf UTRs. rfnd approved, Rs 1487, 5-7 workking days. Closing.",DUP-PAYMENT,0.6964610665192408,False
TK-247062,2025-11-15 15:03:00,2025-11-15 15:12:00,2025-11-18 15:38:00,resolved,chat,C109336,,VA-SW-NX1,Returns & Refunds,Low,Returns Desk,A3036,0,,4499.0,GW-OTHER,N,"return pickup has not happened
how do i get this fixed?",Reported: reverse pkp pending. Re-raised pkp w/ courier. Refunded Rs 4499. Follow-up not required.,helpdesk,4499.0,2025-11,2025Q4,Ritika D'Souza,Returns Desk,1,Indore,Day,,,,,,1900,4999,12,Nexa Smartwatch,True,False,2240,False,True,"return pickup has not happened
how do i get this fixed? Reported: reverse pkp pending. Re-raised pkp w/ courier. Refunded Rs 4499. Follow-up not required.",RETURN-QC-OK,0.6964511204287723,False
TK-247157,2025-11-18 14:29:00,2025-11-18 14:41:00,2025-11-21 14:56:00,closed,chat,C102066,VR891741,VA-AC-CH65,Delivery & Shipping,Normal,Logistics,A3030,0,,1199.0,GW-OTHER,N,"nobody came for the pickup, VR891741",cx reached out - pickup not done. Re-raised pickup w/ crr. Refund of Rs 1199 initiated to source.,helpdesk,1199.0,2025-11,2025Q4,Aishwarya Trivedi,Logistics,1,Indore,Day,VA-AC-CH65,1.0,1199.0,2025-10-31,CH65-2507-1,610,1499,6,65W GaN Charger,True,False,950,False,True,"nobody came for the pickup, VR891741 cx reached out - pickup not done. Re-raised pickup w/ crr. Refund of Rs 1199 initiated to source.",RETURN-QC-OK,0.6963864904967412,False
TK-246943,2025-11-12 18:52:00,2025-11-12 20:00:00,2025-11-12 20:14:00,resolved,social,C101337,VR887000,VA-SP-MINI,Billing & Payments,Normal,Billing,A3035,0,,2499.0,GW-OTHER,N,"Hi team,
This is regarding the mini speaker. ORDERED THE WRONG COLOUR, DON'T SHIP IT.
PLEASE RESOLVE ASAP.
THANKS IN ADVANCE",cx reached out - ord cancellation. chk shipment status. Refunded Rs 2499. Cx informed.,helpdesk,2499.0,2025-11,2025Q4,Dev Kulkarni,Billing,1,Bengaluru,Day,VA-SP-MINI,1.0,2499.0,2025-11-04,MINI-2508-3,980,2499,12,Orbit Mini Speaker,True,False,1320,False,True,"Hi team,
This is regarding the mini speaker. ORDERED THE WRONG COLOUR, DON'T SHIP IT.
PLEASE RESOLVE ASAP.
THANKS IN ADVANCE cx reached out - ord cancellation. chk shipment status. Refunded Rs 2499. Cx informed.",CANCEL,0.6960907786439975,False
TK-245307,2025-09-29 12:59:00,2025-09-29 13:03:00,2025-10-02 13:21:00,resolved,chat,C108001,,VA-SP-ORB,Returns & Refunds,Normal,Returns Desk,A3038,0,2.0,5699.0,GW-OTHER,N,bought the orbit smart speaker around 19/09 from flipkart. where is the money for the return. waiting for your reply.,"1. Refund delay
2. chk reverse pickup QC status
3. Refunded Rs 5699",helpdesk,5699.0,2025-09,2025Q3,Ankit Dhillon,Returns Desk,1,Bengaluru,Morning,,,,,,2300,5999,12,Orbit Smart Speaker,True,False,2640,False,True,"bought the orbit smart speaker around 19/09 from flipkart. where is the money for the return. waiting for your reply. 1. Refund delay
2. chk reverse pickup QC status
3. Refunded Rs 5699",RETURN-QC-OK,0.696008027616797,False
TK-253061,2026-05-16 19:26:00,2026-05-16 19:37:00,2026-05-19 19:48:00,resolved,chat,C108446,VR896480,VA-AC-CH65,Returns & Refunds,Normal,Returns Desk,A3036,0,4.0,300.0,GW-OTHER,N,"Hello,
I bought your charger on 01-05-2026.  I have been sitting at home for 3 days waiting for your courier.
I rescheduled pickup twice.
Waiting for your reply.
Awaiiting response, Harpreet",Ticket raised for reverse pickup pending. Checked pickup AWB. Refund of Rs 300 initiated to source. Will monitor. (SOP 2.7) Refunded. Replacement request rejected as per policy.,helpdesk,300.0,2026-05,2026Q2,Ritika D'Souza,Returns Desk,1,Indore,Day,VA-AC-CH65,1.0,1499.0,2026-05-01,CH65-2604-2,610,1499,6,65W GaN Charger,True,False,950,False,False,"Hello,
I bought your charger on 01-05-2026.  I have been sitting at home for 3 days waiting for your courier.
I rescheduled pickup twice.
Waiting for your reply.
Awaiiting response, Harpreet Ticket raised for reverse pickup pending. Checked pickup AWB. Refund of Rs 300 initiated to source. Will monitor. (SOP 2.7) Refunded. Replacement request rejected as per policy.",RETURN-QC-OK,0.696004125442228,False
TK-253422,2026-05-26 21:16:00,2026-05-26 21:22:00,2026-05-26 21:39:00,resolved,chat,C104921,,VA-SW-NX2,Other,Normal,Chat Frontline,A3012,0,,6499.0,GW-OTHER,N,"helo
my son ordered this withouut asking, please reverse
kindly do the needful","cx reached out - ord cancellation. checked shipment status. already shipped, advised rto/return.",helpdesk,6499.0,2026-05,2026Q2,Lakshmi Srivastava,Chat Frontline,1,Bengaluru,Day,,,,,,2450,6499,12,Nexa 2 Smartwatch,True,False,2790,False,True,"helo
my son ordered this withouut asking, please reverse
kindly do the needful cx reached out - ord cancellation. checked shipment status. already shipped, advised rto/return.",CANCEL,0.6959325746114713,False
TK-248145,2025-12-12 22:48:00,2025-12-12 23:09:00,2025-12-12 23:30:00,resolved,chat,C101547,VR881736,VA-EB-PL2,Delivery & Shipping,Normal,Logistics,A3027,0,2.0,350.0,GW-OTHER,N,"Hi Vireo support, Got Pulse 2 from Amazon last week. Packed the box a week ago and it's still here. I rescheduled pickup twice. Nothing changed. Waiting for your reply.","1. Reverse pkp pending
2. Re-raised pkp w/ crr
3. Refund of Rs 350 iniiated to source. Refunded. rplc request rejected as per policy.",helpdesk,350.0,2025-12,2025Q4,Priya Agarwal,Logistics,1,Indore,Morning,VA-EB-PL2,1.0,3499.0,2025-11-13,PL2-2509-4,1480,3499,12,Pulse 2 True Wireless Earbuds,True,False,1820,False,False,"Hi Vireo support, Got Pulse 2 from Amazon last week. Packed the box a week ago and it's still here. I rescheduled pickup twice. Nothing changed. Waiting for your reply. 1. Reverse pkp pending
2. Re-raised pkp w/ crr
3. Refund of Rs 350 iniiated to source. Refunded. rplc request rejected as per policy.",RETURN-QC-OK,0.6955420606543242,False
TK-250446,2026-02-22 08:19:00,2026-02-22 09:44:00,2026-02-22 10:07:00,resolved,voice,C102510,VR907792,VA-EB-PL2,Billing & Payments,High,Billing,A3032,0,3.0,1750.0,GW-OTHER,N,[IVR transcript] hello ji money debited but order not showing itna paisa diya hai anyone there,"1. amount deducted without ord
2. confirmed with payment gateway
3. refunded rs 1750 ~Sneha",helpdesk,1750.0,2026-02,2026Q1,Sneha Bansal,Billing,1,Indore,Morning,VA-EB-PL2,1.0,3499.0,2026-02-21,PL2-2512-4,1480,3499,12,Pulse 2 True Wireless Earbuds,True,False,1820,False,True,"[IVR transcript] hello ji money debited but order not showing itna paisa diya hai anyone there 1. amount deducted without ord
2. confirmed with payment gateway
3. refunded rs 1750 ~Sneha",DUP-PAYMENT,0.6953830476037209,False
TK-249960,2026-02-08 10:55:00,2026-02-08 12:51:00,2026-02-09 13:08:00,resolved,voice,C103273,,VA-EB-PL2,Returns & Refunds,Normal,Returns Desk,A3038,0,,3499.0,GW-OTHER,N,"I am losing patience. Ordered the Pulse 2 earbuds last month. still waiting for my refund. I already emailed twice. I want a replacement or refund, nothing else.","1. rfnd pending
2. Checked rfnd status on PG
3. rfnd conf credited",helpdesk,3499.0,2026-02,2026Q1,Ankit Dhillon,Returns Desk,1,Bengaluru,Morning,,,,,,1480,3499,12,Pulse 2 True Wireless Earbuds,True,False,1820,False,True,"I am losing patience. Ordered the Pulse 2 earbuds last month. still waiting for my refund. I already emailed twice. I want a replacement or refund, nothing else. 1. rfnd pending
2. Checked rfnd status on PG
3. rfnd conf credited",RETURN-QC-OK,0.6946233669912815,False
TK-251200,2026-03-17 21:00:00,2026-03-17 23:02:00,,open,email,C102232,,VA-EB-PL1,Delivery & Shipping,Normal,Logistics,A3027,0,,2124.0,GW-OTHER,N,Bought the Pulse buds around 16-02-2026 from Amazon. Nobody came for the pickup. I rescheduled pickup twice. Waiting for your reply. Please revert,"1. Reverse pickup pending
2. Re-raised pickup with courier
3. Refunded Rs 2124",helpdesk,2124.0,2026-03,2026Q1,Priya Agarwal,Logistics,1,Indore,Morning,,,,,,1120,2499,12,Pulse True Wireless Earbuds,True,False,1460,False,True,"Bought the Pulse buds around 16-02-2026 from Amazon. Nobody came for the pickup. I rescheduled pickup twice. Waiting for your reply. Please revert 1. Reverse pickup pending
2. Re-raised pickup with courier
3. Refunded Rs 2124",RETURN-QC-OK,0.6936159361941552,False
TK-249195,2026-01-15 17:59:00,2026-01-15 19:19:00,2026-01-15 19:41:00,resolved,social,C101740,VR890649,VA-SP-ORB,Delivery & Shipping,Low,Logistics,A3030,0,,5399.0,GW-OTHER,Y,"the parcel looked like it was kicked here from the warehouse, and the unit has a crack - VR890649 - kindly look into it","Cx says transit damage. chk with courier for damage claim. Replacement unit dispatched.
Both refund and replacement given as cx threatened social media. //AIS",helpdesk,5399.0,2026-01,2026Q1,Aishwarya Trivedi,Logistics,1,Indore,Day,VA-SP-ORB,1.0,5399.0,2026-01-08,ORB-2510-4,2300,5999,12,Orbit Smart Speaker,True,True,2640,False,True,"the parcel looked like it was kicked here from the warehouse, and the unit has a crack - VR890649 - kindly look into it Cx says transit damage. chk with courier for damage claim. Replacement unit dispatched.
Both refund and replacement given as cx threatened social media. //AIS",DOA-REPL,0.6926605087938134,False
TK-243157,2025-07-05 12:06:00,2025-07-05 13:24:00,2025-07-10 13:39:00,resolved,email,C106231,VR906031,VA-SW-NX2,Delivery & Shipping,High,Logistics,A3029,0,4.0,1299800.0,GW-OTHER,N,"Product: the Nexa 2
Order: VR906031
Purchased: June 26
Issue: it has been 8 days & I have nothing in hand
Tried: checked the tracking page daily
Expected: fix",re: delivery delayed | confirmed address with cx -> refund of rs 12998 initiated to source -RM,legacy_fd,12998.0,2025-07,2025Q3,Rajat Mukherjee,Logistics,1,Bengaluru,Morning,VA-SW-NX2,2.0,12998.0,2025-06-26,NX2-2505-2,2450,6499,12,Nexa 2 Smartwatch,True,False,2790,False,True,"Product: the Nexa 2
Order: VR906031
Purchased: June 26
Issue: it has been 8 days & I have nothing in hand
Tried: checked the tracking page daily
Expected: fix re: delivery delayed | confirmed address with cx -> refund of rs 12998 initiated to source -RM",LOST-TRANSIT,0.6924311946084601,False
TK-245069,2025-09-22 09:31:00,2025-09-22 17:10:00,2025-09-22 17:39:00,resolved,email,C103410,VR898376,VA-EB-PL2,Billing & Payments,High,Billing,A3035,0,,3499.0,GW-OTHER,N,"HI TEAM, ORDER VR898376 (PULSE 2 BUDS). Money debited but order not showing. I want a replacement. Please revert",Cx reported failed ord after payment. chk PG dashboard for txn. rfnd of Rs 3499 initiated to source. Will monitor.,helpdesk,3499.0,2025-09,2025Q3,Dev Kulkarni,Billing,1,Bengaluru,Day,VA-EB-PL2,1.0,3499.0,2025-09-22,PL2-2506-3,1480,3499,12,Pulse 2 True Wireless Earbuds,True,False,1820,False,True,"HI TEAM, ORDER VR898376 (PULSE 2 BUDS). Money debited but order not showing. I want a replacement. Please revert Cx reported failed ord after payment. chk PG dashboard for txn. rfnd of Rs 3499 initiated to source. Will monitor.",DUP-PAYMENT,0.6914878120685978,False
TK-253395,2026-05-26 04:04:00,2026-05-26 04:06:00,2026-05-28 04:20:00,resolved,chat,C107447,VR889345,VA-HP-ST2,Returns & Refunds,Normal,Returns Desk,A3038,0,,2124.0,GW-OTHER,N,this is very disappointing. i bought strata 2 on 27/04. you picked up the item 20 days ago and my money hasn't come back. i already checked bank. this is the last time i buy from you,"1. Refund pending
2. chk reverse pkp QC status
3. Refund approved, Rs 2124, 5-7 working days",helpdesk,2124.0,2026-05,2026Q2,Ankit Dhillon,Returns Desk,1,Bengaluru,Morning,VA-HP-ST2,1.0,4249.0,2026-04-27,ST2-2603-2,2100,4999,12,Strata 2 Over-Ear Headphones,True,False,2440,False,True,"this is very disappointing. i bought strata 2 on 27/04. you picked up the item 20 days ago and my money hasn't come back. i already checked bank. this is the last time i buy from you 1. Refund pending
2. chk reverse pkp QC status
3. Refund approved, Rs 2124, 5-7 working days",RETURN-QC-OK,0.6914375168024518,False
TK-245586,2025-10-08 11:23:00,2025-10-08 23:34:00,2025-10-09 00:06:00,resolved,email,C107944,VR901872,VA-SW-FIT,Returns & Refunds,Normal,Returns Desk,A3037,0,,900.0,GW-OTHER,N,"bhai
refund was promised 4 days ago and nothign
abhhi tak kuch nahi hua
the fit band
??",arn shared with cx. issue: refund pending. chk refund status on pg. ~Manish,helpdesk,900.0,2025-10,2025Q4,Manish Iyer,Returns Desk,1,Indore,Morning,VA-SW-FIT,1.0,1799.0,2025-09-22,FIT-2508-1,850,1999,12,Nexa Fit Band,True,False,1190,False,True,"bhai
refund was promised 4 days ago and nothign
abhhi tak kuch nahi hua
the fit band
?? arn shared with cx. issue: refund pending. chk refund status on pg. ~Manish",RETURN-QC-OK,0.6908142326781849,False
TK-254361,2026-06-25 18:59:00,2026-06-25 19:02:00,2026-06-28 19:34:00,resolved,chat,C105144,,VA-SP-MINI,Returns & Refunds,High,Returns Desk,A3036,0,4.0,2499.0,GW-OTHER,N,"Hello, This is regarding Orbit Mini. The return was accepted but the amount is nowhere in my account. I checked bank. Kindly look into it. Thanks & regards, Kunal",Cust contacted re rfnd pending. Checked rfnd status on PG. rffnd of Rs 2499 initiated to source. Case closed w/ cx consent. rfnd issued; replacement not applicable (out of stock).,helpdesk,2499.0,2026-06,2026Q2,Ritika D'Souza,Returns Desk,1,Indore,Day,,,,,,980,2499,12,Orbit Mini Speaker,True,False,1320,False,True,"Hello, This is regarding Orbit Mini. The return was accepted but the amount is nowhere in my account. I checked bank. Kindly look into it. Thanks & regards, Kunal Cust contacted re rfnd pending. Checked rfnd status on PG. rffnd of Rs 2499 initiated to source. Case closed w/ cx consent. rfnd issued; replacement not applicable (out of stock).",RETURN-QC-OK,0.6898706857452896,False
TK-245871,2025-10-16 06:26:00,2025-10-16 06:29:00,2025-10-17 06:39:00,resolved,chat,C104629,,VA-HP-ST3,Delivery & Shipping,Normal,Logistics,A3028,0,3.0,6999.0,GW-OTHER,N,"product: strata 3
purchased: 15/10
issue: it has been 16 days and i have nothing in hand
tried: checked the tracking page daily
expected: replacement",cx states ord not delivered. raised ticket w/ crr partner. refunded rs 6999. rfnd issued; rplc not applicable (out of stock).,helpdesk,6999.0,2025-10,2025Q4,Sameer Kapoor,Logistics,1,Indore,Morning,,,,,,2650,6999,12,Strata 3 Over-Ear Headphones,True,False,2990,False,True,"product: strata 3
purchased: 15/10
issue: it has been 16 days and i have nothing in hand
tried: checked the tracking page daily
expected: replacement cx states ord not delivered. raised ticket w/ crr partner. refunded rs 6999. rfnd issued; rplc not applicable (out of stock).",LOST-TRANSIT,0.6893566174185107,False
TK-252703,2026-05-04 21:35:00,2026-05-04 21:39:00,2026-05-04 22:08:00,resolved,chat,C101656,VR888761,VA-HP-ST2,Audio Quality,Normal,Chat Frontline,A3008,0,,7998.0,GW-OTHER,Y,"static noise when playing music
vr888761
kindly look into it","adv EQ reset, rslvd. Issue: crackling/distortion. chk w/ different source. -- Reversed the payment & dispatched a new one under RMA. //MEE",helpdesk,7998.0,2026-05,2026Q2,Meera Malhotra,Chat Frontline,1,Bengaluru,Day,VA-HP-ST2,2.0,7998.0,2026-03-15,ST2-2601-2,2100,4999,12,Strata 2 Over-Ear Headphones,True,True,2440,False,True,"static noise when playing music
vr888761
kindly look into it adv EQ reset, rslvd. Issue: crackling/distortion. chk w/ different source. -- Reversed the payment & dispatched a new one under RMA. //MEE",WTY-BUYBACK,0.6891727360335658,False
TK-245793,2025-10-14 11:56:00,2025-10-14 23:36:00,2025-10-14 23:53:00,resolved,email,C105990,VR881924,VA-EB-PL2,Billing & Payments,High,Billing,A3032,0,,6648.0,GW-OTHER,N,"To the Vireo Customer Care Team,

I am writig with reference to my order of Pulse2 (VR881924) placed on October 04.  PAYMENT WAS DEDUCTED BUT NO ORDER WAS CREATED. I have waited 24 hours. I request you to look into this matter at the earliest.

Regards,
Pranav Malhotra","1. amount deducted without order
2. asked for utr
3. rfnd of rs 6648 initiated to source ~Sneha",helpdesk,6648.0,2025-10,2025Q4,Sneha Bansal,Billing,1,Indore,Morning,VA-EB-PL2,2.0,6648.0,2025-10-04,PL2-2509-1,1480,3499,12,Pulse 2 True Wireless Earbuds,True,False,1820,False,True,"To the Vireo Customer Care Team,

I am writig with reference to my order of Pulse2 (VR881924) placed on October 04.  PAYMENT WAS DEDUCTED BUT NO ORDER WAS CREATED. I have waited 24 hours. I request you to look into this matter at the earliest.

Regards,
Pranav Malhotra 1. amount deducted without order
2. asked for utr
3. rfnd of rs 6648 initiated to source ~Sneha",DUP-PAYMENT,0.6888252232013325,False
TK-249912,2026-02-07 00:18:00,2026-02-07 08:36:00,2026-02-10 09:01:00,resolved,email,C102236,VR892788,VA-EB-PL2,Returns & Refunds,Normal,Returns Desk,A3037,0,,3149.0,GW-OTHER,N,pathetic experience honestly. this is regarding my pulse 2. refund not received yet. i already checked bank. fix this or i am posting on twitter.,refund of rs 3149 initiated to source. issue: refund not credited. checked refund status on pg. ~Manish,helpdesk,3149.0,2026-02,2026Q1,Manish Iyer,Returns Desk,1,Indore,Morning,VA-EB-PL2,1.0,3149.0,2026-01-28,PL2-2601-2,1480,3499,12,Pulse 2 True Wireless Earbuds,True,False,1820,False,True,pathetic experience honestly. this is regarding my pulse 2. refund not received yet. i already checked bank. fix this or i am posting on twitter. refund of rs 3149 initiated to source. issue: refund not credited. checked refund status on pg. ~Manish,RETURN-QC-OK,0.6885691156298613,False
TK-252532,2026-04-28 13:16:00,2026-04-28 13:26:00,2026-04-30 13:46:00,resolved,chat,C105822,VR894672,VA-EB-PL2,Returns & Refunds,Normal,Returns Desk,A3037,0,5.0,3149.0,GW-OTHER,N,"Dear Sir/Madam,

I am writing with reference to my order of Pulse2 placed on 30 Mar.  Refund was promised 12 days ago and nothing. I have emailed twice. I request you to provide a resolution within 3 working days.

Sincerely,
Aishwarya Pandey",refunded rs 3149. issue: refund pending. checked reverse pickup qc status. ~Manish,helpdesk,3149.0,2026-04,2026Q2,Manish Iyer,Returns Desk,1,Indore,Morning,VA-EB-PL2,1.0,3149.0,2026-03-30,PL2-2601-1,1480,3499,12,Pulse 2 True Wireless Earbuds,True,False,1820,False,True,"Dear Sir/Madam,

I am writing with reference to my order of Pulse2 placed on 30 Mar.  Refund was promised 12 days ago and nothing. I have emailed twice. I request you to provide a resolution within 3 working days.

Sincerely,
Aishwarya Pandey refunded rs 3149. issue: refund pending. checked reverse pickup qc status. ~Manish",RETURN-QC-OK,0.688250592303117,False
TK-246696,2025-11-06 15:48:00,2025-11-06 17:15:00,2025-11-08 17:31:00,resolved,email,C105932,VR889881,VA-EB-AIR,Delivery & Shipping,High,Logistics,A3030,0,,1799.0,GW-OTHER,N,"hello ji
paacked the box a weeek ago and it's still here
kal se
anyone there","reverse pkp pending | checked pkp awb -> refund approved, rs 1799, 5-7 working days",helpdesk,1799.0,2025-11,2025Q4,Aishwarya Trivedi,Logistics,1,Indore,Day,VA-EB-AIR,1.0,1799.0,2025-10-16,AIR-2508-3,760,1799,12,AirLite Earbuds,True,False,1100,False,True,"hello ji
paacked the box a weeek ago and it's still here
kal se
anyone there reverse pkp pending | checked pkp awb -> refund approved, rs 1799, 5-7 working days",RETURN-QC-OK,0.6879400345416666,False
TK-249373,2026-01-22 09:31:00,2026-01-22 09:33:00,2026-01-24 09:54:00,resolved,chat,C102340,,VA-EB-PL1,Returns & Refunds,Normal,Returns Desk,A3038,0,3.0,2374.0,GW-OTHER,N,"this is regarding teh pulse buds. packd the box a week ago and it's still here. i rescheduled pickup twice. i want my money back. thanks & regards, mohammed roy",Refund of Rs 2374 initiated to source. Issue: pkp missed. Re-raised pkp w/ courier.,helpdesk,2374.0,2026-01,2026Q1,Ankit Dhillon,Returns Desk,1,Bengaluru,Morning,,,,,,1120,2499,12,Pulse True Wireless Earbuds,True,False,1460,False,True,"this is regarding teh pulse buds. packd the box a week ago and it's still here. i rescheduled pickup twice. i want my money back. thanks & regards, mohammed roy Refund of Rs 2374 initiated to source. Issue: pkp missed. Re-raised pkp w/ courier.",RETURN-QC-OK,0.6878838870230193,False
TK-244029,2025-08-12 16:16:00,2025-08-12 16:23:00,2025-08-15 16:43:00,resolved,chat,C104061,,VA-EB-PL2,Returns & Refunds,Low,Returns Desk,A3036,0,4.0,332400.0,GW-OTHER,N,"hey
still waiting for my refund
pulse 2 buds","cx states rfnd delay. chk rfnd status on PG. rfnd approved, Rs 3324, 5-7 working days. Cx satisfied on chat.",legacy_fd,3324.0,2025-08,2025Q3,Ritika D'Souza,Returns Desk,1,Indore,Day,,,,,,1480,3499,12,Pulse 2 True Wireless Earbuds,True,False,1820,False,True,"hey
still waiting for my refund
pulse 2 buds cx states rfnd delay. chk rfnd status on PG. rfnd approved, Rs 3324, 5-7 working days. Cx satisfied on chat.",RETURN-QC-OK,0.6878244177490795,False
TK-245411,2025-10-02 21:55:00,2025-10-02 22:09:00,2025-10-03 22:30:00,resolved,chat,C107411,,VA-SW-NX2,Returns & Refunds,Normal,Returns Desk,A3038,0,,6499.0,GW-OTHER,N,Bought the Nexa 2 around 09-09-2025 from Flipkart. Where is the money for the return. I checked bank. I have beeen a loyal customer and this is how you treat me. I want my money back.,"Reported: refund not credited. Checked refund status on PG. Refund approved, Rs 6499, 5-7 working days.",helpdesk,6499.0,2025-10,2025Q4,Ankit Dhillon,Returns Desk,1,Bengaluru,Morning,,,,,,2450,6499,12,Nexa 2 Smartwatch,True,False,2790,False,True,"Bought the Nexa 2 around 09-09-2025 from Flipkart. Where is the money for the return. I checked bank. I have beeen a loyal customer and this is how you treat me. I want my money back. Reported: refund not credited. Checked refund status on PG. Refund approved, Rs 6499, 5-7 working days.",RETURN-QC-OK,0.6873419897771942,False
TK-246462,2025-10-31 16:12:00,2025-10-31 16:13:00,2025-10-31 16:39:00,resolved,chat,C105963,VR887348,VA-EB-PL2,Billing & Payments,High,Billing,A3035,0,,2799.0,GW-OTHER,N,"Hi team, This is regarding the Pulse 2 earbuds. UPI shows success, your app shows nothing. Need this sorted this week. Please revert Sameer","Csut contacted re payment debited, no ord. conf w/ payment gateway. Auto-rfnd conf within 5-7 days. Cx satisfied on chat.",helpdesk,2799.0,2025-10,2025Q4,Dev Kulkarni,Billing,1,Bengaluru,Day,VA-EB-PL2,1.0,2799.0,2025-10-30,PL2-2508-3,1480,3499,12,Pulse 2 True Wireless Earbuds,True,False,1820,False,True,"Hi team, This is regarding the Pulse 2 earbuds. UPI shows success, your app shows nothing. Need this sorted this week. Please revert Sameer Csut contacted re payment debited, no ord. conf w/ payment gateway. Auto-rfnd conf within 5-7 days. Cx satisfied on chat.",DUP-PAYMENT,0.6868472850396969,False
TK-245943,2025-10-18 14:07:00,2025-10-18 14:11:00,2025-10-21 14:24:00,resolved,chat,C101211,VR905886,VA-EB-PL2,Returns & Refunds,Normal,Returns Desk,A3036,0,,6998.0,GW-OTHER,N,"Hi team,
I bought my Pulse 2 on 03 Oct.  Where is teh money for the return.
I emaied twice. Nothing changed.
I want my mney back.
Regards",Contact re refund delay. chk reverse pickup QC status. Refunded Rs 6998. Will monitor. (SOP 3.1) -- Refunded. Replacement request rejected as per policy.,helpdesk,6998.0,2025-10,2025Q4,Ritika D'Souza,Returns Desk,1,Indore,Day,VA-EB-PL2,2.0,6998.0,2025-10-03,PL2-2508-3,1480,3499,12,Pulse 2 True Wireless Earbuds,True,False,1820,False,True,"Hi team,
I bought my Pulse 2 on 03 Oct.  Where is teh money for the return.
I emaied twice. Nothing changed.
I want my mney back.
Regards Contact re refund delay. chk reverse pickup QC status. Refunded Rs 6998. Will monitor. (SOP 3.1) -- Refunded. Replacement request rejected as per policy.",RETURN-QC-OK,0.6850230759004242,False
TK-253166,2026-05-19 15:29:00,2026-05-19 15:30:00,2026-05-20 15:42:00,resolved,chat,C104446,VR881626,VA-EB-PL2,Returns & Refunds,Normal,Returns Desk,A3036,0,,3499.0,GW-OTHER,N,where is the money for the return. VR881626. please calll me on my registered number,Cust contacted re refund delay. Checked revrse pkp QC status. ARN shared w/ cx. Case closed w/ cx consent.,helpdesk,3499.0,2026-05,2026Q2,Ritika D'Souza,Returns Desk,1,Indore,Day,VA-EB-PL2,1.0,3499.0,2026-05-15,PL2-2602-2,1480,3499,12,Pulse 2 True Wireless Earbuds,True,False,1820,False,True,where is the money for the return. VR881626. please calll me on my registered number Cust contacted re refund delay. Checked revrse pkp QC status. ARN shared w/ cx. Case closed w/ cx consent.,RETURN-QC-OK,0.6838390827839939,False
TK-246538,2025-11-02 13:16:00,2025-11-02 14:43:00,2025-11-03 15:01:00,resolved,social,C100480,,VA-SW-NX2,Returns & Refunds,Normal,Returns Desk,A3036,0,,6499.0,GW-OTHER,N,"packed the box a week ago and it's still here
please call me on my registered number",Cx reported reverse pickup pending. chk pickup AWB. Full refund processed (6499). Will monitor. (SOP 2.7),helpdesk,6499.0,2025-11,2025Q4,Ritika D'Souza,Returns Desk,1,Indore,Day,,,,,,2450,6499,12,Nexa 2 Smartwatch,True,False,2790,False,True,"packed the box a week ago and it's still here
please call me on my registered number Cx reported reverse pickup pending. chk pickup AWB. Full refund processed (6499). Will monitor. (SOP 2.7)",RETURN-QC-OK,0.6834858957438172,False
TK-251809,2026-04-03 23:29:00,2026-04-03 23:33:00,2026-04-04 00:08:00,resolved,chat,C104189,VR886951,VA-SW-NX2,Returns & Refunds,Normal,Returns Desk,A3037,0,5.0,552.0,GW-OTHER,N,"Hello Vireo,
Got Nexa 2 from vireo.in 10 days ago. Refund not received yet.
I checked bank.
I want a replacement.
Awaiting response, Faisal",full refund processed (552). issue: refund delay. checked refund status on pg. ~Manish,helpdesk,552.0,2026-04,2026Q2,Manish Iyer,Returns Desk,1,Indore,Morning,VA-SW-NX2,1.0,5524.0,2026-03-18,NX2-2512-4,2450,6499,12,Nexa 2 Smartwatch,True,False,2790,False,True,"Hello Vireo,
Got Nexa 2 from vireo.in 10 days ago. Refund not received yet.
I checked bank.
I want a replacement.
Awaiting response, Faisal full refund processed (552). issue: refund delay. checked refund status on pg. ~Manish",RETURN-QC-OK,0.6832190211077195,False
TK-247273,2025-11-21 07:04:00,2025-11-21 08:11:00,2025-11-21 08:33:00,resolved,email,C101514,,VA-SW-NX2,Returns & Refunds,Normal,Returns Desk,A3030,1,,6499.0,GW-OTHER,N,"Hi Vireo support, This is regarding my Nexa 2 watch. Still waiting for my refund. I emailed twice. Nothing changed. Please resolve asap.","Ticket raised for refund delay. Checked reverse pickup QC status. xfer to Logistics. Refund approved, Rs 6499, 5-7 working days.",helpdesk,6499.0,2025-11,2025Q4,Aishwarya Trivedi,Logistics,1,Indore,Day,,,,,,2450,6499,12,Nexa 2 Smartwatch,True,False,2790,False,True,"Hi Vireo support, This is regarding my Nexa 2 watch. Still waiting for my refund. I emailed twice. Nothing changed. Please resolve asap. Ticket raised for refund delay. Checked reverse pickup QC status. xfer to Logistics. Refund approved, Rs 6499, 5-7 working days.",RETURN-QC-OK,0.6826580381865444,False
TK-245888,2025-10-16 19:23:00,2025-10-16 19:25:00,2025-10-16 19:44:00,closed,chat,C107914,VR882093,VA-EB-PL2,Delivery & Shipping,High,Logistics,A3030,0,2.0,560.0,GW-OTHER,N,product arrived damaged,"Ticket raised for damaged in transit. Photos received, damage confirmed. rfnd of Rs 560 initiated to source. //AIS",helpdesk,560.0,2025-10,2025Q4,Aishwarya Trivedi,Logistics,1,Indore,Day,VA-EB-PL2,1.0,2799.0,2025-10-16,PL2-2508-2,1480,3499,12,Pulse 2 True Wireless Earbuds,True,False,1820,False,True,"product arrived damaged Ticket raised for damaged in transit. Photos received, damage confirmed. rfnd of Rs 560 initiated to source. //AIS",DOA-REPL,0.6825117358568628,False
TK-243823,2025-08-04 14:01:00,2025-08-04 14:08:00,2025-08-07 14:20:00,resolved,chat,C107445,VR893621,VA-EB-AIR,Delivery & Shipping,High,Logistics,A3030,0,,143900.0,GW-OTHER,N,"deaar team, ordered airlite around diwali.  product arrived damaged. kindly look ino it.",Cx reported damaged in transit. Checked with courier for damage claim. Refund of Rs 1439 initiated to source. //AIS,legacy_fd,1439.0,2025-08,2025Q3,Aishwarya Trivedi,Logistics,1,Indore,Day,VA-EB-AIR,1.0,1439.0,2025-08-01,AIR-2505-4,760,1799,12,AirLite Earbuds,True,False,1100,False,True,"deaar team, ordered airlite around diwali.  product arrived damaged. kindly look ino it. Cx reported damaged in transit. Checked with courier for damage claim. Refund of Rs 1439 initiated to source. //AIS",DOA-REPL,0.6818089057086638,False
TK-247120,2025-11-17 11:09:00,2025-11-17 11:25:00,2025-11-19 11:57:00,resolved,voice,C107693,VR884769,VA-SP-ORB,Delivery & Shipping,High,Logistics,A3027,0,3.0,11398.0,GW-OTHER,N,[IVR transcript] helo received damaged product my orbit urgent,"1. Unit received damaged
2. Photos received, damage confirmed
3. Refund of Rs 11398 initiated to source",helpdesk,11398.0,2025-11,2025Q4,Priya Agarwal,Logistics,1,Indore,Morning,VA-SP-ORB,2.0,11398.0,2025-11-08,ORB-2509-1,2300,5999,12,Orbit Smart Speaker,True,False,2640,False,True,"[IVR transcript] helo received damaged product my orbit urgent 1. Unit received damaged
2. Photos received, damage confirmed
3. Refund of Rs 11398 initiated to source",DOA-REPL,0.6816294392247905,False
TK-250632,2026-02-27 13:48:00,2026-02-27 13:51:00,2026-03-02 14:17:00,resolved,chat,C109047,,VA-SW-NX2,Returns & Refunds,Normal,Returns Desk,A3038,0,4.0,5524.0,GW-OTHER,N,"hello ji
still wating for my refnud","1. Refund pending
2. Checked refund status on PG
3. ARN shared with cx",helpdesk,5524.0,2026-02,2026Q1,Ankit Dhillon,Returns Desk,1,Bengaluru,Morning,,,,,,2450,6499,12,Nexa 2 Smartwatch,True,False,2790,False,True,"hello ji
still wating for my refnud 1. Refund pending
2. Checked refund status on PG
3. ARN shared with cx",RETURN-QC-OK,0.6813955195157799,False
TK-249788,2026-02-03 14:11:00,2026-02-03 15:05:00,2026-02-03 15:30:00,resolved,email,C104566,VR900270,VA-SW-NX2,Returns & Refunds,Normal,Returns Desk,A3036,0,,6174.0,GW-OTHER,N,"hi there,
ordered my nexa 2 watch 10 days ago. still waiting for my refund.
please call me on my registered number.
thank you","Contact re refund delay. Checked refund status on PG. Refund of Rs 6174 initiated to source. Cx informed. | Cx asked for rplc + rfnd, explained policy, rfnd only.",helpdesk,6174.0,2026-02,2026Q1,Ritika D'Souza,Returns Desk,1,Indore,Day,VA-SW-NX2,1.0,6174.0,2026-01-18,NX2-2512-1,2450,6499,12,Nexa 2 Smartwatch,True,False,2790,False,True,"hi there,
ordered my nexa 2 watch 10 days ago. still waiting for my refund.
please call me on my registered number.
thank you Contact re refund delay. Checked refund status on PG. Refund of Rs 6174 initiated to source. Cx informed. | Cx asked for rplc + rfnd, explained policy, rfnd only.",RETURN-QC-OK,0.6806921670774091,False
TK-252405,2026-04-23 18:19:00,2026-04-23 18:22:00,2026-04-23 18:56:00,resolved,chat,C108457,,VA-EB-PL2,Delivery & Shipping,High,Logistics,A3030,0,4.0,3499.0,GW-OTHER,N,"Product: Pulse 2
Order: VR909840
Purchased: April 20
Issue: received damaged product
Tried: refused nothing as I didn't notice till later
Expected: callback",refund approved //AIS,helpdesk,3499.0,2026-04,2026Q2,Aishwarya Trivedi,Logistics,1,Indore,Day,,,,,,1480,3499,12,Pulse 2 True Wireless Earbuds,True,False,1820,False,True,"Product: Pulse 2
Order: VR909840
Purchased: April 20
Issue: received damaged product
Tried: refused nothing as I didn't notice till later
Expected: callback refund approved //AIS",DOA-REPL,0.6802492162054936,False
TK-243565,2025-07-26 10:51:00,2025-07-26 11:56:00,2025-07-26 12:11:00,resolved,voice,C103446,VR889715,VA-EB-PL2,Billing & Payments,High,Billing,A3022,2,,349900.0,GW-OTHER,N,"hii
payment was deducted but no order was created
pls reply",full rfnd processed (3499),legacy_fd,3499.0,2025-07,2025Q3,Daniel Arora,Email Frontline,1,Indore,Morning,VA-EB-PL2,1.0,3499.0,2025-07-20,PL2-2506-2,1480,3499,12,Pulse 2 True Wireless Earbuds,True,False,1820,False,True,"hii
payment was deducted but no order was created
pls reply full rfnd processed (3499)",DUP-PAYMENT,0.679534722857694,False
TK-254302,2026-06-23 21:03:00,2026-06-23 21:06:00,2026-06-23 21:28:00,resolved,chat,C100873,VR900306,VA-EB-PL2,Billing & Payments,High,Billing,A3035,0,,3499.0,GW-OTHER,N,my bank shows the same amount twice on the same day.  pls hepl,Ticket raised for charged twice. conf UTRs. Refunded Rs 3499. Cx satisfied on chat.,helpdesk,3499.0,2026-06,2026Q2,Dev Kulkarni,Billing,1,Bengaluru,Day,VA-EB-PL2,1.0,3499.0,2026-06-19,PL2-2604-3,1480,3499,12,Pulse 2 True Wireless Earbuds,True,False,1820,False,True,my bank shows the same amount twice on the same day.  pls hepl Ticket raised for charged twice. conf UTRs. Refunded Rs 3499. Cx satisfied on chat.,DUP-PAYMENT,0.678300900627578,False
TK-252627,2026-05-01 20:20:00,2026-05-01 20:22:00,2026-05-01 20:39:00,closed,chat,C107622,,VA-SW-NX2,Other,Normal,Chat Frontline,A3015,0,2.0,5199.0,GW-OTHER,N,"Dear Sir/Madam,

I am writing with reference to my ordr of Nexa 2 placed on April 26. Order not delivered, tracking not updating. I have checked the tracking page daily. I request you to look into this matter at the earliest.

Yours faithfully,
Lakshmi Ghosh",rfnd of Rs 5199 initiated to source. Issue: shipment not received. Raised ticket with courier partner. [closed],helpdesk,5199.0,2026-05,2026Q2,Sameer Jadhav,Chat Frontline,1,Bengaluru,Day,,,,,,2450,6499,12,Nexa 2 Smartwatch,True,False,2790,False,True,"Dear Sir/Madam,

I am writing with reference to my ordr of Nexa 2 placed on April 26. Order not delivered, tracking not updating. I have checked the tracking page daily. I request you to look into this matter at the earliest.

Yours faithfully,
Lakshmi Ghosh rfnd of Rs 5199 initiated to source. Issue: shipment not received. Raised ticket with courier partner. [closed]",LOST-TRANSIT,0.6780770074214331,False
TK-246344,2025-10-28 14:18:00,2025-10-29 00:37:00,2025-10-30 00:59:00,resolved,email,C104251,VR881866,VA-EB-PL2,Billing & Payments,High,Billing,A3032,0,,3499.0,GW-OTHER,N,"Product: the Pulse 2 earbuds
Order: VR881866
Purchased: 18/10
Issue: still waiting for my refund
Tried: checked bank
Expected: resolution","1. refund delay
2. checked refund status on pg
3. refund approved, rs 3499, 5-7 working days ~Sneha",helpdesk,3499.0,2025-10,2025Q4,Sneha Bansal,Billing,1,Indore,Morning,VA-EB-PL2,1.0,3499.0,2025-10-18,PL2-2509-4,1480,3499,12,Pulse 2 True Wireless Earbuds,True,False,1820,False,True,"Product: the Pulse 2 earbuds
Order: VR881866
Purchased: 18/10
Issue: still waiting for my refund
Tried: checked bank
Expected: resolution 1. refund delay
2. checked refund status on pg
3. refund approved, rs 3499, 5-7 working days ~Sneha",RETURN-QC-OK,0.6764534185129047,False
TK-246788,2025-11-08 18:15:00,2025-11-08 18:16:00,2025-11-11 18:43:00,closed,chat,C107144,VR892895,VA-EB-PL2,Returns & Refunds,Low,Returns Desk,A3036,0,,2799.0,GW-OTHER,N,"dear sir/madam,

i am writing with reference to my order of the pulse 2 earbuds (vr892895) placed on 03-11-2025. still waiting for my refund. i have emailed twice. i request you to kindly arrange a replacement.

regards,
pranav chauhan",Cx repotred rfnd pending. Checked reverse pickup QC status. rfnd reprocessed. Cx satisfied on chat. (SOP 3.1),helpdesk,2799.0,2025-11,2025Q4,Ritika D'Souza,Returns Desk,1,Indore,Day,VA-EB-PL2,1.0,2799.0,2025-11-03,PL2-2508-2,1480,3499,12,Pulse 2 True Wireless Earbuds,True,False,1820,False,True,"dear sir/madam,

i am writing with reference to my order of the pulse 2 earbuds (vr892895) placed on 03-11-2025. still waiting for my refund. i have emailed twice. i request you to kindly arrange a replacement.

regards,
pranav chauhan Cx repotred rfnd pending. Checked reverse pickup QC status. rfnd reprocessed. Cx satisfied on chat. (SOP 3.1)",RETURN-QC-OK,0.6763390895491598,False
TK-253767,2026-06-06 10:55:00,2026-06-06 11:00:00,2026-06-06 11:20:00,resolved,chat,C105170,VR895773,VA-EB-AIR,Billing & Payments,Normal,Billing,A3033,0,5.0,900.0,GW-OTHER,N,"hello ji
i was charged twice for one order
abhi tak kuch nahi hua","1. charged twice
2. checked pg for duplicate txn
3. full rfnd processed (900)",helpdesk,900.0,2026-06,2026Q2,Vikram Banerjee,Billing,1,Bengaluru,Morning,VA-EB-AIR,1.0,1799.0,2026-06-06,AIR-2603-2,760,1799,12,AirLite Earbuds,True,False,1100,False,True,"hello ji
i was charged twice for one order
abhi tak kuch nahi hua 1. charged twice
2. checked pg for duplicate txn
3. full rfnd processed (900)",DUP-PAYMENT,0.6759570713757364,False
TK-246948,2025-11-12 19:36:00,2025-11-12 20:01:00,2025-11-12 20:31:00,resolved,voice,C104373,VR883582,VA-EB-PL1,Billing & Payments,High,Billing,A3035,0,4.0,2499.0,GW-OTHER,N,[IVR transcript] I was charged twice for one order,Customer states doulbe charge. chk PG for duplicate txn. rfnd of Rs 2499 initiated to source. Cx satisfied on chat.,helpdesk,2499.0,2025-11,2025Q4,Dev Kulkarni,Billing,1,Bengaluru,Day,VA-EB-PL1,1.0,2499.0,2025-11-11,PL1-2508-1,1120,2499,12,Pulse True Wireless Earbuds,True,False,1460,False,True,[IVR transcript] I was charged twice for one order Customer states doulbe charge. chk PG for duplicate txn. rfnd of Rs 2499 initiated to source. Cx satisfied on chat.,DUP-PAYMENT,0.6756595267415783,False
TK-246654,2025-11-05 16:49:00,2025-11-05 18:35:00,2025-11-05 18:52:00,resolved,email,C104899,,VA-HP-ST3,Other,Normal,Email Frontline,A3018,0,4.0,630.0,GW-OTHER,N,"my son ordeed this without asking, please reverse. can someone fix this?","cx: order cancellation | cancelled before dispatch -> refund approved, rs 630, 5-7 working days ~Krishna",helpdesk,630.0,2025-11,2025Q4,Krishna Bhatt,Email Frontline,1,Indore,Day,,,,,,2650,6999,12,Strata 3 Over-Ear Headphones,True,False,2990,False,True,"my son ordeed this without asking, please reverse. can someone fix this? cx: order cancellation | cancelled before dispatch -> refund approved, rs 630, 5-7 working days ~Krishna",CANCEL,0.6754978455439271,False
TK-249872,2026-02-05 20:48:00,2026-02-05 20:49:00,2026-02-06 21:15:00,closed,chat,C104774,VR908804,VA-EB-PL1,Returns & Refunds,High,Returns Desk,A3036,0,,2499.0,GW-OTHER,N,"Got the Pulse buds from vireo.in a month ago. Refund was promised 15 days ago and nothing.
I want my money back.
Thanks",Ticket raised for rfnd not credited. chk rfnd status on PG. rfnd of Rs 2499 initiated to source. Cx satisfied on chat. (SOP 5.4),helpdesk,2499.0,2026-02,2026Q1,Ritika D'Souza,Returns Desk,1,Indore,Day,VA-EB-PL1,1.0,2499.0,2026-01-28,PL1-2512-3,1120,2499,12,Pulse True Wireless Earbuds,True,False,1460,False,True,"Got the Pulse buds from vireo.in a month ago. Refund was promised 15 days ago and nothing.
I want my money back.
Thanks Ticket raised for rfnd not credited. chk rfnd status on PG. rfnd of Rs 2499 initiated to source. Cx satisfied on chat. (SOP 5.4)",RETURN-QC-OK,0.6747281231185278,False
TK-245902,2025-10-17 10:10:00,2025-10-17 10:28:00,2025-10-22 11:00:00,resolved,chat,C101642,,VA-EB-PL2,Delivery & Shipping,Normal,Logistics,A3031,0,,3149.0,GW-OTHER,N,this is regarding pulse 2. product arrived damaged. can soemone fix this? thanks in advance simran,"Reverse pickup arranged. Issue: unit received damaged. Photos received, damage confirmed.",helpdesk,3149.0,2025-10,2025Q4,Zaid Desai,Logistics,1,Indore,Morning,,,,,,1480,3499,12,Pulse 2 True Wireless Earbuds,True,False,1820,False,True,"this is regarding pulse 2. product arrived damaged. can soemone fix this? thanks in advance simran Reverse pickup arranged. Issue: unit received damaged. Photos received, damage confirmed.",DOA-REPL,0.6741193722534584,False
TK-251387,2026-03-22 17:59:00,2026-03-23 06:07:00,,pending,email,C102474,VR894924,VA-AC-CBL,Billing & Payments,High,Billing,A3033,0,2.0,638.0,GW-OTHER,N,"To the Vireo Customer Care Team,

I am writing with reference to my order of USB-C cable placed on 19-03-2026. UPI shows success, your app shows nothing. I have tried logging out and in. I REQUEST YOU TO KINDLY ARRANGE A REPLACEMENT.

YOURS FAITHFULLY,
ARJUN KAUR","1. payment debited, no ord
2. checked pg dashboard for txn
3. refund approved, rs 638, 5-7 working days",helpdesk,638.0,2026-03,2026Q1,Vikram Banerjee,Billing,1,Bengaluru,Morning,VA-AC-CBL,2.0,638.0,2026-03-19,CBL-2512-4,90,399,6,USB-C Braided Cable,True,False,430,False,True,"To the Vireo Customer Care Team,

I am writing with reference to my order of USB-C cable placed on 19-03-2026. UPI shows success, your app shows nothing. I have tried logging out and in. I REQUEST YOU TO KINDLY ARRANGE A REPLACEMENT.

YOURS FAITHFULLY,
ARJUN KAUR 1. payment debited, no ord
2. checked pg dashboard for txn
3. refund approved, rs 638, 5-7 working days",DUP-PAYMENT,0.673482388508471,False
TK-253668,2026-06-02 20:44:00,2026-06-03 08:31:00,2026-06-03 08:50:00,resolved,email,C101385,VR892166,VA-EB-PL2,Billing & Payments,Normal,Billing,A3034,0,,2974.0,GW-OTHER,N,"hi
payment was deducted but no order was created
anyone there",refund processed to source (sop 4.2),helpdesk,2974.0,2026-06,2026Q2,Tanvi Rathore,Billing,1,Indore,Morning,VA-EB-PL2,1.0,2974.0,2026-04-12,PL2-2602-2,1480,3499,12,Pulse 2 True Wireless Earbuds,True,False,1820,False,True,"hi
payment was deducted but no order was created
anyone there refund processed to source (sop 4.2)",DUP-PAYMENT,0.6729554206722573,False
TK-248190,2025-12-14 01:18:00,2025-12-14 01:23:00,2025-12-14 01:40:00,resolved,chat,C109228,VR903100,VA-EB-PL2,Billing & Payments,High,Billing,A3032,0,5.0,3149.0,GW-OTHER,N,"dear sir/madam,

i am writing with reference to my order of pulse 2 buds (vr903100) placed on 01-12-2025. two entries of rs 2499 on my statement for one pair of earbuds. i have waited a week. i request you to look into this matter at the earliest.

sincerely,
tarun singh","1. double charge
2. checked pg for duplicate txn
3. rfnd approved, rs 3149, 5-7 working days ~Sneha",helpdesk,3149.0,2025-12,2025Q4,Sneha Bansal,Billing,1,Indore,Morning,VA-EB-PL2,1.0,3149.0,2025-12-01,PL2-2511-1,1480,3499,12,Pulse 2 True Wireless Earbuds,True,False,1820,False,True,"dear sir/madam,

i am writing with reference to my order of pulse 2 buds (vr903100) placed on 01-12-2025. two entries of rs 2499 on my statement for one pair of earbuds. i have waited a week. i request you to look into this matter at the earliest.

sincerely,
tarun singh 1. double charge
2. checked pg for duplicate txn
3. rfnd approved, rs 3149, 5-7 working days ~Sneha",DUP-PAYMENT,0.6726223122589683,False
TK-244772,2025-09-11 12:33:00,2025-09-11 12:37:00,2025-09-14 13:00:00,resolved,chat,C109222,VR893988,VA-EB-PL2,Returns & Refunds,Normal,Returns Desk,A3038,0,3.0,5948.0,GW-OTHER,N,"Dear team,
I bought Pulse 2 on 30 Aug. Where is the money for the return.
Please help.
Rgds Sai Malhotrra","1. rfnd not credited
2. Checked rfnd status on PG
3. rfnd confirmed credited",helpdesk,5948.0,2025-09,2025Q3,Ankit Dhillon,Returns Desk,1,Bengaluru,Morning,VA-EB-PL2,2.0,5948.0,2025-08-30,PL2-2506-3,1480,3499,12,Pulse 2 True Wireless Earbuds,True,False,1820,False,True,"Dear team,
I bought Pulse 2 on 30 Aug. Where is the money for the return.
Please help.
Rgds Sai Malhotrra 1. rfnd not credited
2. Checked rfnd status on PG
3. rfnd confirmed credited",RETURN-QC-OK,0.6722575937377069,False
TK-247764,2025-12-03 09:59:00,2025-12-03 14:39:00,2025-12-06 15:10:00,resolved,email,C100049,,VA-SP-MINI,Billing & Payments,High,Billing,A3035,0,,2499.0,GW-OTHER,N,not acceptable at this price. i bought the mini speaker on 07/11. refund was promised 16 days ago and nothing. i already emailed twice. refund. now.,"Reported: rfnd not credited. Checked reverse pkp QC status. Refunded Rs 2499. Follow-up not required.
rplc declined by cx, rfnd issued instead.",helpdesk,2499.0,2025-12,2025Q4,Dev Kulkarni,Billing,1,Bengaluru,Day,,,,,,980,2499,12,Orbit Mini Speaker,True,False,1320,False,True,"not acceptable at this price. i bought the mini speaker on 07/11. refund was promised 16 days ago and nothing. i already emailed twice. refund. now. Reported: rfnd not credited. Checked reverse pkp QC status. Refunded Rs 2499. Follow-up not required.
rplc declined by cx, rfnd issued instead.",RETURN-QC-OK,0.672100814532478,False
TK-252693,2026-05-04 15:25:00,2026-05-04 15:31:00,2026-05-07 16:00:00,resolved,chat,C101930,VR886612,VA-SW-NX2,Returns & Refunds,Normal,Returns Desk,A3036,0,,5849.0,GW-OTHER,N,"hi
the return was accepted but the amount is nowhere in my account
the nexa 2
kindly do the needful",cx states rfnd delay. chk reversse pikcup QC status. Full rfnd processed (5849). Cx informed. (SOP 3.1),helpdesk,5849.0,2026-05,2026Q2,Ritika D'Souza,Returns Desk,1,Indore,Day,VA-SW-NX2,1.0,5849.0,2026-04-09,NX2-2601-4,2450,6499,12,Nexa 2 Smartwatch,True,False,2790,False,True,"hi
the return was accepted but the amount is nowhere in my account
the nexa 2
kindly do the needful cx states rfnd delay. chk reversse pikcup QC status. Full rfnd processed (5849). Cx informed. (SOP 3.1)",RETURN-QC-OK,0.6718020933713931,False
TK-252384,2026-04-22 19:37:00,2026-04-22 19:38:00,2026-04-22 20:16:00,resolved,chat,C106950,VR883502,VA-EB-PL2,Other,Normal,Chat Frontline,A3015,0,3.0,2799.0,GW-OTHER,N,I was charged twice for one order.  VR883502. please call me on my registered number,"rfnd approved, Rs 2799, 5-7 working days. Issue: duplicate payment. Confirmed UTRs. [closed]",helpdesk,2799.0,2026-04,2026Q2,Sameer Jadhav,Chat Frontline,1,Bengaluru,Day,VA-EB-PL2,1.0,2799.0,2026-04-09,PL2-2603-3,1480,3499,12,Pulse 2 True Wireless Earbuds,True,False,1820,False,True,"I was charged twice for one order.  VR883502. please call me on my registered number rfnd approved, Rs 2799, 5-7 working days. Issue: duplicate payment. Confirmed UTRs. [closed]",DUP-PAYMENT,0.6715836283418579,False
TK-246559,2025-11-02 21:19:00,2025-11-02 21:20:00,2025-11-02 21:40:00,resolved,chat,C103696,VR892038,VA-AC-CH65,Billing & Payments,Normal,Billing,A3035,0,3.0,1199.0,GW-OTHER,N,"product: your charger
order: vr892038
purchased: 23/10
issue: i was charged twice for one order
tried: cecked with bank
expected: fix",Reported: charged twice. Checked PG for duplicate txn. Full rfnd processed (1199). Follow-up not required.,helpdesk,1199.0,2025-11,2025Q4,Dev Kulkarni,Billing,1,Bengaluru,Day,VA-AC-CH65,1.0,1199.0,2025-10-23,CH65-2509-4,610,1499,6,65W GaN Charger,True,False,950,False,True,"product: your charger
order: vr892038
purchased: 23/10
issue: i was charged twice for one order
tried: cecked with bank
expected: fix Reported: charged twice. Checked PG for duplicate txn. Full rfnd processed (1199). Follow-up not required.",DUP-PAYMENT,0.6712471873228307,False
TK-248916,2026-01-06 18:11:00,2026-01-06 20:02:00,2026-01-06 20:20:00,resolved,email,C106622,,VA-AC-CASE,Other,Normal,Email Frontline,A3018,0,,1299.0,GW-OTHER,N,"To the Vireo Customer Care Team,

I am writing with reference to my order of spare case placed on 04-01-2026. Want to cancel my order. I have tried cancel button, greyed out. I request you to look into this matter at the earliest.

Sincerely,
Om Gupta",cancel order | checked shipmnt status -> refund of rs 1299 initiated to source,helpdesk,1299.0,2026-01,2026Q1,Krishna Bhatt,Email Frontline,1,Indore,Day,,,,,,620,1299,6,Pulse Charging Case (spare),True,False,960,False,True,"To the Vireo Customer Care Team,

I am writing with reference to my order of spare case placed on 04-01-2026. Want to cancel my order. I have tried cancel button, greyed out. I request you to look into this matter at the earliest.

Sincerely,
Om Gupta cancel order | checked shipmnt status -> refund of rs 1299 initiated to source",CANCEL,0.6704813273192675,False
TK-242174,2025-05-15 17:36:00,2025-05-15 17:43:00,2025-05-15 18:08:00,resolved,chat,C107658,VR895082,VA-HP-ST3,Billing & Payments,High,Billing,A3035,0,4.0,3500.0,GW-OTHER,N,"dear sir/madam,

i am writing w/ reference to my order of my strata 3 headphones (vr895082) placed on 11 may. payment went through but i got no order id. i have checked bank statement. i request you to kindly arrange a replacement.

regards,
payal sharma
nagpur",Cx says amount deducted without ord. cnf w/ payment gateway. Auto-rfnd conf within 5-7 days. Follow-up not required.,helpdesk,3500.0,2025-05,2025Q2,Dev Kulkarni,Billing,1,Bengaluru,Day,VA-HP-ST3,1.0,6999.0,2025-05-11,ST3-2502-3,2650,6999,12,Strata 3 Over-Ear Headphones,True,False,2990,False,True,"dear sir/madam,

i am writing w/ reference to my order of my strata 3 headphones (vr895082) placed on 11 may. payment went through but i got no order id. i have checked bank statement. i request you to kindly arrange a replacement.

regards,
payal sharma
nagpur Cx says amount deducted without ord. cnf w/ payment gateway. Auto-rfnd conf within 5-7 days. Follow-up not required.",DUP-PAYMENT,0.670397584106358,False
TK-248230,2025-12-15 18:05:00,2025-12-15 18:22:00,2025-12-17 18:49:00,resolved,chat,C102492,VR901068,VA-SP-ORB,Returns & Refunds,Normal,Returns Desk,A3036,0,,4799.0,GW-OTHER,N,packed the box a week ago and it's still here - need this sorted this week,Cx reported pickup missed. Re-raised pickup with courier. Rfund of Rs 4799 initiated to source. Case closed with cx consent.,helpdesk,4799.0,2025-12,2025Q4,Ritika D'Souza,Returns Desk,1,Indore,Day,VA-SP-ORB,1.0,4799.0,2025-11-16,ORB-2510-2,2300,5999,12,Orbit Smart Speaker,True,False,2640,False,True,packed the box a week ago and it's still here - need this sorted this week Cx reported pickup missed. Re-raised pickup with courier. Rfund of Rs 4799 initiated to source. Case closed with cx consent.,RETURN-QC-OK,0.6703406732770072,False
TK-253305,2026-05-23 20:18:00,2026-05-23 20:30:00,2026-05-26 20:48:00,closed,chat,C100766,,VA-EB-PL2,Delivery & Shipping,Normal,Logistics,A3030,0,,3499.0,GW-OTHER,N,"Hi Vireo support,
This is regarding Pulse 2. My order has not been delivered yet.
I checked the tracking page daily.
Need this sorted this week.
Rgds",Cx says dlvry delayed. conf address with cx. Refund of Rs 3499 initiated to source.,helpdesk,3499.0,2026-05,2026Q2,Aishwarya Trivedi,Logistics,1,Indore,Day,,,,,,1480,3499,12,Pulse 2 True Wireless Earbuds,True,False,1820,False,True,"Hi Vireo support,
This is regarding Pulse 2. My order has not been delivered yet.
I checked the tracking page daily.
Need this sorted this week.
Rgds Cx says dlvry delayed. conf address with cx. Refund of Rs 3499 initiated to source.",LOST-TRANSIT,0.6703303608540008,False
TK-249630,2026-01-29 19:58:00,2026-01-30 02:41:00,2026-02-02 03:11:00,resolved,email,C106135,VR904809,VA-SP-MINI,Returns & Refunds,Normal,Returns Desk,A3037,0,2.0,2499.0,GW-OTHER,N,pathetic experience honestly.  i bought orbit mini on 23-01-2026. refund was promised 11 days ago and nothing. i already emailed twice. fix this or i am posting on twitter,"refund confirmed credited. issue: refund pending. chk reverse pkp qc status. | replacement was offered earlier by chat team, cx opted for refund. ~Manish",helpdesk,2499.0,2026-01,2026Q1,Manish Iyer,Returns Desk,1,Indore,Morning,VA-SP-MINI,1.0,2499.0,2026-01-23,MINI-2512-3,980,2499,12,Orbit Mini Speaker,True,False,1320,False,True,"pathetic experience honestly.  i bought orbit mini on 23-01-2026. refund was promised 11 days ago and nothing. i already emailed twice. fix this or i am posting on twitter refund confirmed credited. issue: refund pending. chk reverse pkp qc status. | replacement was offered earlier by chat team, cx opted for refund. ~Manish",RETURN-QC-OK,0.6700820214951567,False
TK-244677,2025-09-08 12:23:00,2025-09-08 12:29:00,2025-09-08 13:02:00,resolved,chat,C109474,,VA-HP-ST3,Connectivity,Normal,Chat Frontline,A3013,0,4.0,6999.0,GW-OTHER,Y,"Pathetic experience honestly. Got my Strata 3 headphones from vireo.in last month. not pairing with my phone. I already tried on another phone. I want a replacement or refund, nothing else","cx: pairing failure | asked cx to reset the device -> reset done, paired ok. | credited full amount, new unit also going out tomorrow. ~Rohit",helpdesk,6999.0,2025-09,2025Q3,Rohit Nair,Chat Frontline,1,Bengaluru,Morning,,,,,,2650,6999,12,Strata 3 Over-Ear Headphones,True,True,2990,False,True,"Pathetic experience honestly. Got my Strata 3 headphones from vireo.in last month. not pairing with my phone. I already tried on another phone. I want a replacement or refund, nothing else cx: pairing failure | asked cx to reset the device -> reset done, paired ok. | credited full amount, new unit also going out tomorrow. ~Rohit",DOA-REPL,0.6694353819314034,False
TK-252076,2026-04-12 00:25:00,2026-04-12 00:26:00,2026-04-14 00:57:00,resolved,chat,C105744,VR893347,VA-HP-ST3,Returns & Refunds,Normal,Returns Desk,A3038,0,,6999.0,GW-OTHER,N,"Dear Sir/Madam,
This is regarding the strata 3. You picked up the item 17 days ago and my money hasn't come back.
Can someone fix this?
Rgds,","1. Refund pending
2. chk reverse pkp QC status
3. Refunded Rs 6999. rfnd issued; replacement not applicable (out of stock).",helpdesk,6999.0,2026-04,2026Q2,Ankit Dhillon,Returns Desk,1,Bengaluru,Morning,VA-HP-ST3,1.0,6999.0,2026-03-27,ST3-2512-3,2650,6999,12,Strata 3 Over-Ear Headphones,True,False,2990,False,True,"Dear Sir/Madam,
This is regarding the strata 3. You picked up the item 17 days ago and my money hasn't come back.
Can someone fix this?
Rgds, 1. Refund pending
2. chk reverse pkp QC status
3. Refunded Rs 6999. rfnd issued; replacement not applicable (out of stock).",RETURN-QC-OK,0.6688155933791937,False
TK-253162,2026-05-19 14:13:00,2026-05-19 14:15:00,2026-05-19 14:47:00,resolved,chat,C106121,VR889255,VA-EB-PL2,Delivery & Shipping,High,Logistics,A3030,0,,3499.0,GW-OTHER,N,"Dear Sir/Madam,

I am writnig with reference to my order of Pulse 2 (VR889255) paced on May 12. Screen has a crack before I even switched it on. I have took photos. I request you to look into this matter at the earliest.

Sincerely,
Imran Desai
Kolkata","Cx reported damaged in transit. Photos received, damage confirmed. Refunded Rs 3499.
Reversed the payment & dispatched a new one under RMA. //AIS",helpdesk,3499.0,2026-05,2026Q2,Aishwarya Trivedi,Logistics,1,Indore,Day,VA-EB-PL2,1.0,3499.0,2026-05-12,PL2-2601-4,1480,3499,12,Pulse 2 True Wireless Earbuds,True,False,1820,False,True,"Dear Sir/Madam,

I am writnig with reference to my order of Pulse 2 (VR889255) paced on May 12. Screen has a crack before I even switched it on. I have took photos. I request you to look into this matter at the earliest.

Sincerely,
Imran Desai
Kolkata Cx reported damaged in transit. Photos received, damage confirmed. Refunded Rs 3499.
Reversed the payment & dispatched a new one under RMA. //AIS",DOA-REPL,0.6686217684060982,False
TK-246017,2025-10-20 11:37:00,2025-10-20 13:08:00,2025-10-20 13:21:00,resolved,email,C100578,VR908631,VA-SP-ORB,Other,High,Email Frontline,A3022,0,,5999.0,GW-OTHER,N,"hii
my son ordered this without asking, please reverse
anyone there",Customer reached out - order cancellation. Checked shipment status. Refunded Rs 5999. (SOP 5.4),helpdesk,5999.0,2025-10,2025Q4,Daniel Arora,Email Frontline,1,Indore,Morning,VA-SP-ORB,1.0,5999.0,2025-10-20,ORB-2509-1,2300,5999,12,Orbit Smart Speaker,True,False,2640,False,True,"hii
my son ordered this without asking, please reverse
anyone there Customer reached out - order cancellation. Checked shipment status. Refunded Rs 5999. (SOP 5.4)",CANCEL,0.6684430189925465,False
TK-243778,2025-08-02 17:36:00,2025-08-02 18:23:00,2025-08-04 18:46:00,resolved,email,C100077,,VA-EB-PL2,Returns & Refunds,Low,Returns Desk,A3036,0,5.0,297400.0,GW-OTHER,N,"Bought Pulse 2 around 21-07-2025 from vireo.in. Refund was promised 13 days ago and nothing.
I chceked bank. Nothing changed.
Kindly look into it.",Ticket riased for rfnd not credited. Checked reverse pkp QC status. rfnd reprocessed. Cx informed. (SOP 3.1),legacy_fd,2974.0,2025-08,2025Q3,Ritika D'Souza,Returns Desk,1,Indore,Day,,,,,,1480,3499,12,Pulse 2 True Wireless Earbuds,True,False,1820,False,True,"Bought Pulse 2 around 21-07-2025 from vireo.in. Refund was promised 13 days ago and nothing.
I chceked bank. Nothing changed.
Kindly look into it. Ticket riased for rfnd not credited. Checked reverse pkp QC status. rfnd reprocessed. Cx informed. (SOP 3.1)",RETURN-QC-OK,0.6682017658632848,False
TK-250880,2026-03-07 11:19:00,2026-03-07 13:30:00,2026-03-07 13:44:00,resolved,email,C109473,VR898548,VA-EB-PL2,Other,Normal,Email Frontline,A3021,0,5.0,525.0,GW-OTHER,N,"change of mind, pls stop the shipment - VR898548 - pls advise",Ticket raised for cancel order. Checked shipment status. rfnd of Rs 525 initiated to source. ~Meera,helpdesk,525.0,2026-03,2026Q1,Meera Mathew,Email Frontline,1,Bengaluru,Morning,VA-EB-PL2,1.0,3499.0,2026-03-03,PL2-2511-3,1480,3499,12,Pulse 2 True Wireless Earbuds,True,False,1820,False,True,"change of mind, pls stop the shipment - VR898548 - pls advise Ticket raised for cancel order. Checked shipment status. rfnd of Rs 525 initiated to source. ~Meera",CANCEL,0.667900912450058,False
TK-240015,2025-01-02 12:35:00,2025-01-02 13:33:00,2025-01-04 13:49:00,resolved,email,C104773,VR895522,VA-EB-AIR,Returns & Refunds,Low,Returns Desk,A3037,0,3.0,170900.0,GW-OTHER,N,"dear sir/madam,
bought airlite around 20 dec from vireo.in.  where is the money for the return.
please resolve asap",issue: rfnd not credited | chk reverse pkp qc status -> full rfnd processed (1709) ~Manish,legacy_fd,1709.0,2025-01,2025Q1,Manish Iyer,Returns Desk,1,Indore,Morning,VA-EB-AIR,1.0,1709.0,2024-12-20,AIR-2410-3,760,1799,12,AirLite Earbuds,True,False,1100,False,True,"dear sir/madam,
bought airlite around 20 dec from vireo.in.  where is the money for the return.
please resolve asap issue: rfnd not credited | chk reverse pkp qc status -> full rfnd processed (1709) ~Manish",RETURN-QC-OK,0.6671547310736547,False
TK-250626,2026-02-27 12:07:00,2026-02-27 12:11:00,2026-02-27 12:44:00,resolved,chat,C105242,VR906022,VA-AC-CASE,Billing & Payments,Normal,Billing,A3033,0,3.0,1299.0,GW-OTHER,N,"refund not recieved yet, VR906022, need this sorted this week","1. refund not credited
2. checked refund status on pg
3. full refund processed (1299)",helpdesk,1299.0,2026-02,2026Q1,Vikram Banerjee,Billing,1,Bengaluru,Morning,VA-AC-CASE,1.0,1299.0,2026-02-16,CASE-2601-2,620,1299,6,Pulse Charging Case (spare),True,False,960,False,True,"refund not recieved yet, VR906022, need this sorted this week 1. refund not credited
2. checked refund status on pg
3. full refund processed (1299)",RETURN-QC-OK,0.6667816507459032,False
TK-241038,2025-03-15 18:45:00,2025-03-15 19:41:00,2025-03-15 19:51:00,resolved,email,C106008,VR893097,VA-SW-NX2,Other,Normal,Email Frontline,A3018,0,,5849.0,GW-OTHER,N,"hello
the festive offer vanished when i clicked pay
the nexa 2","cx: prmo code invalid | checked cart eligiiblity -> refund approved, rs 5849, 5-7 working days ~Krishna",helpdesk,5849.0,2025-03,2025Q1,Krishna Bhatt,Email Frontline,1,Indore,Day,VA-SW-NX2,1.0,5849.0,2025-03-01,NX2-2412-1,2450,6499,12,Nexa 2 Smartwatch,True,False,2790,False,True,"hello
the festive offer vanished when i clicked pay
the nexa 2 cx: prmo code invalid | checked cart eligiiblity -> refund approved, rs 5849, 5-7 working days ~Krishna",PRICE-ADJ,0.6655701831899609,False
TK-241993,2025-05-05 12:58:00,2025-05-05 13:11:00,2025-05-05 13:42:00,resolved,voice,C104789,VR901542,VA-SW-FIT,Billing & Payments,Normal,Billing,A3033,0,4.0,34000.0,GW-OTHER,N,"[IVR transcript] Dear team, This is regarding the fit band. The page failed after I paid and now nothing shows in my account. Need this sorted this week. Regards, Ananya","1. amount deducted without order
2. confirmed with payment gateway
3. refunded rs 340",legacy_fd,340.0,2025-05,2025Q2,Vikram Banerjee,Billing,1,Bengaluru,Morning,VA-SW-FIT,1.0,1699.0,2025-04-21,FIT-2502-2,850,1999,12,Nexa Fit Band,True,False,1190,False,False,"[IVR transcript] Dear team, This is regarding the fit band. The page failed after I paid and now nothing shows in my account. Need this sorted this week. Regards, Ananya 1. amount deducted without order
2. confirmed with payment gateway
3. refunded rs 340",DUP-PAYMENT,0.6645990569729802,False
TK-244911,2025-09-15 21:36:00,2025-09-15 21:46:00,2025-09-15 22:20:00,resolved,chat,C107901,VR907936,VA-HP-ST2,Billing & Payments,High,Billing,A3035,0,,4249.0,GW-OTHER,N,"Product: my Strata 2 headphones
Purchased: 11-09-2025
Issue: money debited but order not showing
Tried: checked bank statement
Expected: refund","Ticcket raiised for payment debited, no ord. Asked for UTR. Refund of Rs 4249 initiated to source. Cx informed.",helpdesk,4249.0,2025-09,2025Q3,Dev Kulkarni,Billing,1,Bengaluru,Day,VA-HP-ST2,1.0,4249.0,2025-09-11,ST2-2506-4,2100,4999,12,Strata 2 Over-Ear Headphones,True,False,2440,False,True,"Product: my Strata 2 headphones
Purchased: 11-09-2025
Issue: money debited but order not showing
Tried: checked bank statement
Expected: refund Ticcket raiised for payment debited, no ord. Asked for UTR. Refund of Rs 4249 initiated to source. Cx informed.",DUP-PAYMENT,0.6645863276952959,False
TK-249952,2026-02-08 07:40:00,2026-02-08 08:49:00,2026-02-10 09:01:00,resolved,email,C104419,,VA-EB-PL2,Returns & Refunds,Normal,Returns Desk,A3038,0,,2974.0,GW-OTHER,N,"hi vireo support, i bought pulse 2 buds on 17-01-2026.  reffund was promised 19 days ago and nothing. i emailed twice. can someone fix this? rgds pooja",Cx says rfnd delay. Checked reverse pickup QC status. rfnd of Rs 2974 initiated to source.,helpdesk,2974.0,2026-02,2026Q1,Ankit Dhillon,Returns Desk,1,Bengaluru,Morning,,,,,,1480,3499,12,Pulse 2 True Wireless Earbuds,True,False,1820,False,True,"hi vireo support, i bought pulse 2 buds on 17-01-2026.  reffund was promised 19 days ago and nothing. i emailed twice. can someone fix this? rgds pooja Cx says rfnd delay. Checked reverse pickup QC status. rfnd of Rs 2974 initiated to source.",RETURN-QC-OK,0.6645064171882831,False
TK-245406,2025-10-02 19:40:00,2025-10-02 21:23:00,2025-10-03 21:34:00,resolved,voice,C105936,VR906037,VA-SW-FIT,Returns & Refunds,Low,Returns Desk,A3036,0,,1999.0,GW-OTHER,N,"[IVR transcript] Hello Vireo, my Nexa Fit band purchased 3 weeks back, order VR906037. Packed the box a week ago and it's still here. I rescheduled pickup twice. I want my money back. Thank you Lobsang",Cust contacted re pickup not done. Re-raised pickup w/ crr. Rfund processed without pickup as goodwill. Cx satisfied on chat.,helpdesk,1999.0,2025-10,2025Q4,Ritika D'Souza,Returns Desk,1,Indore,Day,VA-SW-FIT,1.0,1999.0,2025-09-24,FIT-2506-4,850,1999,12,Nexa Fit Band,True,False,1190,False,True,"[IVR transcript] Hello Vireo, my Nexa Fit band purchased 3 weeks back, order VR906037. Packed the box a week ago and it's still here. I rescheduled pickup twice. I want my money back. Thank you Lobsang Cust contacted re pickup not done. Re-raised pickup w/ crr. Rfund processed without pickup as goodwill. Cx satisfied on chat.",RETURN-QC-OK,0.6633121275224303,False
TK-242520,2025-06-01 21:27:00,2025-06-01 23:06:00,2025-06-01 23:30:00,resolved,social,C103336,,VA-SP-MINI,Returns & Refunds,Normal,Returns Desk,A3038,0,,37500.0,GW-OTHER,N,"Dear Sir/Madam,

I am writing with reference to my order of Orbit Mini placed on May 07. You picked up the item 18 days ago and my money hasn't come back. I have checked bank. I request u to kindly arrange a replacement.

Sincerely,
Aishwarya Roy
Raipur","1. rfnd pending
2. Checked reverse pickup QC status
3. rfnd approved, Rs 375, 5-7 working days",legacy_fd,375.0,2025-06,2025Q2,Ankit Dhillon,Returns Desk,1,Bengaluru,Morning,,,,,,980,2499,12,Orbit Mini Speaker,True,False,1320,False,False,"Dear Sir/Madam,

I am writing with reference to my order of Orbit Mini placed on May 07. You picked up the item 18 days ago and my money hasn't come back. I have checked bank. I request u to kindly arrange a replacement.

Sincerely,
Aishwarya Roy
Raipur 1. rfnd pending
2. Checked reverse pickup QC status
3. rfnd approved, Rs 375, 5-7 working days",RETURN-QC-OK,0.6626054566517243,False
TK-246910,2025-11-12 00:07:00,2025-11-12 02:20:00,2025-11-12 02:32:00,resolved,email,C108200,,VA-EB-PL2,Billing & Payments,High,Billing,A3034,0,,297.0,GW-OTHER,N,"dear sir/madam,

i am writing with reference to my order of my pulse 2 placed on november 08. your ad said 20% off and the cart says full price. i have tried on app and website. i request you to kindly arrange a replacement.

sincerely,
priya khanna",closed (sop 5.4),helpdesk,297.0,2025-11,2025Q4,Tanvi Rathore,Billing,1,Indore,Morning,,,,,,1480,3499,12,Pulse 2 True Wireless Earbuds,True,False,1820,False,False,"dear sir/madam,

i am writing with reference to my order of my pulse 2 placed on november 08. your ad said 20% off and the cart says full price. i have tried on app and website. i request you to kindly arrange a replacement.

sincerely,
priya khanna closed (sop 5.4)",PRICE-ADJ,0.662423029455001,False
TK-254372,2026-06-26 06:57:00,2026-06-26 10:23:00,2026-06-27 10:45:00,resolved,social,C103416,VR905452,VA-EB-PL2,Returns & Refunds,Normal,Returns Desk,A3038,0,5.0,350.0,GW-OTHER,N,"Hi team,
Bought the Pulse 2 earbuds around 10 Jun from Flipkart. Refund was promised 14 days ago and nothing.
I checked bank.
Please call me on my registered number.","1. rfnd not credited
2. chk reverse pkp QC status
3. rfnd approved, Rs 350, 5-7 working days",helpdesk,350.0,2026-06,2026Q2,Ankit Dhillon,Returns Desk,1,Bengaluru,Morning,VA-EB-PL2,1.0,3499.0,2026-06-10,PL2-2603-1,1480,3499,12,Pulse 2 True Wireless Earbuds,True,False,1820,False,False,"Hi team,
Bought the Pulse 2 earbuds around 10 Jun from Flipkart. Refund was promised 14 days ago and nothing.
I checked bank.
Please call me on my registered number. 1. rfnd not credited
2. chk reverse pkp QC status
3. rfnd approved, Rs 350, 5-7 working days",RETURN-QC-OK,0.6618276293462793,False
TK-254289,2026-06-23 11:54:00,2026-06-23 22:19:00,2026-06-23 22:50:00,resolved,email,C102776,VR909863,VA-AC-CASE,Delivery & Shipping,High,Logistics,A3028,0,2.0,1039.0,GW-OTHER,N,"there's a dent on the case straight out of the box
VR909863",contact re transit damage. chk w/ crr for damage claim. reverse pkp arranged. -- money back to source & a fresh pair shipped.,helpdesk,1039.0,2026-06,2026Q2,Sameer Kapoor,Logistics,1,Indore,Morning,VA-AC-CASE,1.0,1039.0,2026-06-14,CASE-2603-1,620,1299,6,Pulse Charging Case (spare),True,False,960,False,True,"there's a dent on the case straight out of the box
VR909863 contact re transit damage. chk w/ crr for damage claim. reverse pkp arranged. -- money back to source & a fresh pair shipped.",DOA-REPL,0.661697051891305,False
TK-248782,2026-01-02 06:38:00,2026-01-02 14:12:00,2026-01-02 14:28:00,resolved,email,C106484,,VA-EB-PL2,Other,Normal,Email Frontline,A3018,0,4.0,3149.0,GW-OTHER,N,"team,
watn to cancel my ordder
kuch kaor",Reported: cancel order. Checked shipment status. Refund of Rs 3149 initiated to source. ~Krishna,helpdesk,3149.0,2026-01,2026Q1,Krishna Bhatt,Email Frontline,1,Indore,Day,,,,,,1480,3499,12,Pulse 2 True Wireless Earbuds,True,False,1820,False,True,"team,
watn to cancel my ordder
kuch kaor Reported: cancel order. Checked shipment status. Refund of Rs 3149 initiated to source. ~Krishna",CANCEL,0.6614639779006473,False
TK-244349,2025-08-27 09:15:00,2025-08-27 09:20:00,2025-08-30 09:34:00,resolved,voice,C100172,VR889018,VA-EB-PL2,Other,Normal,Voice Frontline,A3025,0,,297400.0,GW-OTHER,N,"[IVR transcript] Hi, Ordered Pulse2 2 weeks ago. Paaid on 13/08, still waiting for something to show up. I checked teh tracking page daily. Nothing changed. Please advise. Awaiting response,","rfnd approved, rs 2974, 5-7 working days. issue: shipment not rcvd. raised ticket with crr partner. //KOM",legacy_fd,2974.0,2025-08,2025Q3,Komal Malhotra,Voice Frontline,1,Bengaluru,Morning,VA-EB-PL2,1.0,2974.0,2025-08-13,PL2-2505-2,1480,3499,12,Pulse 2 True Wireless Earbuds,True,False,1820,False,True,"[IVR transcript] Hi, Ordered Pulse2 2 weeks ago. Paaid on 13/08, still waiting for something to show up. I checked teh tracking page daily. Nothing changed. Please advise. Awaiting response, rfnd approved, rs 2974, 5-7 working days. issue: shipment not rcvd. raised ticket with crr partner. //KOM",LOST-TRANSIT,0.6614300934646722,False
TK-243661,2025-07-29 10:29:00,2025-07-29 12:54:00,2025-07-31 13:19:00,resolved,email,C104256,,VA-EB-PL2,Returns & Refunds,Normal,Returns Desk,A3038,0,,297400.0,GW-OTHER,N,"This is very disappointing. I bought Pulse2 on July 20. refund not received yet. I already checked bank. I want a replacement or refund, nothing else.","1. rfnd delay
2. Checked rfnd status on PG
3. Full rfnd processed (2974)",legacy_fd,2974.0,2025-07,2025Q3,Ankit Dhillon,Returns Desk,1,Bengaluru,Morning,,,,,,1480,3499,12,Pulse 2 True Wireless Earbuds,True,False,1820,False,True,"This is very disappointing. I bought Pulse2 on July 20. refund not received yet. I already checked bank. I want a replacement or refund, nothing else. 1. rfnd delay
2. Checked rfnd status on PG
3. Full rfnd processed (2974)",RETURN-QC-OK,0.661279292784876,False
TK-251720,2026-04-01 08:49:00,2026-04-01 10:16:00,2026-04-01 10:43:00,resolved,email,C104471,,VA-EB-PL2,Billing & Payments,High,Billing,A3033,0,4.0,3324.0,GW-OTHER,N,"Product: pulse 2 buds
Order: VR902387
Purchased: March 25
Issue: monye debited but order not showing
Tried: tried logging out and in
Expected: resolution","1. amount deducted without order
2. asked for utr
3. rfnd of rs 3324 initiated to source",helpdesk,3324.0,2026-04,2026Q2,Vikram Banerjee,Billing,1,Bengaluru,Morning,,,,,,1480,3499,12,Pulse 2 True Wireless Earbuds,True,False,1820,False,True,"Product: pulse 2 buds
Order: VR902387
Purchased: March 25
Issue: monye debited but order not showing
Tried: tried logging out and in
Expected: resolution 1. amount deducted without order
2. asked for utr
3. rfnd of rs 3324 initiated to source",DUP-PAYMENT,0.65994575901454,False
TK-240246,2025-01-18 21:22:00,2025-01-19 03:42:00,2025-01-19 04:10:00,resolved,email,C107516,VR891404,VA-AC-CBL,Billing & Payments,Normal,Billing,A3034,0,,80.0,GW-OTHER,N,"Dear Sir/Madam,

I am writing with reference to my order of braided cable (VR891404) placed on January 06. Paid via UPI, amount deducted, no order confirmation. I have waited 24 hours. I request you to provide a resolution within 3 working days.

Yours faithfully,
Riya George",see prev (sop 5.4),helpdesk,80.0,2025-01,2025Q1,Tanvi Rathore,Billing,1,Indore,Morning,VA-AC-CBL,1.0,399.0,2025-01-06,CBL-2410-2,90,399,6,USB-C Braided Cable,True,False,430,False,False,"Dear Sir/Madam,

I am writing with reference to my order of braided cable (VR891404) placed on January 06. Paid via UPI, amount deducted, no order confirmation. I have waited 24 hours. I request you to provide a resolution within 3 working days.

Yours faithfully,
Riya George see prev (sop 5.4)",DUP-PAYMENT,0.6597989312839145,False
TK-249530,2026-01-26 09:00:00,2026-01-26 09:06:00,2026-01-26 09:30:00,resolved,chat,C106522,VR883614,VA-EB-PL2,Billing & Payments,High,Billing,A3034,0,2.0,2799.0,GW-OTHER,N,"pulse 2 purchased around diwali, order vr883614. my bank says rs 3499 went to you but your site says i have no orders. i checked bank statement. nothing changed. how do i get this fixed? thanks, rohan",see prev,helpdesk,2799.0,2026-01,2026Q1,Tanvi Rathore,Billing,1,Indore,Morning,VA-EB-PL2,1.0,2799.0,2026-01-21,PL2-2511-2,1480,3499,12,Pulse 2 True Wireless Earbuds,True,False,1820,False,True,"pulse 2 purchased around diwali, order vr883614. my bank says rs 3499 went to you but your site says i have no orders. i checked bank statement. nothing changed. how do i get this fixed? thanks, rohan see prev",DUP-PAYMENT,0.6587275154767214,False
TK-241686,2025-04-18 08:13:00,2025-04-18 08:18:00,2025-04-20 08:40:00,resolved,chat,C107645,VR908439,VA-SW-NX2,Returns & Refunds,High,Returns Desk,A3037,0,,617400.0,GW-OTHER,N,"hello, nexa 2 purchased 3 weeks back, order vr908439. refund not received yet. i checked bank. nothing changed. kindly look into it. regards, vihaan bhatt",full refund processed (6174). issue: refund not credited. chk refund status on pg. ~Manish,legacy_fd,6174.0,2025-04,2025Q2,Manish Iyer,Returns Desk,1,Indore,Morning,VA-SW-NX2,1.0,6174.0,2025-04-02,NX2-2501-2,2450,6499,12,Nexa 2 Smartwatch,True,False,2790,False,True,"hello, nexa 2 purchased 3 weeks back, order vr908439. refund not received yet. i checked bank. nothing changed. kindly look into it. regards, vihaan bhatt full refund processed (6174). issue: refund not credited. chk refund status on pg. ~Manish",RETURN-QC-OK,0.6581379917103254,False
TK-245553,2025-10-07 16:27:00,2025-10-07 16:52:00,2025-10-07 17:00:00,resolved,voice,C100784,VR894245,VA-EB-AIR,Other,Low,Voice Frontline,A3026,0,,1619.0,GW-OTHER,N,"hi sir
my son ordered this without asking, please reverse
kindly do the needful","re: cancel ord | chk shipment status -> rfnd approved, rs 1619, 5-7 working days //AAD",helpdesk,1619.0,2025-10,2025Q4,Aadhya Deshpande,Voice Frontline,1,Bengaluru,Day,VA-EB-AIR,1.0,1619.0,2025-10-05,AIR-2509-2,760,1799,12,AirLite Earbuds,True,False,1100,False,True,"hi sir
my son ordered this without asking, please reverse
kindly do the needful re: cancel ord | chk shipment status -> rfnd approved, rs 1619, 5-7 working days //AAD",CANCEL,0.6578656392660891,False
TK-245160,2025-09-25 15:02:00,2025-09-25 15:05:00,2025-09-28 15:29:00,resolved,chat,C100394,VR880286,VA-SP-MINI,Returns & Refunds,Low,Returns Desk,A3036,0,,1999.0,GW-OTHER,N,"Product: orbit mini
Order: VR880286
Purchased: Auggust 27
Issue: refund not received yet
Tried: emaled twice
Expected: replacement","Customer reached out - refudn delay. Checked reverse pickkup QC status. Refund approved, Rs 1999, 5-7 working days. Cx satisfied on chat. (SOP 5.4) -- Refund issued; replacement not applicable (out of stock).",helpdesk,1999.0,2025-09,2025Q3,Ritika D'Souza,Returns Desk,1,Indore,Day,VA-SP-MINI,1.0,1999.0,2025-08-27,MINI-2507-1,980,2499,12,Orbit Mini Speaker,True,False,1320,False,True,"Product: orbit mini
Order: VR880286
Purchased: Auggust 27
Issue: refund not received yet
Tried: emaled twice
Expected: replacement Customer reached out - refudn delay. Checked reverse pickkup QC status. Refund approved, Rs 1999, 5-7 working days. Cx satisfied on chat. (SOP 5.4) -- Refund issued; replacement not applicable (out of stock).",RETURN-QC-OK,0.6577134301789063,False
TK-249890,2026-02-06 13:25:00,2026-02-06 19:31:00,2026-02-07 19:50:00,resolved,email,C108356,,VA-EB-PL2,Billing & Payments,High,Billing,A3035,0,,3499.0,GW-OTHER,N,"Hi Vireo support, Bought Pulse 2 around 15/01 from vireo.in. Where is the money for the return. Need this sorted this week. Thanks in advance",cx states rfnd delay. Checked reverse pkp QC status. Full rfnd processed (3499). Will monitor.,helpdesk,3499.0,2026-02,2026Q1,Dev Kulkarni,Billing,1,Bengaluru,Day,,,,,,1480,3499,12,Pulse 2 True Wireless Earbuds,True,False,1820,False,True,"Hi Vireo support, Bought Pulse 2 around 15/01 from vireo.in. Where is the money for the return. Need this sorted this week. Thanks in advance cx states rfnd delay. Checked reverse pkp QC status. Full rfnd processed (3499). Will monitor.",RETURN-QC-OK,0.6576614470718781,False
TK-253035,2026-05-16 00:58:00,2026-05-16 01:46:00,2026-05-18 02:20:00,resolved,chat,C105661,VR896328,VA-EB-PL2,Returns & Refunds,Normal,Returns Desk,A3037,0,,3499.0,GW-OTHER,N,"Hi there,
Ordered the Pulse 2 earbuds 3 weeks back. Refund was promised 11 days ago and nothing.
How do I get this fixed?
Rgds, Ankit","cust contacted re refund delay. chk refund status on pg. refund approved, rs 3499, 5-7 working days. cx satisfied on chat. ~Manish",helpdesk,3499.0,2026-05,2026Q2,Manish Iyer,Returns Desk,1,Indore,Morning,VA-EB-PL2,1.0,3499.0,2026-06-26,PL2-2605-2,1480,3499,12,Pulse 2 True Wireless Earbuds,True,False,1820,False,True,"Hi there,
Ordered the Pulse 2 earbuds 3 weeks back. Refund was promised 11 days ago and nothing.
How do I get this fixed?
Rgds, Ankit cust contacted re refund delay. chk refund status on pg. refund approved, rs 3499, 5-7 working days. cx satisfied on chat. ~Manish",RETURN-QC-OK,0.6570248792667518,False
TK-240247,2025-01-18 21:54:00,2025-01-19 00:04:00,2025-01-21 00:37:00,resolved,email,C103582,VR904442,VA-AC-CH65,Billing & Payments,Normal,Billing,A3032,0,,67400.0,GW-OTHER,N,"dear sir/madam,
i bought the gan charger on 31 dec. you picked up the item 11 days ago and my money hasn't come back.
i want a replacement.
please revert","1. rfnd pending
2. checked rfnd status on pg
3. full rfnd processed (674) ~Sneha",legacy_fd,674.0,2025-01,2025Q1,Sneha Bansal,Billing,1,Indore,Morning,VA-AC-CH65,1.0,1349.0,2024-12-31,CH65-2410-3,610,1499,6,65W GaN Charger,True,False,950,False,True,"dear sir/madam,
i bought the gan charger on 31 dec. you picked up the item 11 days ago and my money hasn't come back.
i want a replacement.
please revert 1. rfnd pending
2. checked rfnd status on pg
3. full rfnd processed (674) ~Sneha",RETURN-QC-OK,0.6561147869232322,False
TK-245083,2025-09-22 18:18:00,2025-09-22 21:49:00,2025-09-25 22:09:00,resolved,email,C102282,VR897819,VA-SP-MINI,Billing & Payments,Normal,Billing,A3035,0,5.0,2499.0,GW-OTHER,N,Order VR897819 (Orbit Mini). Refund was promised 9 days ago and nothing. I emailed twice. Nothing changed. I want my money back. Thanks in advance,"Ticket raised for rfnd pending. chk rfnd status on PG. Full rfnd processed (2499). Cx informed. -- rplc was offered earlier by chat team, cx opted for rfnd.",helpdesk,2499.0,2025-09,2025Q3,Dev Kulkarni,Billing,1,Bengaluru,Day,VA-SP-MINI,1.0,2499.0,2025-09-12,MINI-2508-2,980,2499,12,Orbit Mini Speaker,True,False,1320,False,True,"Order VR897819 (Orbit Mini). Refund was promised 9 days ago and nothing. I emailed twice. Nothing changed. I want my money back. Thanks in advance Ticket raised for rfnd pending. chk rfnd status on PG. Full rfnd processed (2499). Cx informed. -- rplc was offered earlier by chat team, cx opted for rfnd.",RETURN-QC-OK,0.6558102640429495,False
TK-241675,2025-04-17 15:19:00,2025-04-17 15:40:00,2025-04-17 16:12:00,resolved,social,C102917,,VA-EB-AIR,Connectivity,Normal,Chat Frontline,A3005,0,,179900.0,GW-OTHER,N,"hi
bluetooth pairing fails every time
airlite","Cx reported device not discoverable. Walked through forget + re-pair. Re-pair successful, resolved on chat.
Amount returned to card; fresh unit shipped from BLR warehouse.",legacy_fd,1799.0,2025-04,2025Q2,Payal Bhatia,Chat Frontline,1,Indore,Day,,,,,,760,1799,12,AirLite Earbuds,True,False,1100,False,True,"hi
bluetooth pairing fails every time
airlite Cx reported device not discoverable. Walked through forget + re-pair. Re-pair successful, resolved on chat.
Amount returned to card; fresh unit shipped from BLR warehouse.",WTY-BUYBACK,0.6544342976457964,False
TK-248074,2025-12-11 00:25:00,2025-12-11 00:29:00,2025-12-12 00:40:00,closed,chat,C108864,VR907982,VA-EB-PL2,Returns & Refunds,High,Returns Desk,A3038,0,,297.0,GW-OTHER,N,"hello
return pickup has not happened
pulse 2 buds
help","1. Pickup missed
2. Re-raised pickup with courier
3. Refunded Rs 297",helpdesk,297.0,2025-12,2025Q4,Ankit Dhillon,Returns Desk,1,Bengaluru,Morning,VA-EB-PL2,1.0,2974.0,2025-12-01,PL2-2508-4,1480,3499,12,Pulse 2 True Wireless Earbuds,True,False,1820,False,False,"hello
return pickup has not happened
pulse 2 buds
help 1. Pickup missed
2. Re-raised pickup with courier
3. Refunded Rs 297",RETURN-QC-OK,0.6542399859815926,False
TK-241942,2025-05-02 17:23:00,2025-05-02 22:48:00,2025-05-04 23:19:00,resolved,email,C103851,,VA-SW-FIT,Returns & Refunds,Normal,Returns Desk,A3017,1,,199900.0,GW-OTHER,N,"Product: Nexa Fit
Purchased: 26-04-2025
Issue: rfeund was promised 6 days ago and nothing
Tried: emailed twice
Expected: replacement",cx states refund delay. chk refund status on pg. xfer to email frontline. refunded rs 1999. -KS,legacy_fd,1999.0,2025-05,2025Q2,Kabir Singh,Email Frontline,1,Indore,Night,,,,,,850,1999,12,Nexa Fit Band,True,False,1190,False,True,"Product: Nexa Fit
Purchased: 26-04-2025
Issue: rfeund was promised 6 days ago and nothing
Tried: emailed twice
Expected: replacement cx states refund delay. chk refund status on pg. xfer to email frontline. refunded rs 1999. -KS",RETURN-QC-OK,0.6541216783367637,False
TK-249572,2026-01-27 17:57:00,2026-01-27 19:00:00,,open,social,C107209,VR890171,VA-EB-AIR,Billing & Payments,Normal,Billing,A3035,0,5.0,1619.0,GW-OTHER,N,"Dear Sir/Madam,

I am writing with reference to my oder of AirLite (VR890171) placed on 15 Jan. Money debited but order not showing. I have waited 24 hours. I request you to provide a resolution within 3 working days.

Sincerely,
Kavya Rao
Bengaluru",Full rfnd processed (1619). Issue: failed ord after payment. conf w/ payment gateway.,helpdesk,1619.0,2026-01,2026Q1,Dev Kulkarni,Billing,1,Bengaluru,Day,VA-EB-AIR,1.0,1619.0,2026-01-15,AIR-2510-2,760,1799,12,AirLite Earbuds,True,False,1100,False,True,"Dear Sir/Madam,

I am writing with reference to my oder of AirLite (VR890171) placed on 15 Jan. Money debited but order not showing. I have waited 24 hours. I request you to provide a resolution within 3 working days.

Sincerely,
Kavya Rao
Bengaluru Full rfnd processed (1619). Issue: failed ord after payment. conf w/ payment gateway.",DUP-PAYMENT,0.6531663536067747,False
TK-244492,2025-09-01 19:56:00,2025-09-01 23:11:00,2025-09-02 23:25:00,resolved,email,C107510,,VA-EB-PL2,Returns & Refunds,Low,Returns Desk,A3017,2,,279900.0,GW-OTHER,N,"hii
refund not received yet
anyone there",ticket raised for rfnd not credited. chk reverse pkp qc status. xfer to email frontline. refunded rs 2799. -KS,legacy_fd,2799.0,2025-09,2025Q3,Kabir Singh,Email Frontline,1,Indore,Night,,,,,,1480,3499,12,Pulse 2 True Wireless Earbuds,True,False,1820,False,True,"hii
refund not received yet
anyone there ticket raised for rfnd not credited. chk reverse pkp qc status. xfer to email frontline. refunded rs 2799. -KS",RETURN-QC-OK,0.6526240178316527,False
TK-242544,2025-06-03 20:13:00,2025-06-03 20:20:00,2025-06-05 20:47:00,resolved,voice,C101938,VR890151,VA-SW-NX2,Returns & Refunds,High,Returns Desk,A3036,0,3.0,584900.0,GW-OTHER,N,Really frustrating. Got Neax 2 from Amazon in May. still waiting for my refund. I already checkked bank. This is the last tiem I buy from you.,"1. rfnd not credited
2. Checked rfnd status on PG
3. ARN shared with cx (SOP 4.2)",legacy_fd,5849.0,2025-06,2025Q2,Ritika D'Souza,Returns Desk,1,Indore,Day,VA-SW-NX2,1.0,5849.0,2025-05-23,NX2-2504-3,2450,6499,12,Nexa 2 Smartwatch,True,False,2790,False,True,"Really frustrating. Got Neax 2 from Amazon in May. still waiting for my refund. I already checkked bank. This is the last tiem I buy from you. 1. rfnd not credited
2. Checked rfnd status on PG
3. ARN shared with cx (SOP 4.2)",RETURN-QC-OK,0.6525555286459299,False
TK-246247,2025-10-25 19:00:00,2025-10-25 19:33:00,2025-10-27 19:47:00,resolved,voice,C107098,VR887916,VA-SW-NX1,Delivery & Shipping,Low,Logistics,A3030,0,4.0,500.0,GW-OTHER,N,"[IVR transcript] Not what I expected from Vireo. Order VR887916 (my Nexa). product arrived damaged. I already took photos. I want a replacement or refund, nothing else.","Reported: unit rcvd damaged. Checked with crr for damage claim. rfnd approved, Rs 500, 5-7 working days. //AIS",helpdesk,500.0,2025-10,2025Q4,Aishwarya Trivedi,Logistics,1,Indore,Day,VA-SW-NX1,1.0,4999.0,2025-10-17,NX1-2507-3,1900,4999,12,Nexa Smartwatch,True,False,2240,False,False,"[IVR transcript] Not what I expected from Vireo. Order VR887916 (my Nexa). product arrived damaged. I already took photos. I want a replacement or refund, nothing else. Reported: unit rcvd damaged. Checked with crr for damage claim. rfnd approved, Rs 500, 5-7 working days. //AIS",DOA-REPL,0.6522894321733469,False
TK-246128,2025-10-23 00:26:00,2025-10-23 00:30:00,2025-10-23 01:05:00,resolved,chat,C101574,VR891920,VA-NB-ARC,Other,Normal,Chat Frontline,A3002,0,,552.0,GW-OTHER,N,"hi team, thiis is regarding teh neckband. upi shwos success, ur app shows nothing. i tried loging out & in. i want a replacement.",issue: failed order after payment | confirmed with payment gateway -> refunded rs 552 (sop 5.4) [closed],helpdesk,552.0,2025-10,2025Q4,Steven Ansari,Chat Frontline,1,Indore,Night,VA-NB-ARC,1.0,1104.0,2025-08-06,ARC-2507-1,540,1299,12,Arc Neckband,True,False,880,False,True,"hi team, thiis is regarding teh neckband. upi shwos success, ur app shows nothing. i tried loging out & in. i want a replacement. issue: failed order after payment | confirmed with payment gateway -> refunded rs 552 (sop 5.4) [closed]",DUP-PAYMENT,0.6514905190545685,False
TK-243586,2025-07-26 21:07:00,2025-07-26 22:06:00,2025-07-26 22:38:00,resolved,email,C101760,VR887006,VA-EB-AIR,Billing & Payments,Normal,Billing,A3032,0,,179900.0,GW-OTHER,N,I am losing patience. Got AirLite from vireo.in a month ago. I was charged twice for one order. I already waited a week. This is the last time I buy from you.,"1. duplicate payment
2. confirmed utrs
3. duplicate refunded to source",legacy_fd,1799.0,2025-07,2025Q3,Sneha Bansal,Billing,1,Indore,Morning,VA-EB-AIR,1.0,1799.0,2025-07-26,AIR-2505-1,760,1799,12,AirLite Earbuds,True,False,1100,False,True,"I am losing patience. Got AirLite from vireo.in a month ago. I was charged twice for one order. I already waited a week. This is the last time I buy from you. 1. duplicate payment
2. confirmed utrs
3. duplicate refunded to source",DUP-PAYMENT,0.6510703923472632,False
TK-244220,2025-08-20 22:09:00,2025-08-20 22:10:00,2025-08-21 22:31:00,resolved,chat,C106656,VR897002,VA-EB-PL2,Returns & Refunds,Normal,Returns Desk,A3037,0,3.0,349900.0,GW-OTHER,N,"Dear Sir/Madam,

I am writing with reference to my order of Pulse 2 (VR897002) placed on 30-07-2025.  You picked up the item 20 days ago and my money hasn't come back. I have emailed twice. I request you to kindly arrange a replacement.

Sincerely,
Kabir Gill
Nagpur",ticket raised for rfnd pending. checked rfnd status on pg. rfnd confirmed credited. case closed w/ cx consent. ~Manish,legacy_fd,3499.0,2025-08,2025Q3,Manish Iyer,Returns Desk,1,Indore,Morning,VA-EB-PL2,1.0,3499.0,2025-07-30,PL2-2505-3,1480,3499,12,Pulse 2 True Wireless Earbuds,True,False,1820,False,True,"Dear Sir/Madam,

I am writing with reference to my order of Pulse 2 (VR897002) placed on 30-07-2025.  You picked up the item 20 days ago and my money hasn't come back. I have emailed twice. I request you to kindly arrange a replacement.

Sincerely,
Kabir Gill
Nagpur ticket raised for rfnd pending. checked rfnd status on pg. rfnd confirmed credited. case closed w/ cx consent. ~Manish",RETURN-QC-OK,0.6501724512875516,False
TK-248821,2026-01-03 10:46:00,2026-01-03 11:14:00,2026-01-03 11:25:00,resolved,social,C107959,VR899197,VA-SP-MINI,Billing & Payments,High,Billing,A3033,0,4.0,2499.0,GW-OTHER,N,"hey, i bought the mini speaker on 27-12-2025. please cancel, ordered by mistake. i tried cancel button, greyed out. waiting for your reply. rgds, lakshmi",as discussed,helpdesk,2499.0,2026-01,2026Q1,Vikram Banerjee,Billing,1,Bengaluru,Morning,VA-SP-MINI,1.0,2499.0,2025-12-27,MINI-2510-3,980,2499,12,Orbit Mini Speaker,True,False,1320,False,True,"hey, i bought the mini speaker on 27-12-2025. please cancel, ordered by mistake. i tried cancel button, greyed out. waiting for your reply. rgds, lakshmi as discussed",CANCEL,0.6500390341568442,False
TK-251438,2026-03-24 03:59:00,2026-03-24 04:05:00,2026-03-24 04:37:00,resolved,chat,C101600,,VA-AC-CH65,Returns & Refunds,Low,Returns Desk,A3005,1,,1199.0,GW-OTHER,N,"Hi team,
Got 65W charger from Amazon 2 weeks ago. You picked up the item 12 days ago and my money hasn't come back.
Please call me on my registered number.
Thanks in advance",Cx says rfnd pending. Checked reverse pickup QC status. Transferred to Chat Frontline. Refunded Rs 1199.,helpdesk,1199.0,2026-03,2026Q1,Payal Bhatia,Chat Frontline,1,Indore,Day,,,,,,610,1499,6,65W GaN Charger,True,False,950,False,True,"Hi team,
Got 65W charger from Amazon 2 weeks ago. You picked up the item 12 days ago and my money hasn't come back.
Please call me on my registered number.
Thanks in advance Cx says rfnd pending. Checked reverse pickup QC status. Transferred to Chat Frontline. Refunded Rs 1199.",RETURN-QC-OK,0.6491839384771966,False
TK-241863,2025-04-28 09:06:00,2025-04-28 09:10:00,2025-04-30 09:36:00,resolved,chat,C101893,VR897162,VA-HP-ST3,Delivery & Shipping,Normal,Logistics,A3029,0,3.0,594900.0,GW-OTHER,N,"the app said pickup today, that was on 03-04-2025
vr897162","refund approved, rs 5949, 5-7 working days. issue: reverse pickup pending. re-raised pickup with courier. -RM",legacy_fd,5949.0,2025-04,2025Q2,Rajat Mukherjee,Logistics,1,Bengaluru,Morning,VA-HP-ST3,1.0,5949.0,2025-04-03,ST3-2412-1,2650,6999,12,Strata 3 Over-Ear Headphones,True,False,2990,False,True,"the app said pickup today, that was on 03-04-2025
vr897162 refund approved, rs 5949, 5-7 working days. issue: reverse pickup pending. re-raised pickup with courier. -RM",RETURN-QC-OK,0.6482857300864868,False
TK-247444,2025-11-25 10:39:00,2025-11-25 12:06:00,2025-11-29 13:08:00,resolved,email,C101608,VR884919,VA-SW-NX2,Connectivity,Normal,Email Frontline,A3044,1,3.0,6174.0,GW-OTHER,N,"Dear Sir/Madam,

I am writing with reference to my order of Nexa 2 (VR884919) placed on 03-09-2025. It connects for a second and then vanishes from the device list. I have tried on another phone. I request you to kindly arrange a replacement.

Yours faithfully,
Payal Verma","1. Unable to pair with phone
2. Asked cx to reset the device
3. Transferred to Escalations & Warranty
4. Re-pair successful, resolved on chat.
Cx got the amount back, also sending a new set to keep him happy.",helpdesk,6174.0,2025-11,2025Q4,Arjun Kumar,Escalations & Warranty,2,Bengaluru,Day,VA-SW-NX2,1.0,6174.0,2025-09-03,NX2-2507-4,2450,6499,12,Nexa 2 Smartwatch,True,False,2790,False,True,"Dear Sir/Madam,

I am writing with reference to my order of Nexa 2 (VR884919) placed on 03-09-2025. It connects for a second and then vanishes from the device list. I have tried on another phone. I request you to kindly arrange a replacement.

Yours faithfully,
Payal Verma 1. Unable to pair with phone
2. Asked cx to reset the device
3. Transferred to Escalations & Warranty
4. Re-pair successful, resolved on chat.
Cx got the amount back, also sending a new set to keep him happy.",DOA-REPL,0.6471320423216066,False
TK-249585,2026-01-28 07:33:00,2026-01-28 07:37:00,2026-01-31 08:03:00,resolved,chat,C108392,VR888532,VA-SW-NX2,Returns & Refunds,Normal,Returns Desk,A3038,0,,520.0,GW-OTHER,N,"product: the nexa 2
purchased: 04-01-2026
issue: packed the box a week ago and it's sitll here
tried: rescheduled pickup twice
expected: resolution",re: pickup not done | re-raised pickup with courier -> full refund processed (520),helpdesk,520.0,2026-01,2026Q1,Ankit Dhillon,Returns Desk,1,Bengaluru,Morning,VA-SW-NX2,1.0,5199.0,2026-01-04,NX2-2510-2,2450,6499,12,Nexa 2 Smartwatch,True,False,2790,False,True,"product: the nexa 2
purchased: 04-01-2026
issue: packed the box a week ago and it's sitll here
tried: rescheduled pickup twice
expected: resolution re: pickup not done | re-raised pickup with courier -> full refund processed (520)",RETURN-QC-OK,0.6469531954659423,False
TK-241540,2025-04-11 11:33:00,2025-04-11 11:39:00,2025-04-13 12:05:00,resolved,chat,C109018,VR904456,VA-EB-PL1,Returns & Refunds,Normal,Returns Desk,A3038,0,5.0,2249.0,GW-OTHER,N,"Dear Sir/Madam,
This is regarding the Pulse buds. Refund not received yet.
I checked bank.
This is very disappointing.
Kindly look into it.
Thanks in advance,","1. Refund delay
2. Checked reverse pkp QC status
3. Refunded Rs 2249",helpdesk,2249.0,2025-04,2025Q2,Ankit Dhillon,Returns Desk,1,Bengaluru,Morning,VA-EB-PL1,1.0,2249.0,2025-04-01,PL1-2501-2,1120,2499,12,Pulse True Wireless Earbuds,True,False,1460,False,True,"Dear Sir/Madam,
This is regarding the Pulse buds. Refund not received yet.
I checked bank.
This is very disappointing.
Kindly look into it.
Thanks in advance, 1. Refund delay
2. Checked reverse pkp QC status
3. Refunded Rs 2249",RETURN-QC-OK,0.6465555195865718,False
TK-249163,2026-01-14 17:21:00,2026-01-14 17:22:00,2026-01-14 18:02:00,resolved,chat,C106965,VR883775,VA-HP-ST3,Billing & Payments,Normal,Billing,A3035,0,,6999.0,GW-OTHER,N,"Product: the strata 3
Order: VR883775
Purchased: 03 Jan
Issue: double payment deducted
Tried: waited a week
Expected: refund",Customer states duplicate payment. Coonfirmed UTRs. Duplicate refunded to source. Closing.,helpdesk,6999.0,2026-01,2026Q1,Dev Kulkarni,Billing,1,Bengaluru,Day,VA-HP-ST3,1.0,6999.0,2026-01-03,ST3-2511-2,2650,6999,12,Strata 3 Over-Ear Headphones,True,False,2990,False,True,"Product: the strata 3
Order: VR883775
Purchased: 03 Jan
Issue: double payment deducted
Tried: waited a week
Expected: refund Customer states duplicate payment. Coonfirmed UTRs. Duplicate refunded to source. Closing.",DUP-PAYMENT,0.6458212947429423,False
TK-254469,2026-06-28 22:30:00,2026-06-28 22:32:00,2026-06-28 22:47:00,resolved,chat,C103116,VR906851,VA-AC-CBL,Other,Normal,Chat Frontline,A3003,0,,319.0,GW-OTHER,N,"hello ji
please cancel, ordered by mistake
abhi tak kuch nahi hua
usb-c cable vr906851
??","1. Cancellation request
2. Cancelled before dispatch
3. Refund approved, Rs 319, 5-7 working days (SOP 2.7)",helpdesk,319.0,2026-06,2026Q2,Komal Singh,Chat Frontline,1,Indore,Night,VA-AC-CBL,1.0,319.0,2026-06-22,CBL-2603-2,90,399,6,USB-C Braided Cable,True,False,430,False,False,"hello ji
please cancel, ordered by mistake
abhi tak kuch nahi hua
usb-c cable vr906851
?? 1. Cancellation request
2. Cancelled before dispatch
3. Refund approved, Rs 319, 5-7 working days (SOP 2.7)",CANCEL,0.6456863606986875,False
TK-247768,2025-12-03 12:48:00,2025-12-03 13:10:00,2025-12-03 13:25:00,resolved,voice,C103422,VR901569,VA-EB-PL1,Billing & Payments,High,Billing,A3033,0,2.0,2249.0,GW-OTHER,N,"Hi Vireo support, Got the Pulse buds from Amazon last month. You picked up the item 8 days ago & my money hasn't come back. I checked bank. Nothing changed. Please call me on my registered number. THANK U, ANJALI","1. refund not credited
2. checked reverse pickup qc status
3. refunded rs 2249. -- replacement was offered earlier by chat team, cx opted for refund.",helpdesk,2249.0,2025-12,2025Q4,Vikram Banerjee,Billing,1,Bengaluru,Morning,VA-EB-PL1,1.0,2249.0,2025-11-21,PL1-2509-4,1120,2499,12,Pulse True Wireless Earbuds,True,False,1460,False,True,"Hi Vireo support, Got the Pulse buds from Amazon last month. You picked up the item 8 days ago & my money hasn't come back. I checked bank. Nothing changed. Please call me on my registered number. THANK U, ANJALI 1. refund not credited
2. checked reverse pickup qc status
3. refunded rs 2249. -- replacement was offered earlier by chat team, cx opted for refund.",RETURN-QC-OK,0.6454397087704149,False
TK-247468,2025-11-26 01:42:00,2025-11-26 01:43:00,2025-11-26 01:55:00,resolved,chat,C104672,VR888965,VA-AC-CASE,Other,Normal,Chat Frontline,A3003,0,4.0,1104.0,GW-OTHER,N,"honestly regretting this purchase. i bouught the charging case i ordered on 25/11. cancel ordr vr888965. i already tried cancel button, greyed out. this is the last time i buy from you.",Cust contacted re cancellation request. Cancelled before dispatch. Refunded Rs 1104. Follow-up not required. (SOP 5.4) -KS,helpdesk,1104.0,2025-11,2025Q4,Komal Singh,Chat Frontline,1,Indore,Night,VA-AC-CASE,1.0,1104.0,2025-11-25,CASE-2511-4,620,1299,6,Pulse Charging Case (spare),True,False,960,False,True,"honestly regretting this purchase. i bouught the charging case i ordered on 25/11. cancel ordr vr888965. i already tried cancel button, greyed out. this is the last time i buy from you. Cust contacted re cancellation request. Cancelled before dispatch. Refunded Rs 1104. Follow-up not required. (SOP 5.4) -KS",CANCEL,0.6452680058018867,False
TK-244423,2025-08-30 10:28:00,2025-08-30 11:18:00,2025-08-30 11:38:00,resolved,voice,C100783,,VA-EB-PL1,Other,Normal,Voice Frontline,A3025,0,3.0,249900.0,GW-OTHER,N,"hii
please cancel, ordeered by mistaek
anyone there","rfnd approved, rs 2499, 5-7 working days. issue: cancel ord. chk shipment status. //KOM",legacy_fd,2499.0,2025-08,2025Q3,Komal Malhotra,Voice Frontline,1,Bengaluru,Morning,,,,,,1120,2499,12,Pulse True Wireless Earbuds,True,False,1460,False,True,"hii
please cancel, ordeered by mistaek
anyone there rfnd approved, rs 2499, 5-7 working days. issue: cancel ord. chk shipment status. //KOM",CANCEL,0.6452290082224574,False
TK-244824,2025-09-13 09:23:00,2025-09-13 10:42:00,2025-09-16 10:54:00,closed,email,C104393,,VA-EB-PL2,Returns & Refunds,Normal,Returns Desk,A3038,0,,349900.0,GW-OTHER,N,"To the Vireo Customer Care Team,

I am writing w/ reference to my order of Pulse 2 placed on 02-09-2025. The return was accepted but the amount is nowhere in my account. I have emailed twice. I request u to provide a resolution within 3 working days.

Regards,
Kabir George","1. rfnd not credited
2. Checked rfnd status on PG
3. Refunded Rs 3499",legacy_fd,3499.0,2025-09,2025Q3,Ankit Dhillon,Returns Desk,1,Bengaluru,Morning,,,,,,1480,3499,12,Pulse 2 True Wireless Earbuds,True,False,1820,False,True,"To the Vireo Customer Care Team,

I am writing w/ reference to my order of Pulse 2 placed on 02-09-2025. The return was accepted but the amount is nowhere in my account. I have emailed twice. I request u to provide a resolution within 3 working days.

Regards,
Kabir George 1. rfnd not credited
2. Checked rfnd status on PG
3. Refunded Rs 3499",RETURN-QC-OK,0.6445293328435856,False
TK-252603,2026-05-01 07:18:00,2026-05-01 07:28:00,2026-05-04 07:46:00,resolved,chat,C106124,VR907139,VA-EB-PL2,Returns & Refunds,Normal,Returns Desk,A3037,0,,630.0,GW-OTHER,N,"Dear Sir/Madam,

I am writing w/ reference to my order of my Pulse 2 (VR907139) placed on 04 Apr.  Still waiting for my refund. I have emailed twice. I request you to look into this maatter at the earliest.

Sincerely,
Ramesh Dhillon","refund approved, rs 630, 5-7 working days. issue: refund pending. checked refund status on pg. | refund issued; replacement not applicable (out of stock). ~Manish",helpdesk,630.0,2026-05,2026Q2,Manish Iyer,Returns Desk,1,Indore,Morning,VA-EB-PL2,1.0,3149.0,2026-04-04,PL2-2603-4,1480,3499,12,Pulse 2 True Wireless Earbuds,True,False,1820,False,True,"Dear Sir/Madam,

I am writing w/ reference to my order of my Pulse 2 (VR907139) placed on 04 Apr.  Still waiting for my refund. I have emailed twice. I request you to look into this maatter at the earliest.

Sincerely,
Ramesh Dhillon refund approved, rs 630, 5-7 working days. issue: refund pending. checked refund status on pg. | refund issued; replacement not applicable (out of stock). ~Manish",RETURN-QC-OK,0.6425246898007854,False
TK-241097,2025-03-19 12:59:00,2025-03-19 14:09:00,2025-03-20 14:32:00,resolved,voice,C102709,VR897828,VA-SW-NX1,Returns & Refunds,Normal,Returns Desk,A3036,0,,50000.0,GW-OTHER,N,"[IVR transcript] nobdy came for the pickup, VR897828, can someone fix this?",Contact re reverse pickup pending. chk pickup AWB. rfnd of Rs 500 initiated to source. Cx informed.,legacy_fd,500.0,2025-03,2025Q1,Ritika D'Souza,Returns Desk,1,Indore,Day,VA-SW-NX1,1.0,4999.0,2025-03-11,NX1-2412-3,1900,4999,12,Nexa Smartwatch,True,False,2240,False,False,"[IVR transcript] nobdy came for the pickup, VR897828, can someone fix this? Contact re reverse pickup pending. chk pickup AWB. rfnd of Rs 500 initiated to source. Cx informed.",RETURN-QC-OK,0.6423388156501538,False
TK-243401,2025-07-18 23:28:00,2025-07-19 01:16:00,,open,email,C108067,VR891711,VA-EB-PL2,Billing & Payments,High,Billing,A3032,0,,332400.0,GW-OTHER,N,"Hi Vireo support,
I bought Pulse 2 on 15-07-2025.  I was charged twice for one order.
I waited a week.
Can someone fix this?
Awaiting response, Yash","1. double charge
2. confirmed utrs
3. rfnd of rs 3324 initiated to source",legacy_fd,3324.0,2025-07,2025Q3,Sneha Bansal,Billing,1,Indore,Morning,VA-EB-PL2,1.0,3324.0,2025-07-15,PL2-2504-3,1480,3499,12,Pulse 2 True Wireless Earbuds,True,False,1820,False,True,"Hi Vireo support,
I bought Pulse 2 on 15-07-2025.  I was charged twice for one order.
I waited a week.
Can someone fix this?
Awaiting response, Yash 1. double charge
2. confirmed utrs
3. rfnd of rs 3324 initiated to source",DUP-PAYMENT,0.6418345158742955,False
TK-243905,2025-08-07 19:10:00,2025-08-07 19:13:00,2025-08-10 19:45:00,resolved,chat,C108737,,VA-SW-FIT,Returns & Refunds,Normal,Returns Desk,A3036,0,3.0,1999.0,GW-OTHER,N,Pathetic experience honestly. I bought Nexa Fit on 20-07-2025. refund not received yet. I already emailed twice. Fix this or I am posting on twitter.,"1. rfnd delay
2. Checked rfnd status on PG
3. rfnd of Rs 1999 initiated to source (SOP 2.7)",helpdesk,1999.0,2025-08,2025Q3,Ritika D'Souza,Returns Desk,1,Indore,Day,,,,,,850,1999,12,Nexa Fit Band,True,False,1190,False,True,"Pathetic experience honestly. I bought Nexa Fit on 20-07-2025. refund not received yet. I already emailed twice. Fix this or I am posting on twitter. 1. rfnd delay
2. Checked rfnd status on PG
3. rfnd of Rs 1999 initiated to source (SOP 2.7)",RETURN-QC-OK,0.6410379636190833,False
TK-254296,2026-06-23 15:02:00,2026-06-24 03:57:00,2026-06-24 04:24:00,resolved,email,C102490,,VA-AC-CASE,Returns & Refunds,High,Returns Desk,A3038,0,3.0,1299.0,GW-OTHER,N,"hi, ordered the charging case i ordered in june. refund was promised 7 days ago and nothing. can someone fix this? please revert, komal agarwal","1. Refund delay
2. Checked reverse pickup QC status
3. Refund approved, Rs 1299, 5-7 working days",helpdesk,1299.0,2026-06,2026Q2,Ankit Dhillon,Returns Desk,1,Bengaluru,Morning,,,,,,620,1299,6,Pulse Charging Case (spare),True,False,960,False,True,"hi, ordered the charging case i ordered in june. refund was promised 7 days ago and nothing. can someone fix this? please revert, komal agarwal 1. Refund delay
2. Checked reverse pickup QC status
3. Refund approved, Rs 1299, 5-7 working days",RETURN-QC-OK,0.6409775241459454,False
TK-249418,2026-01-23 11:48:00,2026-01-23 11:54:00,,pending,chat,C103505,,VA-EB-PL1,Billing & Payments,Normal,Billing,A3033,0,,475.0,GW-OTHER,N,"this is regarding pulse earbuds. card charged two times. i checked witth bank. i am losing patience. please resolve asap. thanks, tenzin patil","1. double charge
2. checked pg for duplicate txn
3. refund of rs 475 initiated to source",helpdesk,475.0,2026-01,2026Q1,Vikram Banerjee,Billing,1,Bengaluru,Morning,,,,,,1120,2499,12,Pulse True Wireless Earbuds,True,False,1460,False,False,"this is regarding pulse earbuds. card charged two times. i checked witth bank. i am losing patience. please resolve asap. thanks, tenzin patil 1. double charge
2. checked pg for duplicate txn
3. refund of rs 475 initiated to source",DUP-PAYMENT,0.6402369058862113,False
TK-249833,2026-02-04 18:17:00,2026-02-04 18:20:00,2026-02-04 18:43:00,resolved,chat,C104236,VR893934,VA-EB-PL1,Delivery & Shipping,Normal,Logistics,A3030,0,4.0,1250.0,GW-OTHER,N,"Hi, pulse 1 purchased 10 days ago, order VR893934. The app said pickup today, that was on 27-01-2026. I called courier. Nothing changed. PLEASE HELP.",Contact re reverse pkp pending. Checked pkp AWB. Refund of Rs 1250 initiated to source. //AIS,helpdesk,1250.0,2026-02,2026Q1,Aishwarya Trivedi,Logistics,1,Indore,Day,VA-EB-PL1,1.0,2499.0,2026-01-27,PL1-2512-3,1120,2499,12,Pulse True Wireless Earbuds,True,False,1460,False,True,"Hi, pulse 1 purchased 10 days ago, order VR893934. The app said pickup today, that was on 27-01-2026. I called courier. Nothing changed. PLEASE HELP. Contact re reverse pkp pending. Checked pkp AWB. Refund of Rs 1250 initiated to source. //AIS",RETURN-QC-OK,0.6398365131460498,False
TK-243603,2025-07-27 14:23:00,2025-07-27 14:27:00,2025-07-27 14:48:00,resolved,chat,C105809,,VA-EB-AIR,Delivery & Shipping,High,Logistics,A3030,0,4.0,170900.0,GW-OTHER,N,screen has a crack before I even switched it on. need this sorted this week,"Cx reported unit rcvd damaged. Photos rcvd, damage confirmed. rfnd of Rs 1709 initiated to source. Cx asked for rplc + refund, explained policy, refund only. //AIS",legacy_fd,1709.0,2025-07,2025Q3,Aishwarya Trivedi,Logistics,1,Indore,Day,,,,,,760,1799,12,AirLite Earbuds,True,False,1100,False,True,"screen has a crack before I even switched it on. need this sorted this week Cx reported unit rcvd damaged. Photos rcvd, damage confirmed. rfnd of Rs 1709 initiated to source. Cx asked for rplc + refund, explained policy, refund only. //AIS",DOA-REPL,0.6397530474567209,False
TK-241229,2025-03-26 19:52:00,2025-03-26 20:06:00,2025-03-26 20:21:00,resolved,voice,C104859,VR903358,VA-EB-AIR,Other,Normal,Voice Frontline,A3026,0,,179900.0,GW-OTHER,N,"[IVR transcript] hello vireo, bought airlite earbuds around 12-03-2025 from amazon. payment was deducted but no order was created. i tried logging out & in. nothing changed. very poor quality. waiting for your reply.","cx: paymnt debited, no ord | conf with payment gateway -> rfnd processed to sourrce //AAD",legacy_fd,1799.0,2025-03,2025Q1,Aadhya Deshpande,Voice Frontline,1,Bengaluru,Day,VA-EB-AIR,1.0,1799.0,2025-03-12,AIR-2502-1,760,1799,12,AirLite Earbuds,True,False,1100,False,True,"[IVR transcript] hello vireo, bought airlite earbuds around 12-03-2025 from amazon. payment was deducted but no order was created. i tried logging out & in. nothing changed. very poor quality. waiting for your reply. cx: paymnt debited, no ord | conf with payment gateway -> rfnd processed to sourrce //AAD",DUP-PAYMENT,0.6394936808553836,False
TK-253024,2026-05-15 16:53:00,2026-05-15 17:07:00,2026-05-16 17:38:00,closed,chat,C103195,VR893287,VA-SW-NX2,Returns & Refunds,Normal,Returns Desk,A3036,0,2.0,6174.0,GW-OTHER,N,"refund not received yet, VR893287, need this sorted this week","Cx reported rfnd pending. Checked rfnd status on PG. rfd approved, Rs 6174, 5-7 working days. Case closed with cx consent. (SOP 3.1) -- rplc was offered earlier by chat team, cx opted for rfnd.",helpdesk,6174.0,2026-05,2026Q2,Ritika D'Souza,Returns Desk,1,Indore,Day,VA-SW-NX2,1.0,6174.0,2026-04-23,NX2-2602-2,2450,6499,12,Nexa 2 Smartwatch,True,False,2790,False,True,"refund not received yet, VR893287, need this sorted this week Cx reported rfnd pending. Checked rfnd status on PG. rfd approved, Rs 6174, 5-7 working days. Case closed with cx consent. (SOP 3.1) -- rplc was offered earlier by chat team, cx opted for rfnd.",RETURN-QC-OK,0.6386070102689357,False
TK-240479,2025-02-07 21:12:00,2025-02-07 21:14:00,2025-02-08 21:28:00,resolved,chat,C103873,,VA-EB-PL2,Delivery & Shipping,High,Logistics,A3030,0,,33200.0,GW-OTHER,N,"hello ji
the parcel looked like it was kiccked here from the warehouse, and the unit has a crack
itna paisa diya hai",Reported: transit damage. chk with crr for damage claim. Replacement dispatched.,legacy_fd,332.0,2025-02,2025Q1,Aishwarya Trivedi,Logistics,1,Indore,Day,,,,,,1480,3499,12,Pulse 2 True Wireless Earbuds,True,False,1820,False,False,"hello ji
the parcel looked like it was kiccked here from the warehouse, and the unit has a crack
itna paisa diya hai Reported: transit damage. chk with crr for damage claim. Replacement dispatched.",DOA-REPL,0.6384629069590476,False
TK-254125,2026-06-18 06:19:00,2026-06-18 06:27:00,2026-06-18 06:46:00,resolved,chat,C104299,VR889056,VA-EB-PL2,Billing & Payments,High,Billing,A3034,0,5.0,3499.0,GW-OTHER,N,"Pathetic experience honestly.  I bought Pulse2 on June 09. payment was deducted but no order was created. I already checked bank statement. I want a replacement or refund, nothing else.",closed,helpdesk,3499.0,2026-06,2026Q2,Tanvi Rathore,Billing,1,Indore,Morning,VA-EB-PL2,1.0,3499.0,2026-06-09,PL2-2603-1,1480,3499,12,Pulse 2 True Wireless Earbuds,True,False,1820,False,True,"Pathetic experience honestly.  I bought Pulse2 on June 09. payment was deducted but no order was created. I already checked bank statement. I want a replacement or refund, nothing else. closed",DUP-PAYMENT,0.6367741939199847,False
TK-250823,2026-03-05 20:00:00,2026-03-05 20:38:00,2026-03-06 21:01:00,resolved,voice,C102550,,VA-SP-MINI,Billing & Payments,Normal,Billing,A3035,0,,1999.0,GW-OTHER,N,[IVR transcript] I AM LOSING PATIENCE.  Bought Orbit Mini around 23 Feb from vireo.in. refund not received yet. I already emailed twice. Refund. Now,Contact re rfnd not credited. chk rfnd status on PG. rfnd confirmed credited. Closing.,helpdesk,1999.0,2026-03,2026Q1,Dev Kulkarni,Billing,1,Bengaluru,Day,,,,,,980,2499,12,Orbit Mini Speaker,True,False,1320,False,True,[IVR transcript] I AM LOSING PATIENCE.  Bought Orbit Mini around 23 Feb from vireo.in. refund not received yet. I already emailed twice. Refund. Now Contact re rfnd not credited. chk rfnd status on PG. rfnd confirmed credited. Closing.,RETURN-QC-OK,0.6361993858035532,False
TK-252207,2026-04-16 22:52:00,2026-04-17 00:10:00,2026-04-19 00:33:00,resolved,email,C105930,VR909212,VA-EB-AIR,Returns & Refunds,Normal,Returns Desk,A3038,0,1.0,1799.0,GW-OTHER,N,Honestly regretting this purchase. Ordered airlite earbuds a month ago. refund not received yet. I already checked bank. Fix this or I am posting on twitter.,"1. rfnd not credited
2. Checked rfnd status on PG
3. rfnd approved, Rs 1799, 5-7 working days",helpdesk,1799.0,2026-04,2026Q2,Ankit Dhillon,Returns Desk,1,Bengaluru,Morning,VA-EB-AIR,1.0,1799.0,2026-04-09,AIR-2512-2,760,1799,12,AirLite Earbuds,True,False,1100,False,True,"Honestly regretting this purchase. Ordered airlite earbuds a month ago. refund not received yet. I already checked bank. Fix this or I am posting on twitter. 1. rfnd not credited
2. Checked rfnd status on PG
3. rfnd approved, Rs 1799, 5-7 working days",RETURN-QC-OK,0.6354256516449713,False
TK-247849,2025-12-05 10:46:00,2025-12-05 10:50:00,2025-12-05 11:23:00,resolved,chat,C106807,VR881176,VA-SW-NX1,Billing & Payments,Normal,Billing,A3033,0,4.0,3999.0,GW-OTHER,N,"Product: my Nexa
Order: VR881176
Purchased: 05/12
Issue: moeny debited but order not showing
Tried: checked bakn statement
Expected: resolution","cx: payment debited, no order | confirmed w/ payment gateway -> rfnd approved, rs 3999, 5-7 working days",helpdesk,3999.0,2025-12,2025Q4,Vikram Banerjee,Billing,1,Bengaluru,Morning,VA-SW-NX1,1.0,3999.0,2025-12-05,NX1-2510-1,1900,4999,12,Nexa Smartwatch,True,False,2240,False,True,"Product: my Nexa
Order: VR881176
Purchased: 05/12
Issue: moeny debited but order not showing
Tried: checked bakn statement
Expected: resolution cx: payment debited, no order | confirmed w/ payment gateway -> rfnd approved, rs 3999, 5-7 working days",DUP-PAYMENT,0.6342112809809989,False
TK-251601,2026-03-28 17:30:00,2026-03-28 17:35:00,,pending,chat,C104895,VR884846,VA-SW-FIT,Other,Normal,Chat Frontline,A3005,0,,1899.0,GW-OTHER,N,the page failed after I paid and now nothing shows in my account - VR884846 - i want a replacement,Cx reported ammount ddeucted without ord. conf with payment gateway. rfnd of Rs 1899 initiated to source.,helpdesk,1899.0,2026-03,2026Q1,Payal Bhatia,Chat Frontline,1,Indore,Day,VA-SW-FIT,1.0,1899.0,2026-03-07,FIT-2601-3,850,1999,12,Nexa Fit Band,True,False,1190,False,True,the page failed after I paid and now nothing shows in my account - VR884846 - i want a replacement Cx reported ammount ddeucted without ord. conf with payment gateway. rfnd of Rs 1899 initiated to source.,DUP-PAYMENT,0.6339130480319899,False
TK-253623,2026-06-01 14:26:00,2026-06-01 21:11:00,2026-06-04 21:29:00,resolved,email,C102225,VR881155,VA-AC-CASE,Returns & Refunds,Normal,Returns Desk,A3036,0,3.0,1104.0,GW-OTHER,N,"Namaste,
Got the charging case I odrered from vireo.in around Diwali. Refund was promised 17 days ago and nothing.
I checked bank.
Not acceptable at this price.
I want a replacement.
Please revert,","Reported: refund pending. chk reverse pickup QC status. Refund approved, Rs 1104, 5-7 working days. Wlil monitor. (SOP 2.7)",helpdesk,1104.0,2026-06,2026Q2,Ritika D'Souza,Returns Desk,1,Indore,Day,VA-AC-CASE,1.0,1104.0,2026-05-04,CASE-2603-1,620,1299,6,Pulse Charging Case (spare),True,False,960,False,True,"Namaste,
Got the charging case I odrered from vireo.in around Diwali. Refund was promised 17 days ago and nothing.
I checked bank.
Not acceptable at this price.
I want a replacement.
Please revert, Reported: refund pending. chk reverse pickup QC status. Refund approved, Rs 1104, 5-7 working days. Wlil monitor. (SOP 2.7)",RETURN-QC-OK,0.6333700732840062,False
TK-245994,2025-10-19 16:09:00,2025-10-19 16:13:00,2025-10-19 16:40:00,resolved,chat,C108513,VR904844,VA-HP-ST3,Other,Normal,Chat Frontline,A3012,0,,5949.0,GW-OTHER,N,"everyone on my calls says I sound like I'm underwater
VR904844","contact re low mic pickup. tested on call with cx. permissions fixed, rslvd. -- refunded rs 5949 and also raised replacement, cx was very upset.",helpdesk,5949.0,2025-10,2025Q4,Lakshmi Srivastava,Chat Frontline,1,Bengaluru,Day,VA-HP-ST3,1.0,5949.0,2025-06-08,ST3-2504-1,2650,6999,12,Strata 3 Over-Ear Headphones,True,False,2990,False,True,"everyone on my calls says I sound like I'm underwater
VR904844 contact re low mic pickup. tested on call with cx. permissions fixed, rslvd. -- refunded rs 5949 and also raised replacement, cx was very upset.",WTY-BUYBACK,0.6326097145366588,False
TK-245488,2025-10-05 13:54:00,2025-10-05 14:08:00,2025-10-05 14:28:00,closed,voice,C108146,VR890034,VA-HP-ST3,Connectivity,Normal,Voice Frontline,A3026,0,,11898.0,GW-OTHER,N,[IVR transcript] audio keeps disconnecting every few minutes. please help,"re: connection dropping | adv to test in different location -> fw update rslvd.
Processed FR & raised RMA for new set. //AAD",helpdesk,11898.0,2025-10,2025Q4,Aadhya Deshpande,Voice Frontline,1,Bengaluru,Day,VA-HP-ST3,2.0,11898.0,2026-06-27,ST3-2603-1,2650,6999,12,Strata 3 Over-Ear Headphones,True,False,2990,False,True,"[IVR transcript] audio keeps disconnecting every few minutes. please help re: connection dropping | adv to test in different location -> fw update rslvd.
Processed FR & raised RMA for new set. //AAD",WTY-BUYBACK,0.6323790413521269,False
TK-251369,2026-03-22 10:02:00,2026-03-22 12:23:00,2026-03-23 12:42:00,resolved,email,C106429,VR899274,VA-SW-NX2,Returns & Refunds,Normal,Returns Desk,A3037,1,,5199.0,GW-OTHER,N,"Dear Sir/Madam,

I am writing with reference to my order of the Nexa 2 (VR899274) placed on 03-03-2026. You picked up the item 9 days ago and my money hasn't come back. I have emailed twice. I request you to process a refund to my original payment method.

Sincerely,
Manpreet Kaur","cx: rfnd delay | checked reverse pkp qc status -> rfnd approved, rs 5199, 5-7 working days ~Manish",helpdesk,5199.0,2026-03,2026Q1,Manish Iyer,Returns Desk,1,Indore,Morning,VA-SW-NX2,1.0,5199.0,2026-03-03,NX2-2511-2,2450,6499,12,Nexa 2 Smartwatch,True,False,2790,False,True,"Dear Sir/Madam,

I am writing with reference to my order of the Nexa 2 (VR899274) placed on 03-03-2026. You picked up the item 9 days ago and my money hasn't come back. I have emailed twice. I request you to process a refund to my original payment method.

Sincerely,
Manpreet Kaur cx: rfnd delay | checked reverse pkp qc status -> rfnd approved, rs 5199, 5-7 working days ~Manish",RETURN-QC-OK,0.6323466589013118,False
TK-240146,2025-01-11 21:18:00,2025-01-11 23:44:00,2025-01-14 00:09:00,resolved,email,C107653,VR880913,VA-HP-ST3,Returns & Refunds,Normal,Returns Desk,A3037,0,4.0,699900.0,GW-OTHER,N,"hi there, i bought strata 3 on 04/01.  still waiting for my refund. i checked bank. kindly look into it.",rfnd of rs 6999 initiated to source. issue: rfnd delay. checked rfnd status on pg.,legacy_fd,6999.0,2025-01,2025Q1,Manish Iyer,Returns Desk,1,Indore,Morning,VA-HP-ST3,1.0,6999.0,2025-01-04,ST3-2411-4,2650,6999,12,Strata 3 Over-Ear Headphones,True,False,2990,False,True,"hi there, i bought strata 3 on 04/01.  still waiting for my refund. i checked bank. kindly look into it. rfnd of rs 6999 initiated to source. issue: rfnd delay. checked rfnd status on pg.",RETURN-QC-OK,0.6317599347231557,False
TK-246226,2025-10-25 10:42:00,2025-10-25 16:33:00,2025-10-25 16:52:00,resolved,email,C102380,VR902432,VA-SW-NX2,Billing & Payments,Normal,Billing,A3035,0,3.0,6499.0,GW-OTHER,N,Not acceeptable at tis price. Bought the Nexa 2 around 13/10 from Amazon. payment was deducetd but no order was created. I already tried logigng out & in. Fix this or I am posting on twitter,Cx reported amount deducted without ord. conf w/ payment gateway. Full rfnd processed (6499). Will monitor.,helpdesk,6499.0,2025-10,2025Q4,Dev Kulkarni,Billing,1,Bengaluru,Day,VA-SW-NX2,1.0,6499.0,2025-10-13,NX2-2509-4,2450,6499,12,Nexa 2 Smartwatch,True,False,2790,False,True,Not acceeptable at tis price. Bought the Nexa 2 around 13/10 from Amazon. payment was deducetd but no order was created. I already tried logigng out & in. Fix this or I am posting on twitter Cx reported amount deducted without ord. conf w/ payment gateway. Full rfnd processed (6499). Will monitor.,DUP-PAYMENT,0.6307418601805805,False
TK-246036,2025-10-20 18:51:00,2025-10-20 19:01:00,,pending,social,C108818,VR886437,VA-SP-ORB,Billing & Payments,High,Billing,A3035,0,4.0,5999.0,GW-OTHER,N,Really frustrating. Bought the Orbit smart speaker around October 16 from vireo.in. refund was promised 5 days ago and nothing. I already checked bank. Fix this or I am posting on twitter.,cx reached out - rfnd delay. chk reverse pkp QC status. rfnd of Rs 5999 initiated to source. Closing.,helpdesk,5999.0,2025-10,2025Q4,Dev Kulkarni,Billing,1,Bengaluru,Day,VA-SP-ORB,1.0,5999.0,2025-10-16,ORB-2507-4,2300,5999,12,Orbit Smart Speaker,True,False,2640,False,True,Really frustrating. Bought the Orbit smart speaker around October 16 from vireo.in. refund was promised 5 days ago and nothing. I already checked bank. Fix this or I am posting on twitter. cx reached out - rfnd delay. chk reverse pkp QC status. rfnd of Rs 5999 initiated to source. Closing.,RETURN-QC-OK,0.6299302349812784,False
TK-246639,2025-11-05 11:09:00,2025-11-05 13:22:00,2025-11-08 13:53:00,resolved,social,C103506,VR901899,VA-EB-AIR,Returns & Refunds,Normal,Returns Desk,A3037,0,,1799.0,GW-OTHER,N,"dear sir/madam,

i am writing with reference to my order of airlite earbuds (vr901899) placed on 10/10. the return was accepted but the amount is nowhere in my account. i have emailed twice. i request you to process a refud to my origginal payment method.

yours faithfully,
thomas mehta
raipur","rfnd approved, rs 1799, 5-7 working days. issue: rfnd not credited. chk rfnd status on pg. ~Manish",helpdesk,1799.0,2025-11,2025Q4,Manish Iyer,Returns Desk,1,Indore,Morning,VA-EB-AIR,1.0,1799.0,2025-10-10,AIR-2506-1,760,1799,12,AirLite Earbuds,True,False,1100,False,True,"dear sir/madam,

i am writing with reference to my order of airlite earbuds (vr901899) placed on 10/10. the return was accepted but the amount is nowhere in my account. i have emailed twice. i request you to process a refud to my origginal payment method.

yours faithfully,
thomas mehta
raipur rfnd approved, rs 1799, 5-7 working days. issue: rfnd not credited. chk rfnd status on pg. ~Manish",RETURN-QC-OK,0.6289171033324779,False
TK-241775,2025-04-23 13:50:00,2025-04-23 14:30:00,,open,voice,C105578,,VA-SP-MINI,Billing & Payments,High,Billing,A3035,0,,75000.0,GW-OTHER,N,"hi there, this is regarding orbit mini. refund not received yet. i emailed twice. nothing changed. what do i do now? thanks & regards vivaan mehta",Reported: rfnd pending. chk rfnd status on PG. rfnd reprocessed. Case closed with cx consent.,legacy_fd,750.0,2025-04,2025Q2,Dev Kulkarni,Billing,1,Bengaluru,Day,,,,,,980,2499,12,Orbit Mini Speaker,True,False,1320,False,True,"hi there, this is regarding orbit mini. refund not received yet. i emailed twice. nothing changed. what do i do now? thanks & regards vivaan mehta Reported: rfnd pending. chk rfnd status on PG. rfnd reprocessed. Case closed with cx consent.",RETURN-QC-OK,0.6268698927048408,False
TK-252675,2026-05-03 19:09:00,2026-05-03 20:45:00,2026-05-05 01:44:00,resolved,email,C107245,VR908098,VA-SP-MINI,Warranty & Repair,Low,Escalations & Warranty,A3040,0,,2499.0,GW-OTHER,Y,"Hello Vireo, I bought Orbit Mini on 16/11. No update on my repair. I emailed twice. Please advise. Regards, Ritika Khan","rma status qeury | checked qc report -> replacement approved and dispatched.
Processed FR and raised RMA for new set.",helpdesk,2499.0,2026-05,2026Q2,Thomas Jadhav,Escalations & Warranty,2,Bengaluru,Day,VA-SP-MINI,1.0,2499.0,2025-11-16,MINI-2508-4,980,2499,12,Orbit Mini Speaker,True,True,1320,False,True,"Hello Vireo, I bought Orbit Mini on 16/11. No update on my repair. I emailed twice. Please advise. Regards, Ritika Khan rma status qeury | checked qc report -> replacement approved and dispatched.
Processed FR and raised RMA for new set.",WTY-BUYBACK,0.626111280031691,False
TK-249566,2026-01-27 13:37:00,2026-01-27 15:50:00,2026-01-29 16:10:00,resolved,email,C106935,VR889228,VA-EB-PL2,Returns & Refunds,Normal,Returns Desk,A3036,0,4.0,3324.0,GW-OTHER,N,"return pickup has not happened
VR889228
how do i get this fixed?",Reported: pkp not done. Re-raised pkp with courier. Refunded Rs 3324. Follow-up not required.,helpdesk,3324.0,2026-01,2026Q1,Ritika D'Souza,Returns Desk,1,Indore,Day,VA-EB-PL2,1.0,3324.0,2026-01-18,PL2-2511-2,1480,3499,12,Pulse 2 True Wireless Earbuds,True,False,1820,False,True,"return pickup has not happened
VR889228
how do i get this fixed? Reported: pkp not done. Re-raised pkp with courier. Refunded Rs 3324. Follow-up not required.",RETURN-QC-OK,0.6259071998082708,False
TK-252492,2026-04-27 06:32:00,2026-04-27 06:33:00,2026-04-27 06:52:00,resolved,chat,C101975,,VA-SP-MINI,Delivery & Shipping,Normal,Logistics,A3028,0,,500.0,GW-OTHER,N,"package not delivered even after 19 days
i want a replaement",cust contacted re dlvry delayed. chk awb w/ crr. rfnd of rs 500 initiated to source.,helpdesk,500.0,2026-04,2026Q2,Sameer Kapoor,Logistics,1,Indore,Morning,,,,,,980,2499,12,Orbit Mini Speaker,True,False,1320,False,False,"package not delivered even after 19 days
i want a replaement cust contacted re dlvry delayed. chk awb w/ crr. rfnd of rs 500 initiated to source.",LOST-TRANSIT,0.625685643985415,False
TK-245563,2025-10-07 19:45:00,2025-10-07 20:16:00,2025-10-07 20:50:00,resolved,voice,C106134,VR892649,VA-EB-PL2,Returns & Refunds,High,Returns Desk,A3036,0,,3149.0,GW-OTHER,N,"[IVR transcript] pathetic experience honestly.  pulse 2 buds purchased last week, order vr892649. refund was promised 16 days ago & nothing. i already checked bank. escalate this to someone senior.","Ticket raised for refund not credited. chk refund status on PG. Refund approved, Rs 3149, 5-7 working days. Follow-up not required.",helpdesk,3149.0,2025-10,2025Q4,Ritika D'Souza,Returns Desk,1,Indore,Day,VA-EB-PL2,1.0,3149.0,2025-09-18,PL2-2507-2,1480,3499,12,Pulse 2 True Wireless Earbuds,True,False,1820,False,True,"[IVR transcript] pathetic experience honestly.  pulse 2 buds purchased last week, order vr892649. refund was promised 16 days ago & nothing. i already checked bank. escalate this to someone senior. Ticket raised for refund not credited. chk refund status on PG. Refund approved, Rs 3149, 5-7 working days. Follow-up not required.",RETURN-QC-OK,0.6255921100811247,False
TK-243659,2025-07-29 10:09:00,2025-07-29 10:17:00,2025-07-29 10:41:00,resolved,voice,C105318,VR884765,VA-SW-NX2,Billing & Payments,High,Billing,A3034,0,,649900.0,GW-OTHER,N,[IVR transcript] payment went through but I got no order id wiating for your reply,cx ok (sop 5.4),legacy_fd,6499.0,2025-07,2025Q3,Tanvi Rathore,Billing,1,Indore,Morning,VA-SW-NX2,1.0,6499.0,2025-07-29,NX2-2507-1,2450,6499,12,Nexa 2 Smartwatch,True,False,2790,False,True,[IVR transcript] payment went through but I got no order id wiating for your reply cx ok (sop 5.4),DUP-PAYMENT,0.6250223877341153,False
TK-249198,2026-01-15 23:40:00,2026-01-16 00:31:00,2026-01-16 00:47:00,resolved,email,C104009,VR895401,VA-EB-PL1,Delivery & Shipping,Normal,Logistics,A3027,0,4.0,2499.0,GW-OTHER,N,"Really frustrating. the Pulse bus purchased 3 weeks back, ordre VR895401. screen has a crack before I evne switched it on. I already tok photos. This is the lsat time I buy from you.","1. Transit damage
2. chk w/ crr for damage claim
3. Replacement raised, RMA shared w/ cx. Amount returned to card; fresh unit shipped from BLR warehouse.",helpdesk,2499.0,2026-01,2026Q1,Priya Agarwal,Logistics,1,Indore,Morning,VA-EB-PL1,1.0,2499.0,2026-01-09,PL1-2511-4,1120,2499,12,Pulse True Wireless Earbuds,True,False,1460,False,True,"Really frustrating. the Pulse bus purchased 3 weeks back, ordre VR895401. screen has a crack before I evne switched it on. I already tok photos. This is the lsat time I buy from you. 1. Transit damage
2. chk w/ crr for damage claim
3. Replacement raised, RMA shared w/ cx. Amount returned to card; fresh unit shipped from BLR warehouse.",DOA-REPL,0.6243031434469744,False
TK-242266,2025-05-20 11:03:00,2025-05-20 18:10:00,2025-05-20 18:29:00,resolved,social,C108989,,VA-AC-CBL,Other,Normal,Chat Frontline,A3014,0,,16000.0,GW-OTHER,N,"Dear Sir/Madam,

I am writing with reference to my orer of braided cable placed on 11-05-2025.  Want to cancel my order. I have tried cancle button, greyed out. I request you to provide a resolution within 3 working days.

Yours faithfully,
Tanvi Agarwal",issue: cancellation request | cancelled bfore dispatch -> full rfnd processed (160) -AD,legacy_fd,160.0,2025-05,2025Q2,Anjali D'Souza,Chat Frontline,1,Bengaluru,Day,,,,,,90,399,6,USB-C Braided Cable,True,False,430,False,False,"Dear Sir/Madam,

I am writing with reference to my orer of braided cable placed on 11-05-2025.  Want to cancel my order. I have tried cancle button, greyed out. I request you to provide a resolution within 3 working days.

Yours faithfully,
Tanvi Agarwal issue: cancellation request | cancelled bfore dispatch -> full rfnd processed (160) -AD",CANCEL,0.6231142177226979,False
TK-254172,2026-06-20 09:48:00,2026-06-20 10:54:00,2026-06-25 14:12:00,resolved,voice,C107138,VR890959,VA-SW-NX2,Warranty & Repair,Normal,Escalations & Warranty,A3039,0,,6499.0,GW-OTHER,Y,"service centre took it, now silence","warranty claim status | followed up with service centre -> cx updated, eta shared (sop 3.1) -- amount returned to card; fresh unit shipped from blr warehouse. ~Reyansh",helpdesk,6499.0,2026-06,2026Q2,Reyansh Mishra,Escalations & Warranty,2,Bengaluru,Morning,VA-SW-NX2,1.0,6499.0,2026-02-09,NX2-2512-4,2450,6499,12,Nexa 2 Smartwatch,True,True,2790,False,True,"service centre took it, now silence warranty claim status | followed up with service centre -> cx updated, eta shared (sop 3.1) -- amount returned to card; fresh unit shipped from blr warehouse. ~Reyansh",WTY-BUYBACK,0.6227642531956515,False
TK-254449,2026-06-28 12:26:00,2026-06-28 12:45:00,2026-07-10 15:05:00,resolved,chat,C105815,VR897482,VA-SW-NX2,Warranty & Repair,Low,Escalations & Warranty,A3039,0,3.0,6499.0,GW-OTHER,N,"hey
claim number rma36450, anyone alive there?
the nexa 2 VR897482
kindly do the needful","warranty claim status | checked rma status -> new unit shipped under doa. -- refund + rplc, cx escalation avoided. ~Reyansh",helpdesk,6499.0,2026-06,2026Q2,Reyansh Mishra,Escalations & Warranty,2,Bengaluru,Morning,VA-SW-NX2,1.0,6499.0,2026-01-17,NX2-2512-1,2450,6499,12,Nexa 2 Smartwatch,True,False,2790,False,True,"hey
claim number rma36450, anyone alive there?
the nexa 2 VR897482
kindly do the needful warranty claim status | checked rma status -> new unit shipped under doa. -- refund + rplc, cx escalation avoided. ~Reyansh",WTY-BUYBACK,0.6224113014587958,False
TK-244931,2025-09-16 13:58:00,2025-09-16 14:34:00,,pending,chat,C107146,VR895727,VA-SW-NX2,Billing & Payments,High,Billing,A3037,2,3.0,5199.0,GW-OTHER,N,"Dear Sir/Madam,
I bought Nexa 2 on 11/09. My bank sohws the same amount twicce on the same day.
Please resolve asap.",rfnd of rs 5199 initiated to source. issue: double charge. chk pg for duplicate txn. via returns desk. ~Manish,helpdesk,5199.0,2025-09,2025Q3,Manish Iyer,Returns Desk,1,Indore,Morning,VA-SW-NX2,1.0,5199.0,2025-09-11,NX2-2507-2,2450,6499,12,Nexa 2 Smartwatch,True,False,2790,False,True,"Dear Sir/Madam,
I bought Nexa 2 on 11/09. My bank sohws the same amount twicce on the same day.
Please resolve asap. rfnd of rs 5199 initiated to source. issue: double charge. chk pg for duplicate txn. via returns desk. ~Manish",DUP-PAYMENT,0.6215806882147283,False
TK-253748,2026-06-05 17:31:00,2026-06-05 17:50:00,2026-06-07 18:02:00,resolved,chat,C102021,VR901635,VA-EB-PL2,Billing & Payments,High,Billing,A3035,0,,3324.0,GW-OTHER,N,"product: pulse 2
order: vr901635
purchased: 27/05
issue: refund not received yet
tried: checked bank
expected: callback",Cx reported rfnd pending. Checkde reveres pkp QC status. Refunded Rs 3324. Case closed w/ cx consent.,helpdesk,3324.0,2026-06,2026Q2,Dev Kulkarni,Billing,1,Bengaluru,Day,VA-EB-PL2,1.0,3324.0,2026-05-27,PL2-2604-3,1480,3499,12,Pulse 2 True Wireless Earbuds,True,False,1820,False,True,"product: pulse 2
order: vr901635
purchased: 27/05
issue: refund not received yet
tried: checked bank
expected: callback Cx reported rfnd pending. Checkde reveres pkp QC status. Refunded Rs 3324. Case closed w/ cx consent.",RETURN-QC-OK,0.6212759556673176,False
TK-242686,2025-06-11 12:27:00,2025-06-11 16:16:00,2025-06-11 16:33:00,resolved,email,C106716,VR897050,VA-SW-NX1,Billing & Payments,High,Billing,A3035,0,3.0,4999.0,GW-OTHER,N,"bhai
my bank shows the same amount twice on the same day
pls help karo
pls reply",cx reached out - duplicate payment. Confirmed UTRs. rfnd of Rs 4999 initiated to source. Follow-up not required.,helpdesk,4999.0,2025-06,2025Q2,Dev Kulkarni,Billing,1,Bengaluru,Day,VA-SW-NX1,1.0,4999.0,2025-06-02,NX1-2504-2,1900,4999,12,Nexa Smartwatch,True,False,2240,False,True,"bhai
my bank shows the same amount twice on the same day
pls help karo
pls reply cx reached out - duplicate payment. Confirmed UTRs. rfnd of Rs 4999 initiated to source. Follow-up not required.",DUP-PAYMENT,0.6208477639518258,False
TK-252581,2026-04-30 13:32:00,2026-04-30 13:44:00,2026-05-03 14:13:00,resolved,voice,C108786,VR885591,VA-SW-FIT,Returns & Refunds,Normal,Returns Desk,A3006,1,,340.0,GW-OTHER,N,"Dear Sir/Madam, Bought my Nexa Fit band around 22/04 from vireo.in. Still waiting for my refund. I checked bank. Nothing changed. Please advise. Rgds","refund approved, rs 340, 5-7 working days. issue: refund pending. checked refund status on pg. via chat frontline.",helpdesk,340.0,2026-04,2026Q2,Varun Bhatt,Chat Frontline,1,Bengaluru,Morning,VA-SW-FIT,1.0,1699.0,2026-04-22,FIT-2603-2,850,1999,12,Nexa Fit Band,True,False,1190,False,False,"Dear Sir/Madam, Bought my Nexa Fit band around 22/04 from vireo.in. Still waiting for my refund. I checked bank. Nothing changed. Please advise. Rgds refund approved, rs 340, 5-7 working days. issue: refund pending. checked refund status on pg. via chat frontline.",RETURN-QC-OK,0.6203470597706519,False
TK-249228,2026-01-17 13:21:00,2026-01-17 13:40:00,2026-01-17 13:52:00,resolved,voice,C105183,VR883801,VA-EB-PL2,Returns & Refunds,Normal,Returns Desk,A3038,0,4.0,2799.0,GW-OTHER,N,"[IVR transcript] pickup scheduled but no one showed up, VR883801, i want a replacement","Contact re reverse pkp pending. Re-raised pkp with crr. pkp done, rfnd initiated.",helpdesk,2799.0,2026-01,2026Q1,Ankit Dhillon,Returns Desk,1,Bengaluru,Morning,VA-EB-PL2,1.0,2799.0,2026-01-04,PL2-2509-3,1480,3499,12,Pulse 2 True Wireless Earbuds,True,False,1820,False,True,"[IVR transcript] pickup scheduled but no one showed up, VR883801, i want a replacement Contact re reverse pkp pending. Re-raised pkp with crr. pkp done, rfnd initiated.",RETURN-QC-OK,0.6202171460133397,False
TK-250215,2026-02-16 09:17:00,2026-02-16 09:52:00,2026-02-16 10:10:00,resolved,email,C100179,VR893474,VA-EB-AIR,Billing & Payments,High,Billing,A3032,0,,1799.0,GW-OTHER,N,"PRODUCT: THE AIRLITE BUDS
ORDER: VR893474
PURCHASED: FEBRUARY 23
ISSUE: UR AD SAID 20% OFF AND THE CART SAYS FULL PRICE
TRIED: TRIED IN CAPS
EXPECTED: REFUND",- ~Sneha,helpdesk,1799.0,2026-02,2026Q1,Sneha Bansal,Billing,1,Indore,Morning,VA-EB-AIR,1.0,1799.0,2025-02-23,AIR-2501-4,760,1799,12,AirLite Earbuds,True,False,1100,False,True,"PRODUCT: THE AIRLITE BUDS
ORDER: VR893474
PURCHASED: FEBRUARY 23
ISSUE: UR AD SAID 20% OFF AND THE CART SAYS FULL PRICE
TRIED: TRIED IN CAPS
EXPECTED: REFUND - ~Sneha",PRICE-ADJ,0.6201790483095736,False
TK-243286,2025-07-11 14:55:00,2025-07-11 16:05:00,2025-07-11 16:40:00,resolved,voice,C103494,VR902274,VA-AC-CBL,Billing & Payments,High,Billing,A3035,0,3.0,37900.0,GW-OTHER,N,[IVR transcript] Not acceptable at this price.  This is regarding USB-C cable. two entries of Rs 4999 on my statement for one pair of earbuds. I already waited a week. Refund. Now.,Cx reported charged twice. cnf UTRs. rfnd processed. Cx informed.,legacy_fd,379.0,2025-07,2025Q3,Dev Kulkarni,Billing,1,Bengaluru,Day,VA-AC-CBL,1.0,379.0,2025-07-09,CBL-2505-2,90,399,6,USB-C Braided Cable,True,False,430,False,False,[IVR transcript] Not acceptable at this price.  This is regarding USB-C cable. two entries of Rs 4999 on my statement for one pair of earbuds. I already waited a week. Refund. Now. Cx reported charged twice. cnf UTRs. rfnd processed. Cx informed.,DUP-PAYMENT,0.6200241657994183,False
TK-250012,2026-02-09 12:47:00,2026-02-09 14:20:00,2026-02-09 14:52:00,resolved,email,C103176,VR896406,VA-EB-PL1,Other,High,Email Frontline,A3018,0,2.0,2374.0,GW-OTHER,N,"hello vireo, i bought pulse earbuds on january 27. money debited but order not showing. i checked bank statement. i want a replacement. awaiting response,",cx: failed order afetr payyment | checked pg dashboard for txn -> refund of rs 2374 initiated to source ~Krishna,helpdesk,2374.0,2026-02,2026Q1,Krishna Bhatt,Email Frontline,1,Indore,Day,VA-EB-PL1,1.0,2374.0,2026-01-27,PL1-2512-2,1120,2499,12,Pulse True Wireless Earbuds,True,False,1460,False,True,"hello vireo, i bought pulse earbuds on january 27. money debited but order not showing. i checked bank statement. i want a replacement. awaiting response, cx: failed order afetr payyment | checked pg dashboard for txn -> refund of rs 2374 initiated to source ~Krishna",DUP-PAYMENT,0.6199092812676911,False
TK-242100,2025-05-12 00:00:00,2025-05-12 00:01:00,2025-05-13 00:19:00,resolved,chat,C100322,,VA-SP-ORB,Delivery & Shipping,High,Logistics,A3028,0,2.0,72000.0,GW-OTHER,N,box was crushed and the orbit speaker is cracked - need this sorted this week,"1. unit received damaged
2. chk wtih crr for damage claim
3. rfnd approved, rs 720, 5-7 working days",legacy_fd,720.0,2025-05,2025Q2,Sameer Kapoor,Logistics,1,Indore,Morning,,,,,,2300,5999,12,Orbit Smart Speaker,True,False,2640,False,True,"box was crushed and the orbit speaker is cracked - need this sorted this week 1. unit received damaged
2. chk wtih crr for damage claim
3. rfnd approved, rs 720, 5-7 working days",DOA-REPL,0.6195814741120613,False
TK-242752,2025-06-15 00:11:00,2025-06-15 00:13:00,2025-06-18 00:37:00,resolved,chat,C107507,,VA-SW-NX2,Returns & Refunds,Normal,Returns Desk,A3038,0,4.0,6499.0,GW-OTHER,N,"dear sir/madam,

i am writing with reference to my order of my nexa 2 watch placed on 22-05-2025. the return was accepted but the amount is nowhere in my account. i have emailed twice. i reuqest you to look into this matter at the earliest.

regards,
manih banerjee","1. Refund delay
2. Checked refund status on PG
3. Refunded Rs 6499",helpdesk,6499.0,2025-06,2025Q2,Ankit Dhillon,Returns Desk,1,Bengaluru,Morning,,,,,,2450,6499,12,Nexa 2 Smartwatch,True,False,2790,False,True,"dear sir/madam,

i am writing with reference to my order of my nexa 2 watch placed on 22-05-2025. the return was accepted but the amount is nowhere in my account. i have emailed twice. i reuqest you to look into this matter at the earliest.

regards,
manih banerjee 1. Refund delay
2. Checked refund status on PG
3. Refunded Rs 6499",RETURN-QC-OK,0.6194856569621542,False
TK-247022,2025-11-14 18:33:00,2025-11-14 18:39:00,2025-11-16 19:03:00,resolved,chat,C106351,VR883794,VA-AC-CBL,Returns & Refunds,Normal,Returns Desk,A3036,0,,399.0,GW-OTHER,N,"hi team,
order vr883794 (usb-c cable). you picked up the item 20 days ago and my money hasn't come back.
i want a replacement.
please revert,",Cx reported refund pending. chk reverse picukp QC status. ARN shared with cx. Cx satisfied on chat. (SOP 2.7),helpdesk,399.0,2025-11,2025Q4,Ritika D'Souza,Returns Desk,1,Indore,Day,VA-AC-CBL,1.0,399.0,2025-10-24,CBL-2509-4,90,399,6,USB-C Braided Cable,True,False,430,False,False,"hi team,
order vr883794 (usb-c cable). you picked up the item 20 days ago and my money hasn't come back.
i want a replacement.
please revert, Cx reported refund pending. chk reverse picukp QC status. ARN shared with cx. Cx satisfied on chat. (SOP 2.7)",RETURN-QC-OK,0.6190838810594611,False
TK-252965,2026-05-13 13:09:00,2026-05-13 20:59:00,2026-05-13 21:27:00,resolved,email,C105517,VR882222,VA-SP-MINI,Billing & Payments,Normal,Billing,A3035,0,,2124.0,GW-OTHER,N,"I have been a loyal customer and this is how you treat me. Ordered orbit mini last week. double payment deducted. I already checked with bank. I want a replacement or refund, nothing else.",cx reached out - duplicate payment. Checked PG for duplicate txn. rnd processed. Will monitor.,helpdesk,2124.0,2026-05,2026Q2,Dev Kulkarni,Billing,1,Bengaluru,Day,VA-SP-MINI,1.0,2124.0,2026-02-07,MINI-2601-1,980,2499,12,Orbit Mini Speaker,True,False,1320,False,True,"I have been a loyal customer and this is how you treat me. Ordered orbit mini last week. double payment deducted. I already checked with bank. I want a replacement or refund, nothing else. cx reached out - duplicate payment. Checked PG for duplicate txn. rnd processed. Will monitor.",DUP-PAYMENT,0.618347107082162,False
TK-253419,2026-05-26 20:09:00,2026-05-26 20:13:00,2026-05-26 20:30:00,resolved,chat,C105711,VR881208,VA-SW-NX1,Other,High,Chat Frontline,A3004,0,2.0,4499.0,GW-OTHER,N,i bought nexa watch on 05/05. double payment deducted. i checked with bank. nothing changed. need this sorted this week. thanks & regards,"1. duplicate payment
2. confirmed utrs
3. duplicate refunded to source",helpdesk,4499.0,2026-05,2026Q2,Geeta Dutta,Chat Frontline,1,Bengaluru,Day,VA-SW-NX1,1.0,4499.0,2026-05-05,NX1-2604-4,1900,4999,12,Nexa Smartwatch,True,False,2240,False,True,"i bought nexa watch on 05/05. double payment deducted. i checked with bank. nothing changed. need this sorted this week. thanks & regards 1. duplicate payment
2. confirmed utrs
3. duplicate refunded to source",DUP-PAYMENT,0.6179868653314892,False
TK-248418,2025-12-22 07:32:00,2025-12-22 08:03:00,2025-12-22 08:19:00,resolved,email,C101250,,VA-AC-CASE,Returns & Refunds,Normal,Returns Desk,A3037,0,,1104.0,GW-OTHER,N,"hi team,
ordered replacement case a month ago. i have been sitting at home for 3 days waiting for your courier.
i rescheduled pickup twice. nothing changed.
i want a replacement.","full rfnd processed (1104). issue: pickup not done. chk pickup awb. | replacement was offered earlier by chat team, cx opted for refund. ~Manish",helpdesk,1104.0,2025-12,2025Q4,Manish Iyer,Returns Desk,1,Indore,Morning,,,,,,620,1299,6,Pulse Charging Case (spare),True,False,960,False,True,"hi team,
ordered replacement case a month ago. i have been sitting at home for 3 days waiting for your courier.
i rescheduled pickup twice. nothing changed.
i want a replacement. full rfnd processed (1104). issue: pickup not done. chk pickup awb. | replacement was offered earlier by chat team, cx opted for refund. ~Manish",RETURN-QC-OK,0.6179527985693989,False
TK-241876,2025-04-29 03:55:00,2025-04-30 01:30:00,2025-04-30 01:53:00,resolved,email,C103528,,VA-SP-MINI,Billing & Payments,High,Billing,A3033,0,,224900.0,GW-OTHER,N,"Product: Orbit Mini
Purchased: April 29
Issue: payment was deducted but no order was created
Tried: tried logging out and in
Expected: refund",resolved on call,legacy_fd,2249.0,2025-04,2025Q2,Vikram Banerjee,Billing,1,Bengaluru,Morning,,,,,,980,2499,12,Orbit Mini Speaker,True,False,1320,False,True,"Product: Orbit Mini
Purchased: April 29
Issue: payment was deducted but no order was created
Tried: tried logging out and in
Expected: refund resolved on call",DUP-PAYMENT,0.6167828594413911,False
TK-240505,2025-02-09 19:22:00,2025-02-09 23:05:00,2025-02-09 23:17:00,resolved,email,C100787,,VA-EB-PL1,Delivery & Shipping,Low,Logistics,A3029,0,3.0,224900.0,GW-OTHER,N,"Hi there, Got the Pulse buds form vireo.in 2 weeks ago. Package not delivered even after 15 days. I checked with neighbours. Nothing changed. Need this sorted this week. Rgds",refund of rs 2249 initiated to source. issue: shipment not received. checked awb with courier. -RM,legacy_fd,2249.0,2025-02,2025Q1,Rajat Mukherjee,Logistics,1,Bengaluru,Morning,,,,,,1120,2499,12,Pulse True Wireless Earbuds,True,False,1460,False,True,"Hi there, Got the Pulse buds form vireo.in 2 weeks ago. Package not delivered even after 15 days. I checked with neighbours. Nothing changed. Need this sorted this week. Rgds refund of rs 2249 initiated to source. issue: shipment not received. checked awb with courier. -RM",LOST-TRANSIT,0.6164926691774498,False
TK-242310,2025-05-22 18:16:00,2025-05-22 19:45:00,,open,email,C109482,VR896053,VA-EB-PL1,Returns & Refunds,Normal,Returns Desk,A3036,0,,31900.0,GW-OTHER,N,Honestly regretting this purchase. Bought my Pulse around May 04 from vireo.in. I have been sitting at home for 3 days waiting for your courier. I already rescheduled pickup twice. This is the last time I buy from you.,"Ticket raised for reverse pickup pending. Re-raised pickup w/ crr. Refund approved, Rs 319, 5-7 working days. Cx informed.",legacy_fd,319.0,2025-05,2025Q2,Ritika D'Souza,Returns Desk,1,Indore,Day,VA-EB-PL1,1.0,2124.0,2025-05-04,PL1-2504-1,1120,2499,12,Pulse True Wireless Earbuds,True,False,1460,False,False,"Honestly regretting this purchase. Bought my Pulse around May 04 from vireo.in. I have been sitting at home for 3 days waiting for your courier. I already rescheduled pickup twice. This is the last time I buy from you. Ticket raised for reverse pickup pending. Re-raised pickup w/ crr. Refund approved, Rs 319, 5-7 working days. Cx informed.",RETURN-QC-OK,0.6149616534478513,False
TK-248652,2025-12-29 08:02:00,2025-12-29 10:55:00,2026-01-01 11:06:00,closed,email,C107439,VR884439,VA-EB-PL2,Returns & Refunds,Normal,Returns Desk,A3037,0,,700.0,GW-OTHER,N,I bought my Pulse 2 on 29/11. Nobody camme for the pickup. I rescheduled pickup twice. Nothing changed. Honestly regretting this purchase. Please call me on my registered number. Please revert,"1. reverse pkp pending
2. checked pkp awb
3. refunded rs 700 ~Manish",helpdesk,700.0,2025-12,2025Q4,Manish Iyer,Returns Desk,1,Indore,Morning,VA-EB-PL2,1.0,3499.0,2025-11-29,PL2-2510-1,1480,3499,12,Pulse 2 True Wireless Earbuds,True,False,1820,False,True,"I bought my Pulse 2 on 29/11. Nobody camme for the pickup. I rescheduled pickup twice. Nothing changed. Honestly regretting this purchase. Please call me on my registered number. Please revert 1. reverse pkp pending
2. checked pkp awb
3. refunded rs 700 ~Manish",RETURN-QC-OK,0.6134238631642117,False
TK-244573,2025-09-05 08:44:00,2025-09-05 09:08:00,2025-09-05 09:34:00,resolved,voice,C107938,,VA-EB-AIR,Charging & Battery,Low,Voice Frontline,A3025,0,3.0,152900.0,GW-OTHER,N,"[IVR transcript] the promised 45 hours is nowhere close, I get maybe 2 waiting for ur reply","adv settings change, cx satisfied. issue: poor battery backup. adv disabling anc/aod to test. | both refund & rplc given as cx threatened social media. //KOM",legacy_fd,1529.0,2025-09,2025Q3,Komal Malhotra,Voice Frontline,1,Bengaluru,Morning,,,,,,760,1799,12,AirLite Earbuds,True,False,1100,False,True,"[IVR transcript] the promised 45 hours is nowhere close, I get maybe 2 waiting for ur reply adv settings change, cx satisfied. issue: poor battery backup. adv disabling anc/aod to test. | both refund & rplc given as cx threatened social media. //KOM",WTY-BUYBACK,0.6130811352599201,False
TK-240328,2025-01-27 15:54:00,2025-01-27 16:34:00,2025-01-28 16:55:00,resolved,email,C104018,VR904257,VA-SW-FIT,Returns & Refunds,Normal,Returns Desk,A3022,2,,1599.0,GW-OTHER,N,"Hi Vireo support, Got the fit band frmo Amazon 3 weeks back. Where is the money for the return. Please resolve asap.","1. rfnd delay
2. Checked reverse pickup QC status
3. xfer to Email Frontline
4. rfnd approved, Rs 1599, 5-7 working days. Replacement was offered earlier by chat team, cx opted for rfnd.",helpdesk,1599.0,2025-01,2025Q1,Daniel Arora,Email Frontline,1,Indore,Morning,VA-SW-FIT,1.0,1599.0,2025-01-02,FIT-2411-2,850,1999,12,Nexa Fit Band,True,False,1190,False,True,"Hi Vireo support, Got the fit band frmo Amazon 3 weeks back. Where is the money for the return. Please resolve asap. 1. rfnd delay
2. Checked reverse pickup QC status
3. xfer to Email Frontline
4. rfnd approved, Rs 1599, 5-7 working days. Replacement was offered earlier by chat team, cx opted for rfnd.",RETURN-QC-OK,0.6129315802642964,False
TK-252004,2026-04-09 08:50:00,2026-04-09 09:14:00,2026-04-09 09:43:00,resolved,email,C106274,,VA-EB-PL2,Returns & Refunds,Normal,Returns Desk,A3037,0,,1487.0,GW-OTHER,N,"Dear Sir/Madam,

I am writing with reference to my order of pulse 2 buds placed on 05/04. The return was accepted but the amount is nowhere in my account. I have checked bank. I request you to look into this matter at the earliest.

Sincerely,
Ayaan Khnana
Delhi",refund of rs 1487 initiated to source. issue: refund pending. chk refund status on pg. ~Manish,helpdesk,1487.0,2026-04,2026Q2,Manish Iyer,Returns Desk,1,Indore,Morning,,,,,,1480,3499,12,Pulse 2 True Wireless Earbuds,True,False,1820,False,True,"Dear Sir/Madam,

I am writing with reference to my order of pulse 2 buds placed on 05/04. The return was accepted but the amount is nowhere in my account. I have checked bank. I request you to look into this matter at the earliest.

Sincerely,
Ayaan Khnana
Delhi refund of rs 1487 initiated to source. issue: refund pending. chk refund status on pg. ~Manish",RETURN-QC-OK,0.6124882369778955,False
TK-253342,2026-05-24 19:32:00,2026-05-24 19:34:00,2026-05-27 19:55:00,resolved,chat,C107187,,VA-EB-PL2,Returns & Refunds,Normal,Returns Desk,A3036,0,,3149.0,GW-OTHER,N,"hello
return pickup has not happened
the pulse 2 earbuds
anyone there",Cx says pickup not done. Checked pickup AWB. Full rfnd processed (3149). Cx satisfied on chat.,helpdesk,3149.0,2026-05,2026Q2,Ritika D'Souza,Returns Desk,1,Indore,Day,,,,,,1480,3499,12,Pulse 2 True Wireless Earbuds,True,False,1820,False,True,"hello
return pickup has not happened
the pulse 2 earbuds
anyone there Cx says pickup not done. Checked pickup AWB. Full rfnd processed (3149). Cx satisfied on chat.",RETURN-QC-OK,0.6107752355272039,False
TK-243554,2025-07-25 20:21:00,2025-07-25 20:27:00,2025-07-26 21:00:00,resolved,chat,C105915,,VA-SP-MINI,Returns & Refunds,Normal,Returns Desk,A3036,1,3.0,249900.0,GW-OTHER,N,"refund not received yet
please resolve asap","Cuustomer reached out - refund pending. Cheecked refund status on PG. Refund approved, Rs 2499, 5-7 workign days. Will monitor. (SOP 5.4)
rplc was offered earlier by chat team, cx opted for rfnd.",legacy_fd,2499.0,2025-07,2025Q3,Ritika D'Souza,Returns Desk,1,Indore,Day,,,,,,980,2499,12,Orbit Mini Speaker,True,False,1320,False,True,"refund not received yet
please resolve asap Cuustomer reached out - refund pending. Cheecked refund status on PG. Refund approved, Rs 2499, 5-7 workign days. Will monitor. (SOP 5.4)
rplc was offered earlier by chat team, cx opted for rfnd.",RETURN-QC-OK,0.6103313702447994,False
TK-252087,2026-04-12 12:02:00,2026-04-12 12:04:00,2026-04-12 12:19:00,resolved,chat,C104237,VR908932,VA-SP-MINI,Other,High,Chat Frontline,A3031,1,4.0,1250.0,GW-OTHER,N,"hi sir
money debited but order not showing
please help karo
orbit mini
urgent",Customer reached out - failed order after payment. Confirmed with payment gateway. Transferred to Logistics. Auto-refund confirmed within 5-7 days.,helpdesk,1250.0,2026-04,2026Q2,Zaid Desai,Logistics,1,Indore,Morning,VA-SP-MINI,1.0,2499.0,2026-03-30,MINI-2512-2,980,2499,12,Orbit Mini Speaker,True,False,1320,False,True,"hi sir
money debited but order not showing
please help karo
orbit mini
urgent Customer reached out - failed order after payment. Confirmed with payment gateway. Transferred to Logistics. Auto-refund confirmed within 5-7 days.",DUP-PAYMENT,0.6100734184310245,False
TK-241476,2025-04-07 18:54:00,2025-04-07 19:13:00,2025-04-10 19:30:00,resolved,chat,C106444,,VA-SW-NX2,Delivery & Shipping,Normal,Logistics,A3030,0,,6499.0,GW-OTHER,N,"bhai
the parcel looked like it was kicked here from the warehouse, and the unit has a crack
my nexa 2 watch","Ticket raised for transit damage. Photos received, damage confirmed. Full rfnd processed (6499).",helpdesk,6499.0,2025-04,2025Q2,Aishwarya Trivedi,Logistics,1,Indore,Day,,,,,,2450,6499,12,Nexa 2 Smartwatch,True,False,2790,False,True,"bhai
the parcel looked like it was kicked here from the warehouse, and the unit has a crack
my nexa 2 watch Ticket raised for transit damage. Photos received, damage confirmed. Full rfnd processed (6499).",DOA-REPL,0.6095533830162723,False
TK-250754,2026-03-03 05:35:00,2026-03-03 06:08:00,2026-03-04 06:23:00,resolved,email,C104223,VR903080,VA-EB-PL2,Returns & Refunds,Normal,Returns Desk,A3038,0,,5598.0,GW-OTHER,N,"To the Vireo Customer Care Team,

I am writing with reference to my order of Pules 2 (VR903080) placed on February 27.  Nobody came for the pickup. I have called courier. I request you to kindly arrange a replacement.

Sincerely,
Isha Mehta
Delhi","1. Reverse pickup pending
2. Checked pickup AWB
3. Refund approved, Rs 5598, 5-7 working days",helpdesk,5598.0,2026-03,2026Q1,Ankit Dhillon,Returns Desk,1,Bengaluru,Morning,VA-EB-PL2,2.0,5598.0,2026-02-27,PL2-2601-1,1480,3499,12,Pulse 2 True Wireless Earbuds,True,False,1820,False,True,"To the Vireo Customer Care Team,

I am writing with reference to my order of Pules 2 (VR903080) placed on February 27.  Nobody came for the pickup. I have called courier. I request you to kindly arrange a replacement.

Sincerely,
Isha Mehta
Delhi 1. Reverse pickup pending
2. Checked pickup AWB
3. Refund approved, Rs 5598, 5-7 working days",RETURN-QC-OK,0.6094935656957273,False
TK-245764,2025-10-13 15:20:00,2025-10-13 15:23:00,2025-10-15 15:47:00,resolved,chat,C109210,VR884005,VA-EB-PL2,Returns & Refunds,Normal,Returns Desk,A3036,0,4.0,3149.0,GW-OTHER,N,"Hello Vireo, Order VR884005 (Pulse2). You picked up the item 6 dayys ago and my money hasn't come back. Please call me on my registered number.","1. Refund delay
2. Checked rfund status on PG
3. Full refund processed (3149)",helpdesk,3149.0,2025-10,2025Q4,Ritika D'Souza,Returns Desk,1,Indore,Day,VA-EB-PL2,1.0,3149.0,2025-10-01,PL2-2507-3,1480,3499,12,Pulse 2 True Wireless Earbuds,True,False,1820,False,True,"Hello Vireo, Order VR884005 (Pulse2). You picked up the item 6 dayys ago and my money hasn't come back. Please call me on my registered number. 1. Refund delay
2. Checked rfund status on PG
3. Full refund processed (3149)",RETURN-QC-OK,0.6091551674201283,False
TK-249134,2026-01-13 21:29:00,2026-01-13 22:33:00,2026-01-14 23:01:00,closed,email,C108696,VR882000,VA-EB-PL2,Delivery & Shipping,High,Logistics,A3027,0,,2799.0,GW-OTHER,N,"product: my pulse 2
purchased: 08 nov
issue: the parcel looked like it was kicked here from the warehouse, and the unit has a crack
tried: took photos
expected: replacement","Refunded Rs 2799. Issue: transit damage. Checked w/ crr for damage claim. -- Cx asked for rplc + refund, explained policy, refund only.",helpdesk,2799.0,2026-01,2026Q1,Priya Agarwal,Logistics,1,Indore,Morning,VA-EB-PL2,1.0,2799.0,2025-11-08,PL2-2508-1,1480,3499,12,Pulse 2 True Wireless Earbuds,True,False,1820,False,True,"product: my pulse 2
purchased: 08 nov
issue: the parcel looked like it was kicked here from the warehouse, and the unit has a crack
tried: took photos
expected: replacement Refunded Rs 2799. Issue: transit damage. Checked w/ crr for damage claim. -- Cx asked for rplc + refund, explained policy, refund only.",DOA-REPL,0.6086734230234755,False
TK-250720,2026-03-02 13:50:00,2026-03-02 15:19:00,2026-03-02 15:46:00,resolved,email,C101594,,VA-HP-ST3,Billing & Payments,High,Billing,A3035,0,,5599.0,GW-OTHER,N,"To the Vireo Customer Care Team,

I am writing with reference to my order of Strata 3 placed on February 25. The return was accepted but the amount is nowhere in my account. I have emailed twice. I REQUEST YOU TO PROCESS A REFUND TO MY ORIGINAL PAYMENT METHOD.

SINCERELY,
VIVAAN GUPTA",Full rfnd processed (5599). Issue: rfnd delay. Checed reverse pkp QC status.,helpdesk,5599.0,2026-03,2026Q1,Dev Kulkarni,Billing,1,Bengaluru,Day,,,,,,2650,6999,12,Strata 3 Over-Ear Headphones,True,False,2990,False,True,"To the Vireo Customer Care Team,

I am writing with reference to my order of Strata 3 placed on February 25. The return was accepted but the amount is nowhere in my account. I have emailed twice. I REQUEST YOU TO PROCESS A REFUND TO MY ORIGINAL PAYMENT METHOD.

SINCERELY,
VIVAAN GUPTA Full rfnd processed (5599). Issue: rfnd delay. Checed reverse pkp QC status.",RETURN-QC-OK,0.6080999890907324,False
TK-253652,2026-06-02 11:40:00,2026-06-02 12:18:00,2026-06-02 12:45:00,resolved,voice,C107903,VR887383,VA-SW-FIT,Other,Normal,Voice Frontline,A3009,1,,1999.0,GW-OTHER,N,"[IVR transcript] Hello, my Nexa Fit band purchased 2 weeks ago, order VR887383. Double payment deducted. I checked with bank. Nothing changed. How do I get this fixed? Rgds",Reported: duplicate payment. Checked PG for duplicate txn. Transferred to Chat Frontline. Full refund processed (1999). (SOP 4.2),helpdesk,1999.0,2026-06,2026Q2,Sukhwinder Singh,Chat Frontline,1,Indore,Day,VA-SW-FIT,1.0,1999.0,2026-06-01,FIT-2604-1,850,1999,12,Nexa Fit Band,True,False,1190,False,True,"[IVR transcript] Hello, my Nexa Fit band purchased 2 weeks ago, order VR887383. Double payment deducted. I checked with bank. Nothing changed. How do I get this fixed? Rgds Reported: duplicate payment. Checked PG for duplicate txn. Transferred to Chat Frontline. Full refund processed (1999). (SOP 4.2)",DUP-PAYMENT,0.6068723951757788,False
TK-250634,2026-02-27 14:51:00,2026-02-27 15:23:00,2026-02-27 15:38:00,resolved,email,C100346,VR891759,VA-EB-PL2,Returns & Refunds,Normal,Returns Desk,A3036,0,,350.0,GW-OTHER,N,"Hi there, This is regrading pulse 2 buds. I have been sitting at home for 3 days waiting for your courier. I called courier. I want my money back. Thanks & regards","Cx reported reverse pkp pending. Re-raised pkp w/ crr. Refund approved, Rs 350, 5-7 working days. Cx informed.",helpdesk,350.0,2026-02,2026Q1,Ritika D'Souza,Returns Desk,1,Indore,Day,VA-EB-PL2,1.0,3499.0,2026-02-07,PL2-2512-3,1480,3499,12,Pulse 2 True Wireless Earbuds,True,False,1820,False,False,"Hi there, This is regrading pulse 2 buds. I have been sitting at home for 3 days waiting for your courier. I called courier. I want my money back. Thanks & regards Cx reported reverse pkp pending. Re-raised pkp w/ crr. Refund approved, Rs 350, 5-7 working days. Cx informed.",RETURN-QC-OK,0.6062338188754177,False
TK-248794,2026-01-02 13:47:00,2026-01-02 13:51:00,2026-01-05 14:03:00,resolved,chat,C107834,VR905052,VA-AC-CH65,Returns & Refunds,Low,Returns Desk,A3037,0,,1499.0,GW-OTHER,N,"Product: your charger
Order: VR905052
Purchased: 05 Dec
Issue: return pickup has not happened
Tried: rescheduled pickup twice
Expected: fix","refunded rs 1499. issue: pickup not done. re-raised pickup with courier. | replacement was offered earlier by chat team, cx opted for refund. ~Manish",helpdesk,1499.0,2026-01,2026Q1,Manish Iyer,Returns Desk,1,Indore,Morning,VA-AC-CH65,1.0,1499.0,2025-12-05,CH65-2509-3,610,1499,6,65W GaN Charger,True,False,950,False,True,"Product: your charger
Order: VR905052
Purchased: 05 Dec
Issue: return pickup has not happened
Tried: rescheduled pickup twice
Expected: fix refunded rs 1499. issue: pickup not done. re-raised pickup with courier. | replacement was offered earlier by chat team, cx opted for refund. ~Manish",RETURN-QC-OK,0.6060040872241634,False
TK-251274,2026-03-19 22:04:00,2026-03-19 22:06:00,2026-03-21 22:26:00,resolved,chat,C103926,VR888735,VA-EB-PL2,Returns & Refunds,Low,Returns Desk,A3037,0,4.0,2974.0,GW-OTHER,N,"Hi, Bought my Pulse 2 around 10 Mar from vireo.in.  Nobody came for the pickup. I rescheduled pickup twice. What do I do now? Rgds Suresh Naidu","rfnd approved, rs 2974, 5-7 working days. issue: pickup not done. re-raised pickup w/ courier. ~Manish",helpdesk,2974.0,2026-03,2026Q1,Manish Iyer,Returns Desk,1,Indore,Morning,VA-EB-PL2,1.0,2974.0,2026-03-10,PL2-2601-3,1480,3499,12,Pulse 2 True Wireless Earbuds,True,False,1820,False,True,"Hi, Bought my Pulse 2 around 10 Mar from vireo.in.  Nobody came for the pickup. I rescheduled pickup twice. What do I do now? Rgds Suresh Naidu rfnd approved, rs 2974, 5-7 working days. issue: pickup not done. re-raised pickup w/ courier. ~Manish",RETURN-QC-OK,0.6050845440833096,False
TK-246980,2025-11-13 16:16:00,2025-11-14 06:44:00,2025-11-14 07:12:00,resolved,email,C108721,,VA-EB-PL2,Delivery & Shipping,Normal,Logistics,A3031,0,1.0,2799.0,GW-OTHER,N,"teh app said pickup today, that was on 03-11-2025",Refunded Rs 2799. Issue: pickup not done. Checked pickup AWB. Refund issued; replacement not applicable (out of stock).,helpdesk,2799.0,2025-11,2025Q4,Zaid Desai,Logistics,1,Indore,Morning,,,,,,1480,3499,12,Pulse 2 True Wireless Earbuds,True,False,1820,False,True,"teh app said pickup today, that was on 03-11-2025 Refunded Rs 2799. Issue: pickup not done. Checked pickup AWB. Refund issued; replacement not applicable (out of stock).",RETURN-QC-OK,0.6048858001084505,False
TK-249217,2026-01-16 20:50:00,2026-01-16 21:13:00,2026-01-19 21:46:00,resolved,voice,C107701,VR901137,VA-AC-CASE,Billing & Payments,High,Billing,A3035,0,,1104.0,GW-OTHER,N,"not acceptable at this price. spare case purchased 10 days ago, order vr901137. where is the money for the return. i already emailed twice. refund. now.","Cust contacted re rnfd pending. chk rnd status on PG. rfnd approved, Rs 1104, 5-7 working days. Follow-up not required.",helpdesk,1104.0,2026-01,2026Q1,Dev Kulkarni,Billing,1,Bengaluru,Day,VA-AC-CASE,2.0,2208.0,2025-12-31,CASE-2509-2,620,1299,6,Pulse Charging Case (spare),True,False,960,False,True,"not acceptable at this price. spare case purchased 10 days ago, order vr901137. where is the money for the return. i already emailed twice. refund. now. Cust contacted re rnfd pending. chk rnd status on PG. rfnd approved, Rs 1104, 5-7 working days. Follow-up not required.",RETURN-QC-OK,0.6048482590701343,False
TK-251094,2026-03-14 12:15:00,2026-03-14 12:19:00,2026-03-14 12:40:00,resolved,chat,C109041,VR881747,VA-EB-PL2,Billing & Payments,High,Billing,A3033,0,,3499.0,GW-OTHER,N,"To the Vireo Customer Care Team,

I am writing with reference to my order of pulse 2 buds (VR881747) placed on 10/03. Double payment deducted. I have checked with bank. I request you to kindly arrange a replacement.

Regards,
Pranav Singh
Thiruvananthapuram","1. charged twice
2. chk pg for duplicate txn
3. full refund processed (3499)",helpdesk,3499.0,2026-03,2026Q1,Vikram Banerjee,Billing,1,Bengaluru,Morning,VA-EB-PL2,1.0,3499.0,2026-03-10,PL2-2512-1,1480,3499,12,Pulse 2 True Wireless Earbuds,True,False,1820,False,True,"To the Vireo Customer Care Team,

I am writing with reference to my order of pulse 2 buds (VR881747) placed on 10/03. Double payment deducted. I have checked with bank. I request you to kindly arrange a replacement.

Regards,
Pranav Singh
Thiruvananthapuram 1. charged twice
2. chk pg for duplicate txn
3. full refund processed (3499)",DUP-PAYMENT,0.601825155933893,False
TK-252185,2026-04-16 09:17:00,2026-04-16 09:52:00,2026-04-16 10:32:00,resolved,chat,C104559,VR884926,VA-EB-PL2,Audio Quality,Normal,Chat Frontline,A3011,0,,2799.0,GW-OTHER,N,Pathetic experience honestly. Bought Pulse2 around 19/03 from vireo.in. no sound from the right earbud. I already checked balance settings. Escalate this to someone senior.,"New unit shpped under DOA. Issue: no audio one side. Asked cx to chheck bud in case.
Credited full amount, new unit also going out tomorrow.",helpdesk,2799.0,2026-04,2026Q2,Rohit Gill,Chat Frontline,1,Bengaluru,Morning,VA-EB-PL2,1.0,2799.0,2026-03-19,PL2-2512-1,1480,3499,12,Pulse 2 True Wireless Earbuds,True,False,1820,False,True,"Pathetic experience honestly. Bought Pulse2 around 19/03 from vireo.in. no sound from the right earbud. I already checked balance settings. Escalate this to someone senior. New unit shpped under DOA. Issue: no audio one side. Asked cx to chheck bud in case.
Credited full amount, new unit also going out tomorrow.",DOA-REPL,0.6009372117924233,False
TK-248594,2025-12-26 23:26:00,2025-12-26 23:31:00,2025-12-28 00:04:00,resolved,chat,C106746,VR881271,VA-SW-NX1,Billing & Payments,High,Billing,A3033,0,,500.0,GW-OTHER,N,"Hi team, Bought Nexa watch arund 09-12-2025 from Flipkart. Refund was promised 10 days ago and nothing. Please call me on my registered number. Please revert","1. refund pending
2. checked refund status on pg
3. full refund processed (500)
refunded. rplc request rejected as per policy.",helpdesk,500.0,2025-12,2025Q4,Vikram Banerjee,Billing,1,Bengaluru,Morning,VA-SW-NX1,1.0,4999.0,2025-12-09,NX1-2511-3,1900,4999,12,Nexa Smartwatch,True,False,2240,False,False,"Hi team, Bought Nexa watch arund 09-12-2025 from Flipkart. Refund was promised 10 days ago and nothing. Please call me on my registered number. Please revert 1. refund pending
2. checked refund status on pg
3. full refund processed (500)
refunded. rplc request rejected as per policy.",RETURN-QC-OK,0.6005614165071851,False
TK-244642,2025-09-07 15:02:00,2025-09-07 18:51:00,2025-09-10 19:06:00,resolved,email,C101187,,VA-SP-MINI,Returns & Refunds,Normal,Returns Desk,A3036,0,,212400.0,GW-OTHER,N,i have been a loyal customer and this is how you treat me.  bought the mini speaker around 26/08 from amazon. where is the money for the return. i already emailed twice. escalate this to someone senior.,"Contact re refnud delay. Checked refund status on PG. Rfeund approved, Rs 2124, 5-7 workign days. Follow-up not required. (SOP 2.7)",legacy_fd,2124.0,2025-09,2025Q3,Ritika D'Souza,Returns Desk,1,Indore,Day,,,,,,980,2499,12,Orbit Mini Speaker,True,False,1320,False,True,"i have been a loyal customer and this is how you treat me.  bought the mini speaker around 26/08 from amazon. where is the money for the return. i already emailed twice. escalate this to someone senior. Contact re refnud delay. Checked refund status on PG. Rfeund approved, Rs 2124, 5-7 workign days. Follow-up not required. (SOP 2.7)",RETURN-QC-OK,0.6002826664564064,False
TK-244510,2025-09-02 15:57:00,2025-09-02 15:59:00,2025-09-02 16:21:00,resolved,chat,C107013,,VA-SW-FIT,Billing & Payments,Normal,Billing,A3020,2,,199900.0,GW-OTHER,N,"This is very disappointing. This is regarding my Nexa Fit band. money debited but order not showing. I already checked bank statement. I want a replacement or refund, nothing else","cx states payment debited, no ord. asked for utr. transferred to email frontline. refund approved, rs 1999, 5-7 working days.",legacy_fd,1999.0,2025-09,2025Q3,Aadhya Singh,Email Frontline,1,Bengaluru,Morning,,,,,,850,1999,12,Nexa Fit Band,True,False,1190,False,True,"This is very disappointing. This is regarding my Nexa Fit band. money debited but order not showing. I already checked bank statement. I want a replacement or refund, nothing else cx states payment debited, no ord. asked for utr. transferred to email frontline. refund approved, rs 1999, 5-7 working days.",DUP-PAYMENT,0.5994098023774541,False
TK-247560,2025-11-28 15:14:00,2025-11-28 15:34:00,,open,chat,C107275,VR907112,VA-EB-PL2,Delivery & Shipping,High,Logistics,A3030,0,3.0,3149.0,GW-OTHER,N,"sir ji
product arrived damaged
itna paisa diya hai
hello??",Customer reached out - unit received damaged. chk with courier for damage claim. rfnd of Rs 3149 initiated to source. //AIS,helpdesk,3149.0,2025-11,2025Q4,Aishwarya Trivedi,Logistics,1,Indore,Day,VA-EB-PL2,1.0,3149.0,2025-11-17,PL2-2508-3,1480,3499,12,Pulse 2 True Wireless Earbuds,True,False,1820,False,True,"sir ji
product arrived damaged
itna paisa diya hai
hello?? Customer reached out - unit received damaged. chk with courier for damage claim. rfnd of Rs 3149 initiated to source. //AIS",DOA-REPL,0.5991972875264399,False
TK-242715,2025-06-12 13:58:00,2025-06-12 13:59:00,2025-06-13 14:13:00,resolved,chat,C107808,VR901648,VA-SW-FIT,Returns & Refunds,Normal,Returns Desk,A3038,0,,90000.0,GW-OTHER,N,"hello
i have been sitting at home for 3 days waiting for your courier
nexa fit VR901648
pls reply","1. pkp not done
2. Re-raised pkp w/ courier
3. Full refund processed (900)",legacy_fd,900.0,2025-06,2025Q2,Ankit Dhillon,Returns Desk,1,Bengaluru,Morning,VA-SW-FIT,1.0,1799.0,2025-06-02,FIT-2502-1,850,1999,12,Nexa Fit Band,True,False,1190,False,True,"hello
i have been sitting at home for 3 days waiting for your courier
nexa fit VR901648
pls reply 1. pkp not done
2. Re-raised pkp w/ courier
3. Full refund processed (900)",RETURN-QC-OK,0.5991354243638444,False
TK-248537,2025-12-25 14:12:00,2025-12-25 14:33:00,2025-12-25 14:51:00,resolved,voice,C105264,,VA-EB-PL2,Billing & Payments,High,Billing,A3035,0,4.0,3499.0,GW-OTHER,N,[IVR transcript] hii my bakn shoows the sme amount twice on the same day,cx states duplicate payment. conf UTRs. Duplicate refunded to source. Cx informed.,helpdesk,3499.0,2025-12,2025Q4,Dev Kulkarni,Billing,1,Bengaluru,Day,,,,,,1480,3499,12,Pulse 2 True Wireless Earbuds,True,False,1820,False,True,[IVR transcript] hii my bakn shoows the sme amount twice on the same day cx states duplicate payment. conf UTRs. Duplicate refunded to source. Cx informed.,DUP-PAYMENT,0.598444099630893,False
TK-250341,2026-02-19 10:08:00,2026-02-19 10:26:00,2026-02-19 10:42:00,resolved,voice,C104360,VR892545,VA-EB-PL2,Billing & Payments,High,Billing,A3034,0,,499.0,GW-OTHER,N,"[IVR transcript] hey upi shows success, your app shows nothing",see prev (sop 4.2),helpdesk,499.0,2026-02,2026Q1,Tanvi Rathore,Billing,1,Indore,Morning,VA-EB-PL2,1.0,3324.0,2026-02-12,PL2-2512-3,1480,3499,12,Pulse 2 True Wireless Earbuds,True,False,1820,False,False,"[IVR transcript] hey upi shows success, your app shows nothing see prev (sop 4.2)",DUP-PAYMENT,0.5973823228119399,False
TK-250608,2026-02-26 21:24:00,2026-02-26 21:45:00,2026-02-26 22:11:00,resolved,voice,C101467,VR898000,VA-NB-ARC,Billing & Payments,Normal,Billing,A3035,0,4.0,247.0,GW-OTHER,N,"paid once, statement disagrees
VR898000
kindly look into it",Contact re chargged twice. chk PG for duplicate txn. rfnd of Rs 247 initiated to source. Cx satisfied on chat.,helpdesk,247.0,2026-02,2026Q1,Dev Kulkarni,Billing,1,Bengaluru,Day,VA-NB-ARC,1.0,1234.0,2025-07-24,ARC-2506-2,540,1299,12,Arc Neckband,True,False,880,False,False,"paid once, statement disagrees
VR898000
kindly look into it Contact re chargged twice. chk PG for duplicate txn. rfnd of Rs 247 initiated to source. Cx satisfied on chat.",DUP-PAYMENT,0.596971622394746,False
TK-241415,2025-04-05 11:04:00,2025-04-05 14:22:00,2025-04-07 14:52:00,resolved,email,C103034,,VA-SW-NX2,Returns & Refunds,High,Returns Desk,A3036,0,,584900.0,GW-OTHER,N,"I have been sitting at home for 3 days waiting for your courier, please advise",cx states pickup not done. Re-raised pickup w/ courier. Refunded Rs 5849. Will monitor.,legacy_fd,5849.0,2025-04,2025Q2,Ritika D'Souza,Returns Desk,1,Indore,Day,,,,,,2450,6499,12,Nexa 2 Smartwatch,True,False,2790,False,True,"I have been sitting at home for 3 days waiting for your courier, please advise cx states pickup not done. Re-raised pickup w/ courier. Refunded Rs 5849. Will monitor.",RETURN-QC-OK,0.59451636667816,False
TK-253197,2026-05-20 14:56:00,2026-05-20 15:26:00,2026-05-21 15:40:00,resolved,email,C105233,,VA-EB-PL2,Returns & Refunds,Normal,Returns Desk,A3036,0,,3149.0,GW-OTHER,N,"Hi, Bought the Pulse 2 earbuds aroudn 09/05 from vireo.in.  The return was accepted but the amount is nowhere in my account. I checked bank. Can someone fix this? Thanks & rgeards","Contact re rfnd not credited. Checked rfnd status on PG. rfdn approved, Rs 3149, 5-7 working days. Follow-up not required. -- Full rfnd issued and replacement dispatched as goodwill.",helpdesk,3149.0,2026-05,2026Q2,Ritika D'Souza,Returns Desk,1,Indore,Day,,,,,,1480,3499,12,Pulse 2 True Wireless Earbuds,True,False,1820,False,True,"Hi, Bought the Pulse 2 earbuds aroudn 09/05 from vireo.in.  The return was accepted but the amount is nowhere in my account. I checked bank. Can someone fix this? Thanks & rgeards Contact re rfnd not credited. Checked rfnd status on PG. rfdn approved, Rs 3149, 5-7 working days. Follow-up not required. -- Full rfnd issued and replacement dispatched as goodwill.",RETURN-QC-OK,0.5945125701586609,False
TK-249591,2026-01-28 10:23:00,2026-01-28 10:32:00,2026-01-28 11:03:00,resolved,chat,C101017,VR907951,VA-HP-ST3,Connectivity,Low,Chat Frontline,A3011,0,,6299.0,GW-OTHER,N,"everyone on my calls says I sound like I'm underwater, VR907951",FW update adv. Issue: mic not working on calls. chk mic permissions on phone. rfnd done & new unit sent as one-time gesture.,helpdesk,6299.0,2026-01,2026Q1,Rohit Gill,Chat Frontline,1,Bengaluru,Morning,VA-HP-ST3,1.0,6299.0,2026-01-20,ST3-2512-3,2650,6999,12,Strata 3 Over-Ear Headphones,True,False,2990,False,True,"everyone on my calls says I sound like I'm underwater, VR907951 FW update adv. Issue: mic not working on calls. chk mic permissions on phone. rfnd done & new unit sent as one-time gesture.",WTY-BUYBACK,0.5941147223978579,False
TK-246126,2025-10-22 23:12:00,2025-10-23 03:13:00,2025-10-26 04:12:00,closed,email,C105100,VR899211,VA-SW-NX2,Warranty & Repair,Low,Escalations & Warranty,A3039,0,3.0,6499.0,GW-OTHER,N,"touch screen not responding, VR899211","new unit shipped under doa. issue: unresponsive display. walked through hard reset. (sop 3.1) -- refund + rplc, cx escalation avoided. ~Reyansh",helpdesk,6499.0,2025-10,2025Q4,Reyansh Mishra,Escalations & Warranty,2,Bengaluru,Morning,VA-SW-NX2,1.0,6499.0,2025-09-07,NX2-2506-3,2450,6499,12,Nexa 2 Smartwatch,True,False,2790,False,True,"touch screen not responding, VR899211 new unit shipped under doa. issue: unresponsive display. walked through hard reset. (sop 3.1) -- refund + rplc, cx escalation avoided. ~Reyansh",WTY-BUYBACK,0.5937451879512826,False
TK-242253,2025-05-19 15:58:00,2025-05-19 16:12:00,2025-05-19 16:40:00,resolved,chat,C103674,VR892753,VA-EB-AIR,Audio Quality,Normal,Chat Frontline,A3012,0,,152900.0,GW-OTHER,N,"Product: AirLite
Purchased: 26 Oct
Issue: everyone on my calls says I sound like I'm underwater
Tried: checked mic permissions
Expected: callback","customer states low mic pickup. tested on call with cx. fw update advised.
refunded rs 1529 and also raised replacement, cx was very upset.",legacy_fd,1529.0,2025-05,2025Q2,Lakshmi Srivastava,Chat Frontline,1,Bengaluru,Day,VA-EB-AIR,1.0,1529.0,2024-10-26,AIR-2408-3,760,1799,12,AirLite Earbuds,True,False,1100,False,True,"Product: AirLite
Purchased: 26 Oct
Issue: everyone on my calls says I sound like I'm underwater
Tried: checked mic permissions
Expected: callback customer states low mic pickup. tested on call with cx. fw update advised.
refunded rs 1529 and also raised replacement, cx was very upset.",WTY-BUYBACK,0.5932576913057013,False
TK-252577,2026-04-30 10:40:00,2026-04-30 17:33:00,2026-04-30 18:09:00,resolved,email,C100642,VR893557,VA-EB-PL1,Billing & Payments,High,Billing,A3035,0,,2374.0,GW-OTHER,N,"order vr893557 (my pulse).  double payment deducted.
i waited a week. nothing changed.
please resolve asap.",Cx reported double charge. conf UTRs. rfnd of Rs 2374 initiated to source. Follow-up not required.,helpdesk,2374.0,2026-04,2026Q2,Dev Kulkarni,Billing,1,Bengaluru,Day,VA-EB-PL1,1.0,2374.0,2026-04-29,PL1-2603-2,1120,2499,12,Pulse True Wireless Earbuds,True,False,1460,False,True,"order vr893557 (my pulse).  double payment deducted.
i waited a week. nothing changed.
please resolve asap. Cx reported double charge. conf UTRs. rfnd of Rs 2374 initiated to source. Follow-up not required.",DUP-PAYMENT,0.5931332167743251,False
TK-254401,2026-06-26 20:29:00,2026-06-26 20:30:00,2026-07-01 20:49:00,resolved,chat,C100333,,VA-EB-PL2,Delivery & Shipping,High,Logistics,A3030,0,4.0,2799.0,GW-OTHER,N,this is very disappointing.  i bought pulse2 on june 26. package not delivered even after 19 days. i already checked with neighbours. refund. now.,"Contact re dlvry delayed. Raised ticket with courier partner. Courier confirmed dlvry for 29 Jun, cx informed. //AIS",helpdesk,2799.0,2026-06,2026Q2,Aishwarya Trivedi,Logistics,1,Indore,Day,,,,,,1480,3499,12,Pulse 2 True Wireless Earbuds,True,False,1820,False,True,"this is very disappointing.  i bought pulse2 on june 26. package not delivered even after 19 days. i already checked with neighbours. refund. now. Contact re dlvry delayed. Raised ticket with courier partner. Courier confirmed dlvry for 29 Jun, cx informed. //AIS",LOST-TRANSIT,0.5928374154365097,False
TK-243784,2025-08-03 01:18:00,2025-08-03 01:23:00,2025-08-03 01:50:00,resolved,chat,C102710,,VA-EB-PL2,Other,Normal,Chat Frontline,A3017,1,3.0,349900.0,GW-OTHER,N,"I have been a loyal customer and this is how you treat me. This is regarding Pulse 2. two entries of Rs 4999 on my statement for one pair of earbuds. I already checked with bank. I want a replacement or refund, nothing else.",ticket raised for duplicate payment. conf utrs. xfer to email frontline. refunded rs 3499. -KS,legacy_fd,3499.0,2025-08,2025Q3,Kabir Singh,Email Frontline,1,Indore,Night,,,,,,1480,3499,12,Pulse 2 True Wireless Earbuds,True,False,1820,False,True,"I have been a loyal customer and this is how you treat me. This is regarding Pulse 2. two entries of Rs 4999 on my statement for one pair of earbuds. I already checked with bank. I want a replacement or refund, nothing else. ticket raised for duplicate payment. conf utrs. xfer to email frontline. refunded rs 3499. -KS",DUP-PAYMENT,0.5921529538813208,False
TK-240117,2025-01-09 17:53:00,2025-01-09 20:41:00,2025-01-12 20:55:00,resolved,voice,C108964,,VA-HP-ST3,Returns & Refunds,Normal,Returns Desk,A3036,0,3.0,140000.0,GW-OTHER,N,I have been a loyal customer and this is how you treat me.  Bought my Strata 3 headphones around 31-12-2024 from vireo.in. still waiting for my refund. I already emailed twice. Fix this or I am posting on twitter.,Ticet raised for rfnd delay. Checked reverse pkp QC status. Full rfnd processed (1400). Case closed with cx consent.,legacy_fd,1400.0,2025-01,2025Q1,Ritika D'Souza,Returns Desk,1,Indore,Day,,,,,,2650,6999,12,Strata 3 Over-Ear Headphones,True,False,2990,False,True,I have been a loyal customer and this is how you treat me.  Bought my Strata 3 headphones around 31-12-2024 from vireo.in. still waiting for my refund. I already emailed twice. Fix this or I am posting on twitter. Ticet raised for rfnd delay. Checked reverse pkp QC status. Full rfnd processed (1400). Case closed with cx consent.,RETURN-QC-OK,0.5914800634734586,False
TK-253890,2026-06-09 11:43:00,2026-06-09 12:35:00,2026-06-14 12:52:00,resolved,email,C107360,,VA-EB-PL2,Delivery & Shipping,High,Logistics,A3027,0,2.0,3149.0,GW-OTHER,N,"the parcel looked like it was kicked here from the warehouse, and the unit has a crack. CAN SOMEONE FIX THIS?","1. Unit received damaged
2. Checked with crr for damage claim
3. Reverse pkp arranged",helpdesk,3149.0,2026-06,2026Q2,Priya Agarwal,Logistics,1,Indore,Morning,,,,,,1480,3499,12,Pulse 2 True Wireless Earbuds,True,False,1820,False,True,"the parcel looked like it was kicked here from the warehouse, and the unit has a crack. CAN SOMEONE FIX THIS? 1. Unit received damaged
2. Checked with crr for damage claim
3. Reverse pkp arranged",DOA-REPL,0.5906408088598858,False
TK-243486,2025-07-22 20:11:00,2025-07-22 20:37:00,2025-07-22 21:05:00,resolved,social,C105936,VR906346,VA-HP-ST2,Billing & Payments,High,Billing,A3018,1,,225000.0,GW-OTHER,N,"Product: Strata 2
Order: VR906346
Purchased: 10-07-2025
Issue: double payment deducted
Tried: checked with bank
Expected: callback",issue: duplicate payment | confirmed utrs -> refund processed | xfer email frontline ~Krishna,legacy_fd,2250.0,2025-07,2025Q3,Krishna Bhatt,Email Frontline,1,Indore,Day,VA-HP-ST2,1.0,4499.0,2025-07-10,ST2-2504-1,2100,4999,12,Strata 2 Over-Ear Headphones,True,False,2440,False,True,"Product: Strata 2
Order: VR906346
Purchased: 10-07-2025
Issue: double payment deducted
Tried: checked with bank
Expected: callback issue: duplicate payment | confirmed utrs -> refund processed | xfer email frontline ~Krishna",DUP-PAYMENT,0.5905892654803693,False
TK-254285,2026-06-23 09:28:00,2026-06-23 10:49:00,2026-06-23 11:08:00,resolved,social,C107308,VR891204,VA-EB-AIR,Returns & Refunds,Normal,Returns Desk,A3037,0,4.0,270.0,GW-OTHER,N,This is vey disappointing. Got airlite earbuds from vireo.in 3 weeks back. return pickup has not happened. I already rescheduled pickup twice. This is the last time I buy from u,issue: pickup missed | chk pickup awb -> full refund processed (270) ~Manish,helpdesk,270.0,2026-06,2026Q2,Manish Iyer,Returns Desk,1,Indore,Morning,VA-EB-AIR,1.0,1799.0,2026-06-06,AIR-2603-1,760,1799,12,AirLite Earbuds,True,False,1100,False,False,This is vey disappointing. Got airlite earbuds from vireo.in 3 weeks back. return pickup has not happened. I already rescheduled pickup twice. This is the last time I buy from u issue: pickup missed | chk pickup awb -> full refund processed (270) ~Manish,RETURN-QC-OK,0.5904675100282137,False
TK-251863,2026-04-05 12:53:00,2026-04-05 12:57:00,2026-04-05 13:13:00,resolved,chat,C102687,VR893200,VA-HP-ST2,Other,Low,Chat Frontline,A3007,0,5.0,4249.0,GW-OTHER,N,"please cancel, ordered by mistake. vr893200. can someone fix this?",closed,helpdesk,4249.0,2026-04,2026Q2,Abhishek Gupta,Chat Frontline,1,Indore,Morning,VA-HP-ST2,1.0,4249.0,2026-03-31,ST2-2602-1,2100,4999,12,Strata 2 Over-Ear Headphones,True,False,2440,False,True,"please cancel, ordered by mistake. vr893200. can someone fix this? closed",CANCEL,0.5878525818432275,False
TK-251186,2026-03-17 13:24:00,2026-03-17 13:31:00,2026-03-17 13:42:00,resolved,chat,C108259,VR909590,VA-EB-PL2,Returns & Refunds,Normal,Returns Desk,A3038,0,,446.0,GW-OTHER,N,I bought Pulse2 on February 16. Nobody came for the pickup. I rescheduled pickup twice. Nothing changed. Can someone fix this? Thanks in advance Vivaan,"1. Pickup not done
2. Re-raised pickup w/ crr
3. Refund of Rs 446 initiated to source",helpdesk,446.0,2026-03,2026Q1,Ankit Dhillon,Returns Desk,1,Bengaluru,Morning,VA-EB-PL2,1.0,2974.0,2026-02-16,PL2-2511-2,1480,3499,12,Pulse 2 True Wireless Earbuds,True,False,1820,False,False,"I bought Pulse2 on February 16. Nobody came for the pickup. I rescheduled pickup twice. Nothing changed. Can someone fix this? Thanks in advance Vivaan 1. Pickup not done
2. Re-raised pickup w/ crr
3. Refund of Rs 446 initiated to source",RETURN-QC-OK,0.5874063030818774,False
TK-253561,2026-05-30 22:31:00,2026-05-30 22:33:00,2026-05-30 22:54:00,resolved,chat,C106951,VR894334,VA-SP-MINI,Delivery & Shipping,Normal,Logistics,A3028,0,,2124.0,GW-OTHER,N,pickup schedued but no one showed up,ticket raised for reverse pickup pending. re-raised pickup with crr. rfnd processed without pickup as goodwill.,helpdesk,2124.0,2026-05,2026Q2,Sameer Kapoor,Logistics,1,Indore,Morning,VA-SP-MINI,1.0,2124.0,2026-05-24,MINI-2603-4,980,2499,12,Orbit Mini Speaker,True,False,1320,False,True,pickup schedued but no one showed up ticket raised for reverse pickup pending. re-raised pickup with crr. rfnd processed without pickup as goodwill.,RETURN-QC-OK,0.587108923447737,False
TK-246175,2025-10-23 19:13:00,2025-10-23 19:46:00,,pending,voice,C102183,VR887067,VA-HP-ST3,Billing & Payments,High,Billing,A3035,0,,945.0,GW-OTHER,N,"[IVR transcript] mony debited but order not showing, please resovle asap","Contact re paymetn debited, no ord. Asked for UTR. Refunded Rs 945. Case closed w/ cx consent.",helpdesk,945.0,2025-10,2025Q4,Dev Kulkarni,Billing,1,Bengaluru,Day,VA-HP-ST3,1.0,6299.0,2025-09-17,ST3-2508-2,2650,6999,12,Strata 3 Over-Ear Headphones,True,False,2990,False,True,"[IVR transcript] mony debited but order not showing, please resovle asap Contact re paymetn debited, no ord. Asked for UTR. Refunded Rs 945. Case closed w/ cx consent.",DUP-PAYMENT,0.5867052076907827,False
TK-251284,2026-03-20 08:56:00,2026-03-20 09:05:00,2026-03-21 09:26:00,resolved,voice,C101753,,VA-EB-PL2,Delivery & Shipping,Normal,Logistics,A3031,0,3.0,1662.0,GW-OTHER,Y,"Hi there, Bought my Pulse 2 around 15-03-2026 from Amazon. The parcel looked like it was kicked here from the warehouse, and the unit has a crack. I took photos. Honestly regretting this purchase. How do I get this fixed? Please revert, Bhavna Joshi","Refund approved, Rs 1662, 5-7 working days. Issue: transit damage. Photos received, damage confirmed.",helpdesk,1662.0,2026-03,2026Q1,Zaid Desai,Logistics,1,Indore,Morning,,,,,,1480,3499,12,Pulse 2 True Wireless Earbuds,True,True,1820,False,True,"Hi there, Bought my Pulse 2 around 15-03-2026 from Amazon. The parcel looked like it was kicked here from the warehouse, and the unit has a crack. I took photos. Honestly regretting this purchase. How do I get this fixed? Please revert, Bhavna Joshi Refund approved, Rs 1662, 5-7 working days. Issue: transit damage. Photos received, damage confirmed.",DOA-REPL,0.5861983305644219,False
TK-246876,2025-11-10 21:56:00,2025-11-10 21:56:00,2025-11-10 22:12:00,resolved,chat,C106920,,VA-HP-ST3,Delivery & Shipping,Normal,Logistics,A3030,0,3.0,5949.0,GW-OTHER,Y,"namaste, got my strata 3 headphones from vireo.in a month ago. order not delivered, tracking not updating. i checked the tracking page daily. please help. thanks in advance,",Cx says ord not delivered. chk AWB with crr. Re-shipped from warehouse. | Full refund issued & replacement dispatched as goodwill. //AIS,helpdesk,5949.0,2025-11,2025Q4,Aishwarya Trivedi,Logistics,1,Indore,Day,,,,,,2650,6999,12,Strata 3 Over-Ear Headphones,True,True,2990,False,True,"namaste, got my strata 3 headphones from vireo.in a month ago. order not delivered, tracking not updating. i checked the tracking page daily. please help. thanks in advance, Cx says ord not delivered. chk AWB with crr. Re-shipped from warehouse. | Full refund issued & replacement dispatched as goodwill. //AIS",LOST-TRANSIT,0.5858808569214987,False
TK-246642,2025-11-05 11:21:00,2025-11-06 06:24:00,,open,email,C102724,,VA-AC-CASE,Billing & Payments,High,Billing,A3032,0,,584.0,GW-OTHER,N,"Product: the charging case I ordered
Purchased: 27/10
Issue: payment went through but I got no order id
Tried: tried logging out and in
Expected: resolution",see prev ~Sneha,helpdesk,584.0,2025-11,2025Q4,Sneha Bansal,Billing,1,Indore,Morning,,,,,,620,1299,6,Pulse Charging Case (spare),True,False,960,False,True,"Product: the charging case I ordered
Purchased: 27/10
Issue: payment went through but I got no order id
Tried: tried logging out and in
Expected: resolution see prev ~Sneha",DUP-PAYMENT,0.5858504067220162,False
TK-250764,2026-03-03 10:49:00,2026-03-03 11:17:00,2026-03-04 11:37:00,resolved,chat,C100817,,VA-EB-PL2,Returns & Refunds,Normal,Returns Desk,A3037,0,,3499.0,GW-OTHER,N,"I have been sitting at home for 3 days waiting for your courier, please caall me on my registered numbber","1. pkp missed
2. re-raised pkp with courier
3. full rfnd processed (3499)
refunded. replacement request rejected as per policy. ~Manish",helpdesk,3499.0,2026-03,2026Q1,Manish Iyer,Returns Desk,1,Indore,Morning,,,,,,1480,3499,12,Pulse 2 True Wireless Earbuds,True,False,1820,False,True,"I have been sitting at home for 3 days waiting for your courier, please caall me on my registered numbber 1. pkp missed
2. re-raised pkp with courier
3. full rfnd processed (3499)
refunded. replacement request rejected as per policy. ~Manish",RETURN-QC-OK,0.5855399276457404,False
TK-253941,2026-06-10 22:15:00,2026-06-11 18:08:00,2026-06-11 18:22:00,closed,social,C107787,VR900816,VA-SP-ORB,Delivery & Shipping,Low,Logistics,A3030,0,2.0,900.0,GW-OTHER,N,"hi, got my orbit from amazon last week. package not delivered even after 8 days. i checked with neighbours. what do i do now?",Customer states shipment not received. chk AWB with courier. Refunded Rs 900. //AIS,helpdesk,900.0,2026-06,2026Q2,Aishwarya Trivedi,Logistics,1,Indore,Day,VA-SP-ORB,1.0,5999.0,2026-06-07,ORB-2602-2,2300,5999,12,Orbit Smart Speaker,True,False,2640,False,True,"hi, got my orbit from amazon last week. package not delivered even after 8 days. i checked with neighbours. what do i do now? Customer states shipment not received. chk AWB with courier. Refunded Rs 900. //AIS",LOST-TRANSIT,0.5844667180181204,False
TK-252604,2026-05-01 08:14:00,2026-05-01 08:31:00,2026-05-03 09:00:00,resolved,voice,C109454,VR909911,VA-EB-PL2,Returns & Refunds,Normal,Returns Desk,A3037,0,3.0,3499.0,GW-OTHER,N,This is very disappointing.  Got Pulse2 from vireo.in in April. where is the money for the return. I already emailed twice. Fix this or I am posting on twitter.,arn shared with cx. issue: rfnd not credited. chk rfnd status on pg.,helpdesk,3499.0,2026-05,2026Q2,Manish Iyer,Returns Desk,1,Indore,Morning,VA-EB-PL2,1.0,3499.0,2026-04-02,PL2-2603-2,1480,3499,12,Pulse 2 True Wireless Earbuds,True,False,1820,False,True,This is very disappointing.  Got Pulse2 from vireo.in in April. where is the money for the return. I already emailed twice. Fix this or I am posting on twitter. arn shared with cx. issue: rfnd not credited. chk rfnd status on pg.,RETURN-QC-OK,0.5841957945050873,False
TK-250094,2026-02-12 14:37:00,2026-02-12 15:00:00,2026-02-12 15:18:00,resolved,email,C105517,VR882222,VA-SP-MINI,Billing & Payments,Normal,Billing,A3035,0,3.0,2124.0,GW-OTHER,N,"Very poor quality. This is regarding Orbit Mini. my son ordered this without asking, please reverse. I already tred cncel button, grreyed out. Refund. Now.",Cx says cancellation request. Cancelled before dispatch. rfnd of Rs 2124 initiated to source. Follow-up not required.,helpdesk,2124.0,2026-02,2026Q1,Dev Kulkarni,Billing,1,Bengaluru,Day,VA-SP-MINI,1.0,2124.0,2026-02-07,MINI-2601-1,980,2499,12,Orbit Mini Speaker,True,False,1320,False,True,"Very poor quality. This is regarding Orbit Mini. my son ordered this without asking, please reverse. I already tred cncel button, grreyed out. Refund. Now. Cx says cancellation request. Cancelled before dispatch. rfnd of Rs 2124 initiated to source. Follow-up not required.",CANCEL,0.5838151071122419,False
TK-244323,2025-08-25 20:28:00,2025-08-25 22:15:00,2025-08-25 22:32:00,resolved,social,C105743,VR891943,VA-SP-ORB,Billing & Payments,High,Billing,A3032,0,,81000.0,GW-OTHER,N,"dear team, this is regarding orbit speaker. card charged two times. how do i get this fixed? thank you","1. charged twice
2. confirmed utrs
3. refunded rs 810 ~Sneha",legacy_fd,810.0,2025-08,2025Q3,Sneha Bansal,Billing,1,Indore,Morning,VA-SP-ORB,1.0,5399.0,2025-08-23,ORB-2506-1,2300,5999,12,Orbit Smart Speaker,True,False,2640,False,True,"dear team, this is regarding orbit speaker. card charged two times. how do i get this fixed? thank you 1. charged twice
2. confirmed utrs
3. refunded rs 810 ~Sneha",DUP-PAYMENT,0.5830959221691638,False
TK-251031,2026-03-12 19:42:00,2026-03-12 19:48:00,2026-03-12 20:15:00,resolved,chat,C102393,VR902518,VA-HP-ST3,Charging & Battery,Normal,Chat Frontline,A3014,0,,6649.0,GW-OTHER,Y,"sir ji
battery draining even when not in use
strata 3 VR902518
pls reply",Replacement raised after test. Issue: poor battery backup. Checked usage pattern w/ cx. | Reversed the payment & dispatched a new one under RMA. -AD,helpdesk,6649.0,2026-03,2026Q1,Anjali D'Souza,Chat Frontline,1,Bengaluru,Day,VA-HP-ST3,1.0,6649.0,2026-02-08,ST3-2601-4,2650,6999,12,Strata 3 Over-Ear Headphones,True,True,2990,False,True,"sir ji
battery draining even when not in use
strata 3 VR902518
pls reply Replacement raised after test. Issue: poor battery backup. Checked usage pattern w/ cx. | Reversed the payment & dispatched a new one under RMA. -AD",WTY-BUYBACK,0.582394855018373,False
TK-242786,2025-06-16 13:58:00,2025-06-16 18:50:00,2025-06-16 19:14:00,resolved,email,C106779,,VA-SW-NX2,Returns & Refunds,Normal,Returns Desk,A3036,0,4.0,6499.0,GW-OTHER,N,"helo
refnd not recieved yet
??","Cust contacted re refund not credited. chk refund status on PG. Full refund processed (6499). Cx satisfied on chat. -- rplc declined by cx, refund issued instead.",helpdesk,6499.0,2025-06,2025Q2,Ritika D'Souza,Returns Desk,1,Indore,Day,,,,,,2450,6499,12,Nexa 2 Smartwatch,True,False,2790,False,True,"helo
refnd not recieved yet
?? Cust contacted re refund not credited. chk refund status on PG. Full refund processed (6499). Cx satisfied on chat. -- rplc declined by cx, refund issued instead.",RETURN-QC-OK,0.5813961170015418,False
TK-248991,2026-01-08 20:33:00,2026-01-08 23:50:00,2026-01-09 00:18:00,closed,social,C106653,VR902991,VA-SP-MINI,Billing & Payments,High,Billing,A3034,0,3.0,1000.0,GW-OTHER,N,"hey
card charged two times
??",closed (sop 2.7),helpdesk,1000.0,2026-01,2026Q1,Tanvi Rathore,Billing,1,Indore,Morning,VA-SP-MINI,2.0,4998.0,2026-01-02,MINI-2511-1,980,2499,12,Orbit Mini Speaker,True,False,1320,False,True,"hey
card charged two times
?? closed (sop 2.7)",DUP-PAYMENT,0.581314607127365,False
TK-244561,2025-09-04 16:04:00,2025-09-04 16:11:00,2025-09-04 16:49:00,resolved,chat,C108716,VR904924,VA-EB-PL1,Billing & Payments,High,Billing,A3035,0,,249900.0,GW-OTHER,N,"To the Vireo Customer Care Team,

I am writing with reference to my order of the Pulse buds placed on 30/08. Payment was deducted but no order was created. I have checked bank statement. I request you to provide a resolution within 3 working days.

Sincerely,
Thomas Ghosh",Cusst contacted re failed order aftter payment. conf w/ payment gateway. Refunded Rs 2499. Cx satisfied on chat.,legacy_fd,2499.0,2025-09,2025Q3,Dev Kulkarni,Billing,1,Bengaluru,Day,VA-EB-PL1,1.0,2499.0,2025-08-30,PL1-2505-2,1120,2499,12,Pulse True Wireless Earbuds,True,False,1460,False,True,"To the Vireo Customer Care Team,

I am writing with reference to my order of the Pulse buds placed on 30/08. Payment was deducted but no order was created. I have checked bank statement. I request you to provide a resolution within 3 working days.

Sincerely,
Thomas Ghosh Cusst contacted re failed order aftter payment. conf w/ payment gateway. Refunded Rs 2499. Cx satisfied on chat.",DUP-PAYMENT,0.5805551061113389,False
TK-242047,2025-05-08 11:43:00,2025-05-08 13:50:00,2025-05-10 14:06:00,resolved,email,C109198,VR909973,VA-SP-MINI,Returns & Refunds,High,Returns Desk,A3037,0,,199900.0,GW-OTHER,N,"dear sir/madam,

i am writing with reference to my order of orbit mini (vr909973) placed on april 20. i have been sitting at home for 3 days waiting for yoru courier. i have called courier. i request u to kindly arrange a replacement.

sincerely,
ramesh pandey","refund approved, rs 1999, 5-7 working days. issue: reverse pickup pending. re-raised pickup w/ courier. | offered replacement, cx preferred refund. refund processed. ~Manish",legacy_fd,1999.0,2025-05,2025Q2,Manish Iyer,Returns Desk,1,Indore,Morning,VA-SP-MINI,1.0,1999.0,2025-04-20,MINI-2503-1,980,2499,12,Orbit Mini Speaker,True,False,1320,False,True,"dear sir/madam,

i am writing with reference to my order of orbit mini (vr909973) placed on april 20. i have been sitting at home for 3 days waiting for yoru courier. i have called courier. i request u to kindly arrange a replacement.

sincerely,
ramesh pandey refund approved, rs 1999, 5-7 working days. issue: reverse pickup pending. re-raised pickup w/ courier. | offered replacement, cx preferred refund. refund processed. ~Manish",RETURN-QC-OK,0.5801979975996772,False
TK-241062,2025-03-16 14:08:00,2025-03-16 15:16:00,2025-03-16 15:31:00,resolved,email,C106872,,VA-HP-ST3,Connectivity,Normal,Email Frontline,A3018,0,,699900.0,GW-OTHER,Y,"hi team,
this is regarding my strata 3 headphones.  bluetooth pairing fails every time.
i restarted the phone. nothing changed.
i want a replacement.
thanks & regards, zoya","cx: pairing failure | checked phone os version -> reset done, paired ok. -- Both refund and replacement given as cx threatened social media. ~Krishna",legacy_fd,6999.0,2025-03,2025Q1,Krishna Bhatt,Email Frontline,1,Indore,Day,,,,,,2650,6999,12,Strata 3 Over-Ear Headphones,True,True,2990,False,True,"hi team,
this is regarding my strata 3 headphones.  bluetooth pairing fails every time.
i restarted the phone. nothing changed.
i want a replacement.
thanks & regards, zoya cx: pairing failure | checked phone os version -> reset done, paired ok. -- Both refund and replacement given as cx threatened social media. ~Krishna",WTY-BUYBACK,0.5801005978532626,False
TK-240649,2025-02-20 13:32:00,2025-02-21 01:06:00,2025-02-22 01:17:00,resolved,email,C100132,,VA-HP-ST2,Returns & Refunds,Normal,Returns Desk,A3038,0,5.0,475.0,GW-OTHER,N,"hi team, i bought strta 2 on 28 jan. i have beeen sitting at hoem for 3 days waiting for ur courier. i caleld courier. nothing changed. i want my money back. rgds, zoya chopra","1. Reverse pickup pending
2. Checked pickup AWB
3. Refund of Rs 475 initiated to source",helpdesk,475.0,2025-02,2025Q1,Ankit Dhillon,Returns Desk,1,Bengaluru,Morning,,,,,,2100,4999,12,Strata 2 Over-Ear Headphones,True,False,2440,False,False,"hi team, i bought strta 2 on 28 jan. i have beeen sitting at hoem for 3 days waiting for ur courier. i caleld courier. nothing changed. i want my money back. rgds, zoya chopra 1. Reverse pickup pending
2. Checked pickup AWB
3. Refund of Rs 475 initiated to source",RETURN-QC-OK,0.5792648070646829,False
TK-250422,2026-02-21 15:18:00,2026-02-21 18:38:00,2026-02-21 18:57:00,resolved,social,C103997,VR887607,VA-SW-NX1,Billing & Payments,High,Billing,A3035,0,5.0,4999.0,GW-OTHER,N,"Hi team, I bought Nexa watch on 20-02-2026. Two entries of Rs 2499 on my statement for one pair of earbuds. I waited a week. Please call me on my registred number. Please revert Abhishek Mittal",Cust contacted re double charge. conf UTRs. Full rfnd processed (4999). Cx satisfied on chat.,helpdesk,4999.0,2026-02,2026Q1,Dev Kulkarni,Billing,1,Bengaluru,Day,VA-SW-NX1,1.0,4999.0,2026-02-20,NX1-2512-4,1900,4999,12,Nexa Smartwatch,True,False,2240,False,True,"Hi team, I bought Nexa watch on 20-02-2026. Two entries of Rs 2499 on my statement for one pair of earbuds. I waited a week. Please call me on my registred number. Please revert Abhishek Mittal Cust contacted re double charge. conf UTRs. Full rfnd processed (4999). Cx satisfied on chat.",DUP-PAYMENT,0.5790526734830758,False
TK-240530,2025-02-11 09:30:00,2025-02-11 09:32:00,2025-02-12 09:48:00,resolved,chat,C106848,,VA-EB-AIR,Returns & Refunds,Normal,Returns Desk,A3038,0,,36000.0,GW-OTHER,N,"Hey, Bought teh AirLite buds around 25-01-2025 from vireo.in. The app said pickup today, that was on 25-01-2025. I rescheduled pickup twice. Nothing changed. How do I get this fixed?",cx: reverse pickup pending | checked pickup awb -> refunded rs 360,legacy_fd,360.0,2025-02,2025Q1,Ankit Dhillon,Returns Desk,1,Bengaluru,Morning,,,,,,760,1799,12,AirLite Earbuds,True,False,1100,False,False,"Hey, Bought teh AirLite buds around 25-01-2025 from vireo.in. The app said pickup today, that was on 25-01-2025. I rescheduled pickup twice. Nothing changed. How do I get this fixed? cx: reverse pickup pending | checked pickup awb -> refunded rs 360",RETURN-QC-OK,0.5787271865443026,False
TK-249896,2026-02-06 15:59:00,2026-02-06 16:02:00,2026-02-06 16:29:00,resolved,chat,C105449,VR892907,VA-SP-MINI,Returns & Refunds,Normal,Returns Desk,A3036,0,,2499.0,GW-OTHER,N,"namaste,
i bought the mni speaker on 26 mar. the return was accepted but the amount is nowhere in my account.
what do i do now?
rgds","1. rfnd delay
2. Checked reverse pkp QC status
3. rfdn of Rs 2499 initiated to source. -- Money back to source and a fresh pair shipped.",helpdesk,2499.0,2026-02,2026Q1,Ritika D'Souza,Returns Desk,1,Indore,Day,VA-SP-MINI,1.0,2499.0,2025-03-26,MINI-2501-4,980,2499,12,Orbit Mini Speaker,True,False,1320,False,True,"namaste,
i bought the mni speaker on 26 mar. the return was accepted but the amount is nowhere in my account.
what do i do now?
rgds 1. rfnd delay
2. Checked reverse pkp QC status
3. rfdn of Rs 2499 initiated to source. -- Money back to source and a fresh pair shipped.",RETURN-QC-OK,0.5783119234244049,False
TK-252020,2026-04-09 17:41:00,2026-04-09 18:15:00,2026-04-12 18:33:00,closed,email,C101498,VR887429,VA-EB-PL2,Returns & Refunds,Normal,Returns Desk,A3036,0,,3499.0,GW-OTHER,N,Bought pules 2 buds around March 16 from vireo.in. Packed the box a week ago and it's still here. I called courier. Please advise. Thank you,Cx says pkp not done. Checked pkp AWB. Refunded Rs 3499. Cx satisfied on chat. | Refunded. Replacement request rejected as per policy.,helpdesk,3499.0,2026-04,2026Q2,Ritika D'Souza,Returns Desk,1,Indore,Day,VA-EB-PL2,1.0,3499.0,2026-03-16,PL2-2512-1,1480,3499,12,Pulse 2 True Wireless Earbuds,True,False,1820,False,True,Bought pules 2 buds around March 16 from vireo.in. Packed the box a week ago and it's still here. I called courier. Please advise. Thank you Cx says pkp not done. Checked pkp AWB. Refunded Rs 3499. Cx satisfied on chat. | Refunded. Replacement request rejected as per policy.,RETURN-QC-OK,0.5781700919689231,False
TK-243895,2025-08-07 10:26:00,2025-08-07 12:13:00,2025-08-10 12:27:00,resolved,social,C101763,,VA-EB-PL1,Returns & Refunds,Low,Returns Desk,A3037,0,4.0,33700.0,GW-OTHER,N,"To the Vireo Customer Care Team,

I am writing with reference to my order of my Pulse placed on July 15.  I have been sitting at home for 3 days waiting for your courier. I have rescheduled pickup twice. I request you to look into this matter at the earliest.

Yours faithfully,
Reyansh Mathew",full refund processed (337). issue: reverse pickup pending. chk pickup awb. ~Manish,legacy_fd,337.0,2025-08,2025Q3,Manish Iyer,Returns Desk,1,Indore,Morning,,,,,,1120,2499,12,Pulse True Wireless Earbuds,True,False,1460,False,False,"To the Vireo Customer Care Team,

I am writing with reference to my order of my Pulse placed on July 15.  I have been sitting at home for 3 days waiting for your courier. I have rescheduled pickup twice. I request you to look into this matter at the earliest.

Yours faithfully,
Reyansh Mathew full refund processed (337). issue: reverse pickup pending. chk pickup awb. ~Manish",RETURN-QC-OK,0.5771198730721587,False
TK-246915,2025-11-12 07:04:00,2025-11-12 13:24:00,2025-11-12 13:57:00,resolved,email,C108797,,VA-SP-MINI,Returns & Refunds,Normal,Returns Desk,A3037,0,3.0,500.0,GW-OTHER,N,"Dear Sir/Madam,

I am writing with reference to my order of orbit mini placed on 24/10. Still waiting for my refund. I have checked bank. I request you to look into this mtter at the earliest.

Regards,
Payla Naidu",refund of rs 500 initiated to source. issue: refund pending. checked refund status on pg.,helpdesk,500.0,2025-11,2025Q4,Manish Iyer,Returns Desk,1,Indore,Morning,,,,,,980,2499,12,Orbit Mini Speaker,True,False,1320,False,False,"Dear Sir/Madam,

I am writing with reference to my order of orbit mini placed on 24/10. Still waiting for my refund. I have checked bank. I request you to look into this mtter at the earliest.

Regards,
Payla Naidu refund of rs 500 initiated to source. issue: refund pending. checked refund status on pg.",RETURN-QC-OK,0.576556897954813,False
TK-241788,2025-04-24 08:21:00,2025-04-24 08:22:00,2025-04-25 08:50:00,resolved,chat,C106470,VR903500,VA-SP-ORB,Billing & Payments,High,Billing,A3033,0,3.0,569900.0,GW-OTHER,N,"the Orbit smart speaker purchasd last month, ordder VR903500. Refund was proimsed 13 days ago and nothing.
Pease call me on my registered number.
Thanks in advance Yash Dhillon","1. refund not credited
2. checked reverse pkp qc status
3. refund reprocessed. full refund issued and replacement dispatched as goodwill.",legacy_fd,5699.0,2025-04,2025Q2,Vikram Banerjee,Billing,1,Bengaluru,Morning,VA-SP-ORB,1.0,5699.0,2025-03-28,ORB-2412-4,2300,5999,12,Orbit Smart Speaker,True,False,2640,False,True,"the Orbit smart speaker purchasd last month, ordder VR903500. Refund was proimsed 13 days ago and nothing.
Pease call me on my registered number.
Thanks in advance Yash Dhillon 1. refund not credited
2. checked reverse pkp qc status
3. refund reprocessed. full refund issued and replacement dispatched as goodwill.",RETURN-QC-OK,0.5765503163084978,False
TK-245136,2025-09-24 16:32:00,2025-09-26 21:01:00,2025-09-28 21:27:00,resolved,email,C101109,VR880579,VA-EB-PL2,Returns & Refunds,Normal,Returns Desk,A3036,0,,1487.0,GW-OTHER,N,Honestly regretting this purchase. I bougt my Pulse 2 on 16-09-2025. nobody came for the pickup. I aready called courier. Refund. Now.,"Cust contacted re pickup missed. Checked pickup AWB. Refund approved, Rs 1487, 5-7 worikng days. Closing. (SOP 5.4)",helpdesk,1487.0,2025-09,2025Q3,Ritika D'Souza,Returns Desk,1,Indore,Day,VA-EB-PL2,1.0,2974.0,2025-09-16,PL2-2506-4,1480,3499,12,Pulse 2 True Wireless Earbuds,True,False,1820,False,True,"Honestly regretting this purchase. I bougt my Pulse 2 on 16-09-2025. nobody came for the pickup. I aready called courier. Refund. Now. Cust contacted re pickup missed. Checked pickup AWB. Refund approved, Rs 1487, 5-7 worikng days. Closing. (SOP 5.4)",RETURN-QC-OK,0.576494714185567,False
TK-243738,2025-08-01 10:11:00,2025-08-01 14:22:00,2025-08-03 14:50:00,resolved,email,C105636,VR897206,VA-SW-NX1,Returns & Refunds,Low,Returns Desk,A3036,0,3.0,499900.0,GW-OTHER,N,"Hi,
This is regarding my Nexa. The parcel looked like it was kicked here from the warehouse, and the unit has a crack.
I took photos. Nothing changed.
Kindly look into it.","1. Transit damage
2. Checked witth courier for damage claim
3. Refund of Rs 4999 initiated to source (SOP 5.4) -- Replacement declined by cx, refund issued instead.",legacy_fd,4999.0,2025-08,2025Q3,Ritika D'Souza,Returns Desk,1,Indore,Day,VA-SW-NX1,1.0,4999.0,2025-07-25,NX1-2504-1,1900,4999,12,Nexa Smartwatch,True,False,2240,False,True,"Hi,
This is regarding my Nexa. The parcel looked like it was kicked here from the warehouse, and the unit has a crack.
I took photos. Nothing changed.
Kindly look into it. 1. Transit damage
2. Checked witth courier for damage claim
3. Refund of Rs 4999 initiated to source (SOP 5.4) -- Replacement declined by cx, refund issued instead.",DOA-REPL,0.5756464126399133,False
TK-249067,2026-01-11 14:54:00,2026-01-11 16:37:00,2026-01-11 16:54:00,resolved,email,C104003,,VA-HP-ST3,Returns & Refunds,High,Returns Desk,A3036,0,4.0,6999.0,GW-OTHER,N,"Product: the strata 3
Order: VR902188
Purchased: 20/12
Issue: packed the box a week ago and it's still here
Tried: called courier
Expected: callback",Cx reported pkp missed. Re-raised pkp with courier. rfnd of Rs 6999 initiated to source. Case closed with cx consent. (SOP 4.2),helpdesk,6999.0,2026-01,2026Q1,Ritika D'Souza,Returns Desk,1,Indore,Day,,,,,,2650,6999,12,Strata 3 Over-Ear Headphones,True,False,2990,False,True,"Product: the strata 3
Order: VR902188
Purchased: 20/12
Issue: packed the box a week ago and it's still here
Tried: called courier
Expected: callback Cx reported pkp missed. Re-raised pkp with courier. rfnd of Rs 6999 initiated to source. Case closed with cx consent. (SOP 4.2)",RETURN-QC-OK,0.5754290699757798,False
TK-240856,2025-03-04 20:39:00,2025-03-04 21:09:00,2025-03-05 21:31:00,resolved,email,C108778,VR903415,VA-EB-AIR,Returns & Refunds,High,Returns Desk,A3036,0,,179900.0,GW-OTHER,N,"helo ji
i hvae been sitting at home for 3 days waiting for yuor couier
itna paisa diya hai
hello??","Customer reached out - pcikup missed. chk pickup AWB. rfnd of Rs 1799 initiated to source. Cx informed. (SOP 4.2) | Offered replacement, cx preferred rfnd. rfnd processed.",legacy_fd,1799.0,2025-03,2025Q1,Ritika D'Souza,Returns Desk,1,Indore,Day,VA-EB-AIR,1.0,1799.0,2025-02-26,AIR-2411-1,760,1799,12,AirLite Earbuds,True,False,1100,False,True,"helo ji
i hvae been sitting at home for 3 days waiting for yuor couier
itna paisa diya hai
hello?? Customer reached out - pcikup missed. chk pickup AWB. rfnd of Rs 1799 initiated to source. Cx informed. (SOP 4.2) | Offered replacement, cx preferred rfnd. rfnd processed.",RETURN-QC-OK,0.5738858907245624,False
TK-247350,2025-11-22 20:56:00,2025-11-22 21:27:00,2025-11-24 21:40:00,resolved,voice,C102824,VR890981,VA-SW-NX2,Returns & Refunds,Normal,Returns Desk,A3036,0,3.0,5199.0,GW-OTHER,N,"[IVR transcript] Hello, I bought the Nexa 2 on 08 Nov.  Still waiting for my refund. Please call me on my registered number. Thanks & regards Vivaan Jain","Cx says refund not credited. chk refund status on PG. Full refunnd processed (5199). Will monitor. (SOP 5.4)
Offered replacement, cx preferred refund. Refund processed.",helpdesk,5199.0,2025-11,2025Q4,Ritika D'Souza,Returns Desk,1,Indore,Day,VA-SW-NX2,1.0,5199.0,2025-11-08,NX2-2510-4,2450,6499,12,Nexa 2 Smartwatch,True,False,2790,False,True,"[IVR transcript] Hello, I bought the Nexa 2 on 08 Nov.  Still waiting for my refund. Please call me on my registered number. Thanks & regards Vivaan Jain Cx says refund not credited. chk refund status on PG. Full refunnd processed (5199). Will monitor. (SOP 5.4)
Offered replacement, cx preferred refund. Refund processed.",RETURN-QC-OK,0.5731861921665933,False
TK-240951,2025-03-09 21:22:00,2025-03-09 21:30:00,2025-03-14 21:49:00,resolved,chat,C108431,VR891930,VA-HP-ST2,Delivery & Shipping,High,Logistics,A3034,1,,449900.0,GW-OTHER,N,"Namaste, Order VR891930 (Strata 2). Box was crushed and the Strata 2 is cracked. I refused nothing as I didn't notice till later. This is very disappointing. Please help. Thanks in advance, Amit",as discussed (sop 5.4),legacy_fd,4499.0,2025-03,2025Q1,Tanvi Rathore,Billing,1,Indore,Morning,VA-HP-ST2,1.0,4499.0,2025-02-24,ST2-2501-2,2100,4999,12,Strata 2 Over-Ear Headphones,True,False,2440,False,True,"Namaste, Order VR891930 (Strata 2). Box was crushed and the Strata 2 is cracked. I refused nothing as I didn't notice till later. This is very disappointing. Please help. Thanks in advance, Amit as discussed (sop 5.4)",DOA-REPL,0.573080996175104,False
TK-249213,2026-01-16 20:20:00,2026-01-16 20:27:00,2026-01-16 21:01:00,resolved,chat,C105366,,VA-SW-FIT,Billing & Payments,High,Billing,A3035,0,,180.0,GW-OTHER,N,"Product: my Nexa Fit band
Purchased: 09/01
Issue: double payment deducted
Tried: checked with bank
Expected: fix",Reported: double charge. conf UTRs. Refunded Rs 180. Closing.,helpdesk,180.0,2026-01,2026Q1,Dev Kulkarni,Billing,1,Bengaluru,Day,,,,,,850,1999,12,Nexa Fit Band,True,False,1190,False,False,"Product: my Nexa Fit band
Purchased: 09/01
Issue: double payment deducted
Tried: checked with bank
Expected: fix Reported: double charge. conf UTRs. Refunded Rs 180. Closing.",DUP-PAYMENT,0.5724620141251998,False
TK-246391,2025-10-29 16:50:00,2025-10-29 23:11:00,2025-10-29 23:31:00,resolved,email,C107820,,VA-EB-PL2,Other,Normal,Email Frontline,A3017,0,4.0,3149.0,GW-OTHER,N,"hello, got pulse 2 from amazon recently.  want to cancel my order. kindly look into it. regards, komal",reported: ord cancellation. chk shipment status. rfnd of rs 3149 initiated to source.,helpdesk,3149.0,2025-10,2025Q4,Kabir Singh,Email Frontline,1,Indore,Night,,,,,,1480,3499,12,Pulse 2 True Wireless Earbuds,True,False,1820,False,True,"hello, got pulse 2 from amazon recently.  want to cancel my order. kindly look into it. regards, komal reported: ord cancellation. chk shipment status. rfnd of rs 3149 initiated to source.",CANCEL,0.5720385797167286,False
TK-248237,2025-12-16 12:23:00,2025-12-16 14:36:00,2025-12-18 15:01:00,resolved,email,C108520,,VA-EB-PL2,Returns & Refunds,Normal,Returns Desk,A3036,0,,3499.0,GW-OTHER,N,Not acceptable at this price. This is regarding my Pulse 2. refund not received yet. I already emailed twice. Fix this or I am posting on twitter,Ticket raised for refund pending. Checked refund status on PG. Refund of Rs 3499 initiated to source. Cx informed.,helpdesk,3499.0,2025-12,2025Q4,Ritika D'Souza,Returns Desk,1,Indore,Day,,,,,,1480,3499,12,Pulse 2 True Wireless Earbuds,True,False,1820,False,True,Not acceptable at this price. This is regarding my Pulse 2. refund not received yet. I already emailed twice. Fix this or I am posting on twitter Ticket raised for refund pending. Checked refund status on PG. Refund of Rs 3499 initiated to source. Cx informed.,RETURN-QC-OK,0.5693680404786513,False
TK-241220,2025-03-26 13:23:00,2025-03-26 13:27:00,2025-03-26 13:43:00,resolved,chat,C100179,VR883029,VA-HP-ST3,Other,Normal,Chat Frontline,A3013,0,,664900.0,GW-OTHER,N,"Product: Strata 3
Order: VR883029
Purchased: 22-03-2025
Issue: I was charged twice for one order
Tried: waited a week
Expected: replacement",re: double charge | confirmde utrs -> refund of rs 6649 initiated to sorce ~Rohit,legacy_fd,6649.0,2025-03,2025Q1,Rohit Nair,Chat Frontline,1,Bengaluru,Morning,VA-HP-ST3,1.0,6649.0,2025-03-22,ST3-2501-3,2650,6999,12,Strata 3 Over-Ear Headphones,True,False,2990,False,True,"Product: Strata 3
Order: VR883029
Purchased: 22-03-2025
Issue: I was charged twice for one order
Tried: waited a week
Expected: replacement re: double charge | confirmde utrs -> refund of rs 6649 initiated to sorce ~Rohit",DUP-PAYMENT,0.5692334870838849,False
TK-247584,2025-11-28 21:13:00,2025-11-28 21:17:00,2025-11-28 21:50:00,resolved,chat,C101807,VR895455,VA-SW-NX2,Billing & Payments,High,Billing,A3035,0,3.0,975.0,GW-OTHER,N,"hi,
got the nexa 2 from vireo.in 10 days ago. paid once, statement disagrees.
i waited a week. nothing changed.
what do i do now?
please revert",Cust contacted re charged twice. conf UTRs. Full rfnd processed (975). Case closed w/ cx consent.,helpdesk,975.0,2025-11,2025Q4,Dev Kulkarni,Billing,1,Bengaluru,Day,VA-SW-NX2,1.0,6499.0,2025-11-15,NX2-2510-2,2450,6499,12,Nexa 2 Smartwatch,True,False,2790,False,True,"hi,
got the nexa 2 from vireo.in 10 days ago. paid once, statement disagrees.
i waited a week. nothing changed.
what do i do now?
please revert Cust contacted re charged twice. conf UTRs. Full rfnd processed (975). Case closed w/ cx consent.",DUP-PAYMENT,0.5681731159747994,False
TK-247298,2025-11-21 16:19:00,2025-11-21 17:13:00,2025-11-21 17:39:00,resolved,social,C105277,VR896236,VA-SP-MINI,Audio Quality,Normal,Chat Frontline,A3014,0,,2499.0,GW-OTHER,N,"distorted audio at high volume, vr896236","FW update, cx to monitor. Issue: audiio distortion. chk w/ different source. | refund + rplc, cx escalation avoided. -AD",helpdesk,2499.0,2025-11,2025Q4,Anjali D'Souza,Chat Frontline,1,Bengaluru,Day,VA-SP-MINI,1.0,2499.0,2025-08-27,MINI-2507-2,980,2499,12,Orbit Mini Speaker,True,False,1320,False,True,"distorted audio at high volume, vr896236 FW update, cx to monitor. Issue: audiio distortion. chk w/ different source. | refund + rplc, cx escalation avoided. -AD",WTY-BUYBACK,0.5677329605183223,False
TK-248744,2025-12-31 20:55:00,2025-12-31 22:04:00,2025-12-31 22:19:00,resolved,social,C101478,,VA-EB-PL2,Other,Normal,Chat Frontline,A3016,0,,525.0,GW-OTHER,N,"Dear team, Got Pulse 2 form vireo.in in December. Ordered teh wrong colour, don't shp it. Can someonne fix this? Please revert",Contact re order cancellation. Cancelled before dispatch. rfnd of Rs 525 initiated to source. -TK,helpdesk,525.0,2025-12,2025Q4,Thomas Kumar,Email Frontline,1,Indore,Night,,,,,,1480,3499,12,Pulse 2 True Wireless Earbuds,True,False,1820,False,True,"Dear team, Got Pulse 2 form vireo.in in December. Ordered teh wrong colour, don't shp it. Can someonne fix this? Please revert Contact re order cancellation. Cancelled before dispatch. rfnd of Rs 525 initiated to source. -TK",CANCEL,0.5669416692044075,False
TK-252370,2026-04-22 11:36:00,2026-04-22 11:41:00,2026-04-22 11:57:00,resolved,chat,C104637,,VA-EB-PL2,Billing & Payments,High,Billing,A3034,0,,2799.0,GW-OTHER,N,"Product: the Pulse 2 earbuds
Purchased: 18/04
Issue: my bank says Rs 4999 went to you but your site says I have no orders
Tried: tried logging out and in
Expected: refund",as discussed (sop 2.7),helpdesk,2799.0,2026-04,2026Q2,Tanvi Rathore,Billing,1,Indore,Morning,,,,,,1480,3499,12,Pulse 2 True Wireless Earbuds,True,False,1820,False,True,"Product: the Pulse 2 earbuds
Purchased: 18/04
Issue: my bank says Rs 4999 went to you but your site says I have no orders
Tried: tried logging out and in
Expected: refund as discussed (sop 2.7)",DUP-PAYMENT,0.5661693845987352,False
TK-244273,2025-08-23 10:13:00,2025-08-23 11:20:00,2025-08-23 11:33:00,resolved,email,C104356,VR895937,VA-EB-PL2,Delivery & Shipping,Normal,Logistics,A3029,0,3.0,2799.0,GW-OTHER,N,"Dear team, I bought Pulse2 on 17-08-2025. Ordder not delivered, tracking not updating. I checked with neighbours. Nothing changed. Please help. Rgds Aishwarya Patil","courier confirmed delivery for 27 aug, cx informed. issue: shipment not received. checked awb with courier. -- issued refund + replacement both, tl aware. -RM",helpdesk,2799.0,2025-08,2025Q3,Rajat Mukherjee,Logistics,1,Bengaluru,Morning,VA-EB-PL2,1.0,2799.0,2025-08-17,PL2-2507-1,1480,3499,12,Pulse 2 True Wireless Earbuds,True,False,1820,False,True,"Dear team, I bought Pulse2 on 17-08-2025. Ordder not delivered, tracking not updating. I checked with neighbours. Nothing changed. Please help. Rgds Aishwarya Patil courier confirmed delivery for 27 aug, cx informed. issue: shipment not received. checked awb with courier. -- issued refund + replacement both, tl aware. -RM",LOST-TRANSIT,0.5651143153008097,False
TK-253833,2026-06-07 22:36:00,2026-06-07 22:38:00,2026-06-10 23:00:00,resolved,chat,C106952,VR900043,VA-EB-PL2,Delivery & Shipping,Normal,Logistics,A3031,0,,700.0,GW-OTHER,N,"product: pulse 2 bus
order: vr900043
purchased: 24/05
issue: nobody came for the pickup
tried: called courier
expected: refund",issue: pickup not done | re-raised pickup with courier -> full refund processed (700),helpdesk,700.0,2026-06,2026Q2,Zaid Desai,Logistics,1,Indore,Morning,VA-EB-PL2,1.0,3499.0,2026-05-24,PL2-2603-2,1480,3499,12,Pulse 2 True Wireless Earbuds,True,False,1820,False,True,"product: pulse 2 bus
order: vr900043
purchased: 24/05
issue: nobody came for the pickup
tried: called courier
expected: refund issue: pickup not done | re-raised pickup with courier -> full refund processed (700)",RETURN-QC-OK,0.5639522984188945,False
TK-241315,2025-03-30 20:54:00,2025-03-30 20:57:00,2025-03-30 21:16:00,resolved,chat,C101592,,VA-SW-NX1,Billing & Payments,High,Billing,A3035,0,4.0,449900.0,GW-OTHER,N,"Product: the nexa smartwatch
Purchased: 22 Mar
Issue: card charged two times
Tried: waited a week
Expected: callback",Cx says duplicate payment. conf UTRs. rfnd of Rs 4499 initiated to source. Case closed with cx consent.,legacy_fd,4499.0,2025-03,2025Q1,Dev Kulkarni,Billing,1,Bengaluru,Day,,,,,,1900,4999,12,Nexa Smartwatch,True,False,2240,False,True,"Product: the nexa smartwatch
Purchased: 22 Mar
Issue: card charged two times
Tried: waited a week
Expected: callback Cx says duplicate payment. conf UTRs. rfnd of Rs 4499 initiated to source. Case closed with cx consent.",DUP-PAYMENT,0.5638434628882414,False
TK-252346,2026-04-21 13:32:00,2026-04-21 15:48:00,2026-04-23 16:15:00,resolved,email,C107381,,VA-EB-PL2,Returns & Refunds,Low,Returns Desk,A3036,0,4.0,1487.0,GW-OTHER,N,"I bought Pulse 2 on April 17. Where is the money for the return.
Pleease help.
Please revert,","Cx reported refund pending. Cheked refund statsu on PG. Refund approved, Rs 1487, 5-7 working days. Case closed with cx consent. (SOP 3.1)",helpdesk,1487.0,2026-04,2026Q2,Ritika D'Souza,Returns Desk,1,Indore,Day,,,,,,1480,3499,12,Pulse 2 True Wireless Earbuds,True,False,1820,False,True,"I bought Pulse 2 on April 17. Where is the money for the return.
Pleease help.
Please revert, Cx reported refund pending. Cheked refund statsu on PG. Refund approved, Rs 1487, 5-7 working days. Case closed with cx consent. (SOP 3.1)",RETURN-QC-OK,0.5637190129654843,False
TK-246444,2025-10-31 06:50:00,2025-10-31 07:04:00,2025-10-31 07:16:00,resolved,chat,C102278,,VA-EB-PL2,Billing & Payments,High,Billing,A3034,0,4.0,499.0,GW-OTHER,N,"I am losing patience. Got Pulse2 from vireo.in recently. pls cancel, ordered by mistake. I already tried cancel button, greyed out. Fix this or I am posting on twitter.",- (sop 5.4),helpdesk,499.0,2025-10,2025Q4,Tanvi Rathore,Billing,1,Indore,Morning,,,,,,1480,3499,12,Pulse 2 True Wireless Earbuds,True,False,1820,False,False,"I am losing patience. Got Pulse2 from vireo.in recently. pls cancel, ordered by mistake. I already tried cancel button, greyed out. Fix this or I am posting on twitter. - (sop 5.4)",CANCEL,0.5629844575064801,False
TK-246001,2025-10-19 19:58:00,2025-10-19 22:48:00,2025-10-22 23:22:00,resolved,email,C105854,VR884847,VA-EB-PL1,Returns & Refunds,Normal,Returns Desk,A3038,0,4.0,2499.0,GW-OTHER,N,"hi, i bought pulse earbuds on 01/10.  the return was accepted but the amount is nowhere in my account. how do i get this fixed? thanks imran pandey","1. Refund delay
2. chk refund status on PG
3. ARN shared w/ cx. Payment reversed Rs 2499. New piece dispatched same day.",helpdesk,2499.0,2025-10,2025Q4,Ankit Dhillon,Returns Desk,1,Bengaluru,Morning,VA-EB-PL1,1.0,2499.0,2025-10-01,PL1-2507-1,1120,2499,12,Pulse True Wireless Earbuds,True,False,1460,False,True,"hi, i bought pulse earbuds on 01/10.  the return was accepted but the amount is nowhere in my account. how do i get this fixed? thanks imran pandey 1. Refund delay
2. chk refund status on PG
3. ARN shared w/ cx. Payment reversed Rs 2499. New piece dispatched same day.",RETURN-QC-OK,0.5626923362121343,False
TK-249715,2026-02-01 13:02:00,2026-02-01 13:04:00,2026-02-03 13:33:00,resolved,chat,C108258,,VA-SW-NX1,Returns & Refunds,High,Returns Desk,A3038,0,,450.0,GW-OTHER,N,"helo
i have been sitting at home for 3 days witing for your cuorier
nexa watch
help",pickup missed | checked pickup awb -> refunded rs 450,helpdesk,450.0,2026-02,2026Q1,Ankit Dhillon,Returns Desk,1,Bengaluru,Morning,,,,,,1900,4999,12,Nexa Smartwatch,True,False,2240,False,False,"helo
i have been sitting at home for 3 days witing for your cuorier
nexa watch
help pickup missed | checked pickup awb -> refunded rs 450",RETURN-QC-OK,0.5623951424293329,False
TK-248772,2026-01-01 18:19:00,2026-01-01 19:33:00,2026-01-02 19:51:00,resolved,email,C102638,VR888256,VA-SW-NX2,Returns & Refunds,Normal,Returns Desk,A3004,1,2.0,5199.0,GW-OTHER,N,"hii
nobody came for the pickup",cust contacted re pickup not done. checked pickup awb. transferred to chat frontline. full refund processed (5199).,helpdesk,5199.0,2026-01,2026Q1,Geeta Dutta,Chat Frontline,1,Bengaluru,Day,VA-SW-NX2,1.0,5199.0,2025-12-12,NX2-2510-4,2450,6499,12,Nexa 2 Smartwatch,True,False,2790,False,True,"hii
nobody came for the pickup cust contacted re pickup not done. checked pickup awb. transferred to chat frontline. full refund processed (5199).",RETURN-QC-OK,0.5617862785635043,False
TK-247303,2025-11-21 18:06:00,2025-11-21 18:06:00,2025-11-21 18:18:00,resolved,chat,C106848,,VA-SP-ORB,Returns & Refunds,Normal,Returns Desk,A3036,0,,5999.0,GW-OTHER,N,"Hey, I bought my Orbit on 10/11. Nobody came for the pickup. I called courier. Nothing changed. Kindly look into it","Ticket raised for pickup missed. Re-raised pickup w/ crr. rfnd of Rs 5999 initiated to source. Cx satisfied on chat. (SOP 3.1) Replacement was offered earlier by chat team, cx opted for refund.",helpdesk,5999.0,2025-11,2025Q4,Ritika D'Souza,Returns Desk,1,Indore,Day,,,,,,2300,5999,12,Orbit Smart Speaker,True,False,2640,False,True,"Hey, I bought my Orbit on 10/11. Nobody came for the pickup. I called courier. Nothing changed. Kindly look into it Ticket raised for pickup missed. Re-raised pickup w/ crr. rfnd of Rs 5999 initiated to source. Cx satisfied on chat. (SOP 3.1) Replacement was offered earlier by chat team, cx opted for refund.",RETURN-QC-OK,0.561408815330859,False
TK-241391,2025-04-04 06:32:00,2025-04-04 08:52:00,2025-04-06 09:16:00,resolved,email,C106872,,VA-EB-AIR,Other,Normal,Email Frontline,A3020,0,,1799.0,GW-OTHER,N,"product: airlite earbuds
purchased: march 26
issue: package not delivered even after 14 days
tried: called the courier
expected: callback",reported: shipment not rcvd. raised ticket w/ crr partner. rfnd of rs 1799 initiated to source. | refund issued; rplc not applicable (out of stock).,helpdesk,1799.0,2025-04,2025Q2,Aadhya Singh,Email Frontline,1,Bengaluru,Morning,,,,,,760,1799,12,AirLite Earbuds,True,False,1100,False,True,"product: airlite earbuds
purchased: march 26
issue: package not delivered even after 14 days
tried: called the courier
expected: callback reported: shipment not rcvd. raised ticket w/ crr partner. rfnd of rs 1799 initiated to source. | refund issued; rplc not applicable (out of stock).",LOST-TRANSIT,0.5613535161894059,False
TK-242736,2025-06-14 15:33:00,2025-06-14 19:00:00,2025-06-14 19:23:00,resolved,email,C107923,VR888826,VA-EB-AIR,Billing & Payments,High,Billing,A3035,0,2.0,179900.0,GW-OTHER,N,"To the Vireo Customer Care Team,

I am writing with reference to my order of AirLite (VR888826) placed on June 08. Paid once, statement disagrees. I have checked with bank. I request you to kindly arrange a replacement.

Sincerely,
Bhavna George
Chandigarh",Cust contacted re duplicate payment. chk PG for duplicate txn. rfnd processed. Cx informed.,legacy_fd,1799.0,2025-06,2025Q2,Dev Kulkarni,Billing,1,Bengaluru,Day,VA-EB-AIR,1.0,1799.0,2025-06-08,AIR-2504-2,760,1799,12,AirLite Earbuds,True,False,1100,False,True,"To the Vireo Customer Care Team,

I am writing with reference to my order of AirLite (VR888826) placed on June 08. Paid once, statement disagrees. I have checked with bank. I request you to kindly arrange a replacement.

Sincerely,
Bhavna George
Chandigarh Cust contacted re duplicate payment. chk PG for duplicate txn. rfnd processed. Cx informed.",DUP-PAYMENT,0.5610397708787224,False
TK-246071,2025-10-21 17:01:00,2025-10-21 17:03:00,2025-10-22 17:35:00,resolved,chat,C105914,,VA-SW-FIT,Returns & Refunds,High,Returns Desk,A3036,0,3.0,1699.0,GW-OTHER,N,"Hey, This is regarding Nexa Fit. There's a dent on teh case straight out of the box. I took photos. Thsi is very disappointing. Please help. Thanks & regards Simrna Das","Cx reported transit damage. Phhotos received, damage conf. Refunded Rs 1699. Case closed w/ cx consent.",helpdesk,1699.0,2025-10,2025Q4,Ritika D'Souza,Returns Desk,1,Indore,Day,,,,,,850,1999,12,Nexa Fit Band,True,False,1190,False,True,"Hey, This is regarding Nexa Fit. There's a dent on teh case straight out of the box. I took photos. Thsi is very disappointing. Please help. Thanks & regards Simrna Das Cx reported transit damage. Phhotos received, damage conf. Refunded Rs 1699. Case closed w/ cx consent.",DOA-REPL,0.5601582327234101,False
TK-254439,2026-06-28 09:20:00,2026-06-28 09:24:00,2026-06-28 09:38:00,resolved,chat,C101010,VR894791,VA-EB-AIR,Connectivity,Low,Chat Frontline,A3010,0,,1529.0,GW-OTHER,N,"hello
bluetooth pairing fails every time
urgent","Reset done, paired ok. Issue: unable to pair w/ phone. Walked throuh forget + re-pair. | refund + rplc, cx escalation avoided. ~Tenzin",helpdesk,1529.0,2026-06,2026Q2,Tenzin Mathew,Chat Frontline,1,Bengaluru,Morning,VA-EB-AIR,1.0,1529.0,2026-05-14,AIR-2601-2,760,1799,12,AirLite Earbuds,True,False,1100,False,True,"hello
bluetooth pairing fails every time
urgent Reset done, paired ok. Issue: unable to pair w/ phone. Walked throuh forget + re-pair. | refund + rplc, cx escalation avoided. ~Tenzin",WTY-BUYBACK,0.5582553816237388,False
TK-248481,2025-12-23 19:54:00,2025-12-23 20:30:00,2025-12-28 20:54:00,resolved,voice,C106636,VR899445,VA-EB-AIR,Returns & Refunds,Normal,Returns Desk,A3036,0,,1439.0,GW-OTHER,N,"product arrived damaged, VR899445",Contact re damaged in transit. Checked with crr for damage claim. rfnd of Rs 1439 initiated to source. Cx informed. (SOP 4.2),helpdesk,1439.0,2025-12,2025Q4,Ritika D'Souza,Returns Desk,1,Indore,Day,VA-EB-AIR,1.0,1439.0,2025-12-11,AIR-2509-3,760,1799,12,AirLite Earbuds,True,False,1100,False,True,"product arrived damaged, VR899445 Contact re damaged in transit. Checked with crr for damage claim. rfnd of Rs 1439 initiated to source. Cx informed. (SOP 4.2)",DOA-REPL,0.558155380111937,False
TK-245381,2025-10-01 16:23:00,2025-10-01 16:29:00,2025-10-02 16:50:00,resolved,chat,C104873,VR882898,VA-SP-MINI,Delivery & Shipping,High,Logistics,A3030,0,,2249.0,GW-OTHER,N,"hii
it has been 17 days and i have nothing in hand","Ticket raised for ord not delivered. chk AWB w/ courier. Refund approved, Rs 2249, 5-7 working days. //AIS",helpdesk,2249.0,2025-10,2025Q4,Aishwarya Trivedi,Logistics,1,Indore,Day,VA-SP-MINI,1.0,2249.0,2025-09-24,MINI-2506-2,980,2499,12,Orbit Mini Speaker,True,False,1320,False,True,"hii
it has been 17 days and i have nothing in hand Ticket raised for ord not delivered. chk AWB w/ courier. Refund approved, Rs 2249, 5-7 working days. //AIS",LOST-TRANSIT,0.558059746422583,False
TK-246399,2025-10-29 21:28:00,2025-10-29 21:53:00,2025-10-29 22:22:00,resolved,social,C102197,VR906303,VA-SP-MINI,Billing & Payments,High,Billing,A3035,0,3.0,1999.0,GW-OTHER,N,i have been a loyal customer and this is how you treat me.  ordered the mini speaker around diwali. i was charged twice for one order. i already checked with bank. this is the last time i buy from you.,"Cx reported charged twice. chk PG for duplicate txn. rfnd approved, Rs 1999, 5-7 working days. Will monitor.",helpdesk,1999.0,2025-10,2025Q4,Dev Kulkarni,Billing,1,Bengaluru,Day,VA-SP-MINI,1.0,1999.0,2025-10-22,MINI-2507-3,980,2499,12,Orbit Mini Speaker,True,False,1320,False,True,"i have been a loyal customer and this is how you treat me.  ordered the mini speaker around diwali. i was charged twice for one order. i already checked with bank. this is the last time i buy from you. Cx reported charged twice. chk PG for duplicate txn. rfnd approved, Rs 1999, 5-7 working days. Will monitor.",DUP-PAYMENT,0.5580087481979722,False
TK-249761,2026-02-02 19:32:00,2026-02-02 23:00:00,2026-02-04 23:32:00,resolved,email,C101097,VR882333,VA-AC-CASE,Billing & Payments,High,Billing,A3032,0,3.0,1299.0,GW-OTHER,Y,"Product: the charging case I ordered
Order: VR882333
Purchased: 29 Jan
Issue: refund was promised 7 days ago and nothing
Tried: emailed twice
Expected: fix","1. refund not credited
2. chk refund status on pg
3. arn shared with cx.
issued refund + rplc both, tl aware. ~Sneha",helpdesk,1299.0,2026-02,2026Q1,Sneha Bansal,Billing,1,Indore,Morning,VA-AC-CASE,1.0,1299.0,2026-01-29,CASE-2512-1,620,1299,6,Pulse Charging Case (spare),True,True,960,False,True,"Product: the charging case I ordered
Order: VR882333
Purchased: 29 Jan
Issue: refund was promised 7 days ago and nothing
Tried: emailed twice
Expected: fix 1. refund not credited
2. chk refund status on pg
3. arn shared with cx.
issued refund + rplc both, tl aware. ~Sneha",RETURN-QC-OK,0.557155350630942,False
TK-253339,2026-05-24 18:00:00,2026-05-24 18:05:00,2026-05-24 18:35:00,resolved,chat,C108585,VR897804,VA-EB-PL2,Billing & Payments,Normal,Billing,A3035,0,2.0,2799.0,GW-OTHER,N,"Hi Vireo support, Pulse 2 purchased last week, order VR897804. Two entries of Rs 3499 on my statement for one pair of earbuds. Please help. Rgds",cx states chargged twice. conf UTRs. Refund processed. Cx satisfied on chat.,helpdesk,2799.0,2026-05,2026Q2,Dev Kulkarni,Billing,1,Bengaluru,Day,VA-EB-PL2,1.0,2799.0,2026-05-23,PL2-2604-4,1480,3499,12,Pulse 2 True Wireless Earbuds,True,False,1820,False,True,"Hi Vireo support, Pulse 2 purchased last week, order VR897804. Two entries of Rs 3499 on my statement for one pair of earbuds. Please help. Rgds cx states chargged twice. conf UTRs. Refund processed. Cx satisfied on chat.",DUP-PAYMENT,0.5561924133226394,False
TK-244310,2025-08-24 21:36:00,2025-08-24 23:01:00,2025-08-24 23:32:00,closed,email,C100719,VR906714,VA-SW-NX1,Billing & Payments,High,Billing,A3034,0,,47500.0,GW-OTHER,N,"this is regarding my nexa. my bank says rs 2499 went to you but your site says i have no orders. waiting for your reply. awaiting response, amit gupta",cx ok,legacy_fd,475.0,2025-08,2025Q3,Tanvi Rathore,Billing,1,Indore,Morning,VA-SW-NX1,1.0,4749.0,2025-08-20,NX1-2507-2,1900,4999,12,Nexa Smartwatch,True,False,2240,False,False,"this is regarding my nexa. my bank says rs 2499 went to you but your site says i have no orders. waiting for your reply. awaiting response, amit gupta cx ok",DUP-PAYMENT,0.5557579064644388,False
TK-245336,2025-09-30 10:48:00,2025-09-30 14:30:00,2025-09-30 14:46:00,resolved,email,C106167,VR902384,VA-EB-PL1,Audio Quality,Normal,Email Frontline,A3018,0,,2374.0,GW-OTHER,N,"helo
right earbud completely silent
pulse earbuds
urgent","single side audio only | walked through reset -> escalated to warranty. -- refund + rplc, cx escalation avoided. ~Krishna",helpdesk,2374.0,2025-09,2025Q3,Krishna Bhatt,Email Frontline,1,Indore,Day,VA-EB-PL1,1.0,2374.0,2025-08-30,PL1-2506-4,1120,2499,12,Pulse True Wireless Earbuds,True,False,1460,False,True,"helo
right earbud completely silent
pulse earbuds
urgent single side audio only | walked through reset -> escalated to warranty. -- refund + rplc, cx escalation avoided. ~Krishna",WTY-BUYBACK,0.555223075551339,False
TK-241920,2025-05-01 20:25:00,2025-05-01 20:27:00,2025-05-03 20:51:00,resolved,chat,C103926,,VA-SP-ORB,Returns & Refunds,Normal,Returns Desk,A3036,0,3.0,599900.0,GW-OTHER,N,"Hi,
This is regarding Orbit speaker. Pickup scheduled but no one showed up.
I rescheduled pickup twice. Nothing changed.
Please advise.
Rgds Suresh Naidu","Refund approved, Rs 5999, 5-7 working days. Issue: pkp not done. Checked pkp AWB. (SOP 5.4)
Replacement declined by cx, refund issued instead.",legacy_fd,5999.0,2025-05,2025Q2,Ritika D'Souza,Returns Desk,1,Indore,Day,,,,,,2300,5999,12,Orbit Smart Speaker,True,False,2640,False,True,"Hi,
This is regarding Orbit speaker. Pickup scheduled but no one showed up.
I rescheduled pickup twice. Nothing changed.
Please advise.
Rgds Suresh Naidu Refund approved, Rs 5999, 5-7 working days. Issue: pkp not done. Checked pkp AWB. (SOP 5.4)
Replacement declined by cx, refund issued instead.",RETURN-QC-OK,0.5537526882081585,False
TK-249219,2026-01-16 21:56:00,2026-01-17 00:06:00,2026-01-17 00:30:00,resolved,email,C105845,,VA-EB-PL2,Returns & Refunds,Normal,Returns Desk,A3037,0,,3499.0,GW-OTHER,N,"helo
i have been sitting at home for 3 days watiing for your courier
the pules 2 earbuds
pls reply","rfnd approved, rs 3499, 5-7 working days. issue: pkp not done. chk pkp awb. ~Manish",helpdesk,3499.0,2026-01,2026Q1,Manish Iyer,Returns Desk,1,Indore,Morning,,,,,,1480,3499,12,Pulse 2 True Wireless Earbuds,True,False,1820,False,True,"helo
i have been sitting at home for 3 days watiing for your courier
the pules 2 earbuds
pls reply rfnd approved, rs 3499, 5-7 working days. issue: pkp not done. chk pkp awb. ~Manish",RETURN-QC-OK,0.5520826857200195,False
TK-247254,2025-11-20 18:31:00,2025-11-20 18:35:00,2025-11-21 18:54:00,resolved,chat,C106728,VR899236,VA-EB-PL1,Returns & Refunds,Normal,Returns Desk,A3036,0,,2499.0,GW-OTHER,Y,"product: my pulse
order: vr899236
purchased: 23-10-2025
issue: where is the money for the return
tried: checked bank
expected: replacement","1. Refund pending
2. Checked refund status on PG
3. Refund of Rs 500 initiated to source.
Refunded Rs 2499 & also raised replacement, cx was very upset.",helpdesk,2499.0,2025-11,2025Q4,Ritika D'Souza,Returns Desk,1,Indore,Day,VA-EB-PL1,1.0,2499.0,2025-10-23,PL1-2507-2,1120,2499,12,Pulse True Wireless Earbuds,True,True,1460,False,True,"product: my pulse
order: vr899236
purchased: 23-10-2025
issue: where is the money for the return
tried: checked bank
expected: replacement 1. Refund pending
2. Checked refund status on PG
3. Refund of Rs 500 initiated to source.
Refunded Rs 2499 & also raised replacement, cx was very upset.",RETURN-QC-OK,0.5512952139466909,False
TK-252723,2026-05-05 12:04:00,2026-05-05 14:42:00,,open,email,C105445,VR897956,VA-EB-PL2,Returns & Refunds,Normal,Returns Desk,A3036,0,2.0,3499.0,GW-OTHER,N,"refund not reeived yet, please call me on my registered number",Cx reported refund pending. Checked rfund status on PG. Full refund processed (3499). Follow-up not required. (SOP 4.2),helpdesk,3499.0,2026-05,2026Q2,Ritika D'Souza,Returns Desk,1,Indore,Day,VA-EB-PL2,1.0,3499.0,2026-04-28,PL2-2603-1,1480,3499,12,Pulse 2 True Wireless Earbuds,True,False,1820,False,True,"refund not reeived yet, please call me on my registered number Cx reported refund pending. Checked rfund status on PG. Full refund processed (3499). Follow-up not required. (SOP 4.2)",RETURN-QC-OK,0.5494700287953068,False
TK-247969,2025-12-08 12:37:00,2025-12-08 12:39:00,2025-12-08 13:13:00,resolved,chat,C100467,VR907000,VA-SW-NX2,Connectivity,Normal,Chat Frontline,A3007,0,3.0,6499.0,GW-OTHER,Y,"product: nexa 2
order: vr907000
purchased: 28-10-2025
issue: not pairing with my phone
tried: restarted the phone
expected: resolution","reset done. issued rfnd + rplc both, tl aware.",helpdesk,6499.0,2025-12,2025Q4,Abhishek Gupta,Chat Frontline,1,Indore,Morning,VA-SW-NX2,1.0,6499.0,2025-10-28,NX2-2508-1,2450,6499,12,Nexa 2 Smartwatch,True,True,2790,False,True,"product: nexa 2
order: vr907000
purchased: 28-10-2025
issue: not pairing with my phone
tried: restarted the phone
expected: resolution reset done. issued rfnd + rplc both, tl aware.",DOA-REPL,0.548991667579765,False
TK-248011,2025-12-09 15:00:00,2025-12-09 15:14:00,,open,voice,C105524,,VA-EB-PL2,Returns & Refunds,Low,Returns Desk,A3031,1,4.0,525.0,GW-OTHER,N,"pathetic experience honestly. got pulse 2 buds from vireo.in last week. nobody came for the pickup. i already rescheduled pickup twice. i want a replacement or refund, nothing else.","Refund approved, Rs 525, 5-7 working days. Issue: pickup not done. Checked pickup AWB. Via Logistics.",helpdesk,525.0,2025-12,2025Q4,Zaid Desai,Logistics,1,Indore,Morning,,,,,,1480,3499,12,Pulse 2 True Wireless Earbuds,True,False,1820,False,True,"pathetic experience honestly. got pulse 2 buds from vireo.in last week. nobody came for the pickup. i already rescheduled pickup twice. i want a replacement or refund, nothing else. Refund approved, Rs 525, 5-7 working days. Issue: pickup not done. Checked pickup AWB. Via Logistics.",RETURN-QC-OK,0.5488144972783324,False
TK-243461,2025-07-21 18:43:00,2025-07-22 01:57:00,2025-07-24 02:23:00,resolved,email,C100613,,VA-SW-FIT,Delivery & Shipping,Low,Logistics,A3031,0,2.0,199900.0,GW-OTHER,N,"i am losing patience. ordered nexa fit a month ago. paid on 18-07-2025, still waiting for something to show up. i already called the courier. i want a replacement or refund, nothing else.","Courier confirmed delivery for 27 Jul, cx informed. Issue: order not delivered. Raised ticket with courier partner.
Payment reversed Rs 1999. New piece dispatched same day.",legacy_fd,1999.0,2025-07,2025Q3,Zaid Desai,Logistics,1,Indore,Morning,,,,,,850,1999,12,Nexa Fit Band,True,False,1190,False,True,"i am losing patience. ordered nexa fit a month ago. paid on 18-07-2025, still waiting for something to show up. i already called the courier. i want a replacement or refund, nothing else. Courier confirmed delivery for 27 Jul, cx informed. Issue: order not delivered. Raised ticket with courier partner.
Payment reversed Rs 1999. New piece dispatched same day.",LOST-TRANSIT,0.5474123754262021,False
TK-245014,2025-09-19 19:01:00,2025-09-19 19:36:00,2025-09-19 20:03:00,resolved,email,C101872,VR899449,VA-SP-ORB,Other,Low,Email Frontline,A3018,0,2.0,855.0,GW-OTHER,N,"hi
package not delivered even after 16 days
my orbit",re: delivery delayed | confirmed address with cx -> refund of rs 855 initiated to source,helpdesk,855.0,2025-09,2025Q3,Krishna Bhatt,Email Frontline,1,Indore,Day,VA-SP-ORB,1.0,5699.0,2025-09-16,ORB-2507-3,2300,5999,12,Orbit Smart Speaker,True,False,2640,False,True,"hi
package not delivered even after 16 days
my orbit re: delivery delayed | confirmed address with cx -> refund of rs 855 initiated to source",LOST-TRANSIT,0.5472694959413654,False
TK-252308,2026-04-20 07:27:00,2026-04-20 07:29:00,2026-04-23 07:52:00,resolved,chat,C101054,VR881487,VA-SW-NX2,Delivery & Shipping,Normal,Logistics,A3028,0,,6499.0,GW-OTHER,N,"Dear Sir/Madam,

I am writing with reference to my order of my Nexa 2 wtach (VR881487) placed on April 10.  Package not delivered even after 21 days. I have called the courier. I request you to provide a resolution within 3 working days.

Sincerely,
Lakshmi Goyal","cust contacted re ord not delivered. chk awb with courier. rto conf, reshipped. -- processed fr & raised rma for new set.",helpdesk,6499.0,2026-04,2026Q2,Sameer Kapoor,Logistics,1,Indore,Morning,VA-SW-NX2,1.0,6499.0,2026-04-10,NX2-2602-3,2450,6499,12,Nexa 2 Smartwatch,True,False,2790,False,True,"Dear Sir/Madam,

I am writing with reference to my order of my Nexa 2 wtach (VR881487) placed on April 10.  Package not delivered even after 21 days. I have called the courier. I request you to provide a resolution within 3 working days.

Sincerely,
Lakshmi Goyal cust contacted re ord not delivered. chk awb with courier. rto conf, reshipped. -- processed fr & raised rma for new set.",LOST-TRANSIT,0.5456657707480324,False
TK-247568,2025-11-28 16:37:00,2025-11-28 18:08:00,2025-11-29 22:51:00,resolved,email,C107845,VR896562,VA-EB-AIR,Warranty & Repair,Low,Escalations & Warranty,A3041,0,4.0,1439.0,GW-OTHER,Y,warranty claim pending for 15 days,"1. RMA status query
2. Checked RMA status
3. Cx updated, ETA shared. | Refunded Rs 1439 and also raised rplc, cx was very upset.",helpdesk,1439.0,2025-11,2025Q4,Mohammed Mehta,Escalations & Warranty,2,Bengaluru,Day,VA-EB-AIR,1.0,1439.0,2025-11-10,AIR-2507-1,760,1799,12,AirLite Earbuds,True,True,1100,False,True,"warranty claim pending for 15 days 1. RMA status query
2. Checked RMA status
3. Cx updated, ETA shared. | Refunded Rs 1439 and also raised rplc, cx was very upset.",WTY-BUYBACK,0.54297067045405,False
TK-247145,2025-11-18 07:56:00,2025-11-18 08:02:00,2025-11-19 08:20:00,resolved,chat,C103967,,VA-HP-ST3,Billing & Payments,High,Billing,A3032,0,3.0,6999.0,GW-OTHER,N,"Hello Vireo, Ordered Strata 3 a month ago.  Refund was promised 15 days ago and nothing. I emailed twice. Honestly regretting this purchase. Please call me on my registered number. Thanks in advance, Hasrh","1. rfnd pending
2. checked rfnd status on pg
3. arn shared with cx.
full rfnd issued and replacement dispatched as goodwill. ~Sneha",helpdesk,6999.0,2025-11,2025Q4,Sneha Bansal,Billing,1,Indore,Morning,,,,,,2650,6999,12,Strata 3 Over-Ear Headphones,True,False,2990,False,True,"Hello Vireo, Ordered Strata 3 a month ago.  Refund was promised 15 days ago and nothing. I emailed twice. Honestly regretting this purchase. Please call me on my registered number. Thanks in advance, Hasrh 1. rfnd pending
2. checked rfnd status on pg
3. arn shared with cx.
full rfnd issued and replacement dispatched as goodwill. ~Sneha",RETURN-QC-OK,0.5417972113935605,False
TK-253599,2026-05-31 18:24:00,2026-06-01 02:52:00,2026-06-13 05:42:00,resolved,social,C108062,VR889923,VA-SW-NX1,Warranty & Repair,Low,Escalations & Warranty,A3039,0,3.0,4749.0,GW-OTHER,Y,"hey
what is the status of my warranty claim
nexa watch VR889923
help","customer states warranty claim status. followed up with service centre. cx updated, eta shared. cx informed. (sop 5.4) -- credited full amount, new unit also going out tomorrow. ~Reyansh",helpdesk,4749.0,2026-05,2026Q2,Reyansh Mishra,Escalations & Warranty,2,Bengaluru,Morning,VA-SW-NX1,1.0,4749.0,2026-04-01,NX1-2601-4,1900,4999,12,Nexa Smartwatch,True,True,2240,False,True,"hey
what is the status of my warranty claim
nexa watch VR889923
help customer states warranty claim status. followed up with service centre. cx updated, eta shared. cx informed. (sop 5.4) -- credited full amount, new unit also going out tomorrow. ~Reyansh",DOA-REPL,0.5409387739573213,False
TK-240737,2025-02-25 18:31:00,2025-02-25 20:51:00,2025-02-25 21:02:00,resolved,email,C108932,VR898774,VA-EB-AIR,Billing & Payments,Normal,Billing,A3035,0,4.0,1619.0,GW-OTHER,N,"change of mind, pls stop the shipment - vr898774 - i want my money back","cx states cancellation request. chk shipment status. rfnd approved, Rs 1619, 5-7 working days. Will monitor.",helpdesk,1619.0,2025-02,2025Q1,Dev Kulkarni,Billing,1,Bengaluru,Day,VA-EB-AIR,1.0,1619.0,2025-02-23,AIR-2412-4,760,1799,12,AirLite Earbuds,True,False,1100,False,True,"change of mind, pls stop the shipment - vr898774 - i want my money back cx states cancellation request. chk shipment status. rfnd approved, Rs 1619, 5-7 working days. Will monitor.",CANCEL,0.5407750710054444,False
TK-241705,2025-04-18 19:58:00,2025-04-18 21:52:00,2025-04-19 22:05:00,resolved,email,C105423,VR899587,VA-EB-AIR,Returns & Refunds,Normal,Returns Desk,A3036,0,4.0,170900.0,GW-OTHER,N,"Hey, Got the AirLite buds from vireo.in last week. Packed the box a week ago and it's stilll here. I rescheduled pickup twice. Not what I expected from Vireo. PLEASE CALL ME ON MY REGISTERED NUMBER. Thanks & regards","Customer reached out - pkp not done. Re-raised pkp with courier. rfnd approved, Rs 1709, 5-7 working days. Closing. (SOP 5.4)",legacy_fd,1709.0,2025-04,2025Q2,Ritika D'Souza,Returns Desk,1,Indore,Day,VA-EB-AIR,1.0,1709.0,2025-03-19,AIR-2501-2,760,1799,12,AirLite Earbuds,True,False,1100,False,True,"Hey, Got the AirLite buds from vireo.in last week. Packed the box a week ago and it's stilll here. I rescheduled pickup twice. Not what I expected from Vireo. PLEASE CALL ME ON MY REGISTERED NUMBER. Thanks & regards Customer reached out - pkp not done. Re-raised pkp with courier. rfnd approved, Rs 1709, 5-7 working days. Closing. (SOP 5.4)",RETURN-QC-OK,0.5403627106393042,False
TK-244018,2025-08-11 20:27:00,2025-08-11 22:06:00,2025-08-11 22:36:00,resolved,social,C105588,VR904650,VA-EB-PL2,Returns & Refunds,Normal,Returns Desk,A3037,0,,594800.0,GW-OTHER,N,"DEAR SIR/MADAM,

I AM WRITING WITH REFERENCE TO MY ORDER OF PULSE 2 BUDS (VR904650) PLACED ON 22 JUL. Return pickup has not happened. I have called courier. I request you to process a refund to my original payment method.

Regards,
Komal Gaikwad","rfnd of rs 5948 initiated to source. issue: reverse pickup pending. re-raised pickup with courier. cx asked for rplc + refund, explained policy, refund only. ~Manish",legacy_fd,5948.0,2025-08,2025Q3,Manish Iyer,Returns Desk,1,Indore,Morning,VA-EB-PL2,2.0,5948.0,2025-07-22,PL2-2505-4,1480,3499,12,Pulse 2 True Wireless Earbuds,True,False,1820,False,True,"DEAR SIR/MADAM,

I AM WRITING WITH REFERENCE TO MY ORDER OF PULSE 2 BUDS (VR904650) PLACED ON 22 JUL. Return pickup has not happened. I have called courier. I request you to process a refund to my original payment method.

Regards,
Komal Gaikwad rfnd of rs 5948 initiated to source. issue: reverse pickup pending. re-raised pickup with courier. cx asked for rplc + refund, explained policy, refund only. ~Manish",RETURN-QC-OK,0.5397663490655638,False
TK-249092,2026-01-12 12:15:00,2026-01-13 17:37:00,2026-01-14 18:03:00,closed,email,C106778,VR883713,VA-EB-PL2,Delivery & Shipping,Normal,Logistics,A3030,0,,3499.0,GW-OTHER,N,"Product: pulse 2 buds
Order: VR883713
Purchased: January 12
Issue: package not delivered even afteer 9 days
Tried: called the courier
Expected: replacement","Refund approved, Rs 3499, 5-7 working days. Issue: order not delivered. Confirmed address w/ cx. //AIS",helpdesk,3499.0,2026-01,2026Q1,Aishwarya Trivedi,Logistics,1,Indore,Day,VA-EB-PL2,1.0,3499.0,2026-01-12,PL2-2511-1,1480,3499,12,Pulse 2 True Wireless Earbuds,True,False,1820,False,True,"Product: pulse 2 buds
Order: VR883713
Purchased: January 12
Issue: package not delivered even afteer 9 days
Tried: called the courier
Expected: replacement Refund approved, Rs 3499, 5-7 working days. Issue: order not delivered. Confirmed address w/ cx. //AIS",LOST-TRANSIT,0.5380153772009555,False
TK-250633,2026-02-27 14:27:00,2026-02-27 14:44:00,2026-02-27 15:14:00,resolved,voice,C108561,,VA-SW-FIT,Connectivity,Normal,Voice Frontline,A3026,0,4.0,1699.0,GW-OTHER,Y,"hi
pairing is not working
hello??","issue: device not discoverable | walked through forget + re-pair -> adv fw update via app, rslvd.
Money back to source & a fresh pair shipped. //AAD",helpdesk,1699.0,2026-02,2026Q1,Aadhya Deshpande,Voice Frontline,1,Bengaluru,Day,,,,,,850,1999,12,Nexa Fit Band,True,True,1190,False,True,"hi
pairing is not working
hello?? issue: device not discoverable | walked through forget + re-pair -> adv fw update via app, rslvd.
Money back to source & a fresh pair shipped. //AAD",WTY-BUYBACK,0.5372173344425883,False
TK-240753,2025-02-26 13:40:00,2025-02-26 13:53:00,2025-02-26 14:02:00,resolved,chat,C105385,VR900513,VA-EB-PL1,Billing & Payments,High,Billing,A3034,0,5.0,40000.0,GW-OTHER,N,"Dera Sir/Madam,

I am writing with reference to my orer of Pluse earbuds (VR900513) placed on 26 Feb. The festive offer vanished when I clicked pay. I have tried in caps. I request you to kinndly arrange a replacement.

Regards,
Harsh Ansari",cx ok (sop 4.2),legacy_fd,400.0,2025-02,2025Q1,Tanvi Rathore,Billing,1,Indore,Morning,VA-EB-PL1,1.0,1999.0,2025-02-26,PL1-2501-2,1120,2499,12,Pulse True Wireless Earbuds,True,False,1460,False,False,"Dera Sir/Madam,

I am writing with reference to my orer of Pluse earbuds (VR900513) placed on 26 Feb. The festive offer vanished when I clicked pay. I have tried in caps. I request you to kinndly arrange a replacement.

Regards,
Harsh Ansari cx ok (sop 4.2)",PRICE-ADJ,0.5365698393542104,False
TK-245163,2025-09-25 15:12:00,2025-09-25 17:14:00,2025-09-26 17:26:00,resolved,email,C102444,,VA-EB-PL2,Delivery & Shipping,Low,Logistics,A3030,0,3.0,2799.0,GW-OTHER,N,"Dear Sir/Madam,

I am writing w/ reference to my order of Pulse2 placed on 23-09-2025. Paid on 23-09-2025, still waiting for something to show up. I have checked the tracking page daily. I request you to process a refund to my original payment method.

Sincerely,
Sunita Patel",Cx reported order not delivered. Raised ticket w/ crr partner. Refund of Rs 2799 initiated to source. //AIS,helpdesk,2799.0,2025-09,2025Q3,Aishwarya Trivedi,Logistics,1,Indore,Day,,,,,,1480,3499,12,Pulse 2 True Wireless Earbuds,True,False,1820,False,True,"Dear Sir/Madam,

I am writing w/ reference to my order of Pulse2 placed on 23-09-2025. Paid on 23-09-2025, still waiting for something to show up. I have checked the tracking page daily. I request you to process a refund to my original payment method.

Sincerely,
Sunita Patel Cx reported order not delivered. Raised ticket w/ crr partner. Refund of Rs 2799 initiated to source. //AIS",LOST-TRANSIT,0.5360162460902165,False
TK-245244,2025-09-27 14:48:00,2025-09-27 15:57:00,,pending,email,C108892,,VA-SW-FIT,Returns & Refunds,Normal,Returns Desk,A3036,0,3.0,1999.0,GW-OTHER,N,"hii
the return was accepted but the amount is nowhere in my account
the fit band","done (SOP 4.2)
Refunded. rplc request rejected as per policy.",helpdesk,1999.0,2025-09,2025Q3,Ritika D'Souza,Returns Desk,1,Indore,Day,,,,,,850,1999,12,Nexa Fit Band,True,False,1190,False,True,"hii
the return was accepted but the amount is nowhere in my account
the fit band done (SOP 4.2)
Refunded. rplc request rejected as per policy.",RETURN-QC-OK,0.5348793731007646,False
TK-251265,2026-03-19 19:26:00,2026-03-19 20:06:00,2026-03-20 23:50:00,resolved,email,C101253,VR906965,VA-EB-PL2,Warranty & Repair,Low,Escalations & Warranty,A3040,0,4.0,3324.0,GW-OTHER,N,"dear sir/madam,

i am writing with reference to my order of my pulse 2 (vr906965) placed on 08/02.  service centre took it, now silence. i have emailed twice. i request you to provide a resolution within 3 working days.

regards,
sai gill","re: warranty claim status | checked rma staatus -> cx updated, eta shared. | Cx got the amount back, also sending a new set to keep him happy.",helpdesk,3324.0,2026-03,2026Q1,Thomas Jadhav,Escalations & Warranty,2,Bengaluru,Day,VA-EB-PL2,1.0,3324.0,2026-02-08,PL2-2601-1,1480,3499,12,Pulse 2 True Wireless Earbuds,True,False,1820,False,True,"dear sir/madam,

i am writing with reference to my order of my pulse 2 (vr906965) placed on 08/02.  service centre took it, now silence. i have emailed twice. i request you to provide a resolution within 3 working days.

regards,
sai gill re: warranty claim status | checked rma staatus -> cx updated, eta shared. | Cx got the amount back, also sending a new set to keep him happy.",DOA-REPL,0.534373188490684,False
TK-252601,2026-04-30 23:57:00,2026-05-01 00:03:00,2026-05-03 00:25:00,resolved,chat,C105340,VR908103,VA-AC-CH65,Returns & Refunds,Normal,Returns Desk,A3038,0,4.0,1499.0,GW-OTHER,N,"hello ji
return pickup has not happened
please jaldi
your charger vr908103
anyone there","1. Reverse pkp pending
2. chk pkp AWB
3. Refund processed without pkp as goodwill. | Full refund issued and replacement dispatched as goodwill.",helpdesk,1499.0,2026-04,2026Q2,Ankit Dhillon,Returns Desk,1,Bengaluru,Morning,VA-AC-CH65,1.0,1499.0,2026-04-18,CH65-2601-3,610,1499,6,65W GaN Charger,True,False,950,False,True,"hello ji
return pickup has not happened
please jaldi
your charger vr908103
anyone there 1. Reverse pkp pending
2. chk pkp AWB
3. Refund processed without pkp as goodwill. | Full refund issued and replacement dispatched as goodwill.",RETURN-QC-OK,0.5331372255729927,False
TK-240307,2025-01-25 11:19:00,2025-01-25 12:05:00,2025-01-25 12:13:00,resolved,voice,C104340,,VA-HP-ST2,Other,Normal,Voice Frontline,A3023,0,,899800.0,GW-OTHER,N,"[IVR transcript] I bought Strata 2 on 12 Jan. Want to cancel my order. I tried caancel button, greyed out. Neeed this sored tihs week. Regards, Payal Pereira",rfnd approved -RG,legacy_fd,8998.0,2025-01,2025Q1,Ritika Gaikwad,Voice Frontline,1,Bengaluru,Morning,,,,,,2100,4999,12,Strata 2 Over-Ear Headphones,True,False,2440,False,True,"[IVR transcript] I bought Strata 2 on 12 Jan. Want to cancel my order. I tried caancel button, greyed out. Neeed this sored tihs week. Regards, Payal Pereira rfnd approved -RG",CANCEL,0.5326825014961876,False
TK-251638,2026-03-29 23:56:00,2026-03-29 23:58:00,2026-03-30 00:14:00,resolved,chat,C101540,,VA-EB-PL2,Billing & Payments,High,Billing,A3034,0,,2799.0,GW-OTHER,N,double payment deducted. how do i get this fixed?,sorted,helpdesk,2799.0,2026-03,2026Q1,Tanvi Rathore,Billing,1,Indore,Morning,,,,,,1480,3499,12,Pulse 2 True Wireless Earbuds,True,False,1820,False,True,double payment deducted. how do i get this fixed? sorted,DUP-PAYMENT,0.532642689574518,False
TK-243098,2025-07-03 00:38:00,2025-07-03 01:16:00,2025-07-08 07:45:00,resolved,email,C107023,,VA-EB-PL1,Warranty & Repair,High,Escalations & Warranty,A3039,0,,249900.0,GW-OTHER,Y,"Dear Sir/Madam,

I am writing with reference to my order of pulse 1 placed on 23/05. Claim number RMA55408, anyone alive there?. I have called sevrice centre. I request you to kindly arrange a replacement.

Regards,
Divya Das
Mysuru","warranty claim status | checked qc report -> new unit shipped under doa (sop 5.4) refund + rplc, cx escalation avoided. ~Reyansh",legacy_fd,2499.0,2025-07,2025Q3,Reyansh Mishra,Escalations & Warranty,2,Bengaluru,Morning,,,,,,1120,2499,12,Pulse True Wireless Earbuds,True,True,1460,False,True,"Dear Sir/Madam,

I am writing with reference to my order of pulse 1 placed on 23/05. Claim number RMA55408, anyone alive there?. I have called sevrice centre. I request you to kindly arrange a replacement.

Regards,
Divya Das
Mysuru warranty claim status | checked qc report -> new unit shipped under doa (sop 5.4) refund + rplc, cx escalation avoided. ~Reyansh",WTY-BUYBACK,0.5322908838810078,False
TK-240834,2025-03-03 18:28:00,2025-03-03 18:30:00,2025-03-03 18:59:00,resolved,chat,C104167,VR883767,VA-SW-NX2,Billing & Payments,Normal,Billing,A3035,0,3.0,519900.0,GW-OTHER,N,"I have been a loyal customer and this is how you treat me. I bought my Nexa 2 watch on 28 Feb. I was charged twice for one order. I already waited a week. I want a replacement or refund, nothing else.",Ticket raised for double charge. cofn UTRs. rffnd processed. Closing.,legacy_fd,5199.0,2025-03,2025Q1,Dev Kulkarni,Billing,1,Bengaluru,Day,VA-SW-NX2,1.0,5199.0,2025-02-28,NX2-2501-3,2450,6499,12,Nexa 2 Smartwatch,True,False,2790,False,True,"I have been a loyal customer and this is how you treat me. I bought my Nexa 2 watch on 28 Feb. I was charged twice for one order. I already waited a week. I want a replacement or refund, nothing else. Ticket raised for double charge. cofn UTRs. rffnd processed. Closing.",DUP-PAYMENT,0.5305420728726635,False
TK-249033,2026-01-10 14:24:00,2026-01-10 14:28:00,2026-01-13 14:56:00,resolved,chat,C104597,VR887308,VA-HP-ST3,Returns & Refunds,Low,Returns Desk,A3036,0,,945.0,GW-OTHER,N,"hi vireo support, got the strata 3 from vireo.in last month. i have been sitting at home for 3 das waiting for your courier. i rescheduled pickup twice. nothing changed. need ths sorted this week. awaiting response harsh",Cx reported pkp missed. Re-raised pkp w/ crr. Full refund processed (945). Cx satisfied on chat. (SOP 2.7),helpdesk,945.0,2026-01,2026Q1,Ritika D'Souza,Returns Desk,1,Indore,Day,VA-HP-ST3,1.0,6299.0,2025-12-29,ST3-2509-3,2650,6999,12,Strata 3 Over-Ear Headphones,True,False,2990,False,True,"hi vireo support, got the strata 3 from vireo.in last month. i have been sitting at home for 3 das waiting for your courier. i rescheduled pickup twice. nothing changed. need ths sorted this week. awaiting response harsh Cx reported pkp missed. Re-raised pkp w/ crr. Full refund processed (945). Cx satisfied on chat. (SOP 2.7)",RETURN-QC-OK,0.5300077609590059,False
TK-247959,2025-12-08 10:35:00,2025-12-08 11:33:00,2025-12-08 12:06:00,resolved,voice,C103273,,VA-EB-PL2,Billing & Payments,Normal,Billing,A3034,0,,1487.0,GW-OTHER,N,[IVR transcript] HELLO JI PAYMENT WENT THROUGH BUT I GOT NO ORDER ID ABHI TAK KUCH NAHI HUA ??,closed (sop 5.4),helpdesk,1487.0,2025-12,2025Q4,Tanvi Rathore,Billing,1,Indore,Morning,,,,,,1480,3499,12,Pulse 2 True Wireless Earbuds,True,False,1820,False,True,[IVR transcript] HELLO JI PAYMENT WENT THROUGH BUT I GOT NO ORDER ID ABHI TAK KUCH NAHI HUA ?? closed (sop 5.4),DUP-PAYMENT,0.5285947007589967,False
TK-241118,2025-03-20 21:37:00,2025-03-21 00:01:00,2025-03-24 00:35:00,closed,email,C105101,VR894843,VA-SP-MINI,Billing & Payments,High,Billing,A3034,0,,118700.0,GW-OTHER,N,"refund was promised 12 days ago and nothing, waiting for ur reply",done. refund issued; replacement not applicable (out of stock).,legacy_fd,1187.0,2025-03,2025Q1,Tanvi Rathore,Billing,1,Indore,Morning,VA-SP-MINI,1.0,2374.0,2025-03-02,MINI-2501-2,980,2499,12,Orbit Mini Speaker,True,False,1320,False,True,"refund was promised 12 days ago and nothing, waiting for ur reply done. refund issued; replacement not applicable (out of stock).",RETURN-QC-OK,0.5285855659574911,False
TK-253123,2026-05-18 17:34:00,2026-05-18 18:22:00,2026-05-20 18:39:00,resolved,voice,C100393,,VA-SP-ORB,Returns & Refunds,Normal,Returns Desk,A3036,0,3.0,765.0,GW-OTHER,N,PICKUP SCHEDULED BUT NO ONE SHOWD UP,"Contact re pickup missed. Re-raised pickup with courier. Pickup done, refund initiated. Closing.",helpdesk,765.0,2026-05,2026Q2,Ritika D'Souza,Returns Desk,1,Indore,Day,,,,,,2300,5999,12,Orbit Smart Speaker,True,False,2640,False,True,"PICKUP SCHEDULED BUT NO ONE SHOWD UP Contact re pickup missed. Re-raised pickup with courier. Pickup done, refund initiated. Closing.",RETURN-QC-OK,0.527629268502129,False
TK-248859,2026-01-04 10:29:00,2026-01-04 15:14:00,2026-01-04 15:27:00,resolved,social,C104673,VR899705,VA-EB-PL2,Connectivity,Normal,Chat Frontline,A3009,0,2.0,2974.0,GW-OTHER,Y,Really frustrating. THIS IS REGARDING PULSE 2 BUDS. wors for music but useless for meetings. I already checked mic permissions. Escalate this to someone senior.,"Contact re low mic pickup. chk mic permissions on phone. rplc raised, RMA shared with cx. (SOP 3.1) -- Reversed the payment & dispatched a new one under RMA. //SUK",helpdesk,2974.0,2026-01,2026Q1,Sukhwinder Singh,Chat Frontline,1,Indore,Day,VA-EB-PL2,1.0,2974.0,2025-08-09,PL2-2505-2,1480,3499,12,Pulse 2 True Wireless Earbuds,True,True,1820,False,True,"Really frustrating. THIS IS REGARDING PULSE 2 BUDS. wors for music but useless for meetings. I already checked mic permissions. Escalate this to someone senior. Contact re low mic pickup. chk mic permissions on phone. rplc raised, RMA shared with cx. (SOP 3.1) -- Reversed the payment & dispatched a new one under RMA. //SUK",WTY-BUYBACK,0.5272663756723004,False
TK-248071,2025-12-10 22:06:00,2025-12-10 22:48:00,2025-12-10 22:58:00,resolved,chat,C107051,VR895679,VA-SW-NX2,Other,Normal,Chat Frontline,A3021,1,,6174.0,GW-OTHER,N,"hi sir
want to cancel my order
bhaut pareshan hu
my nexa 2 watch VR895679",cancel ord | checked shipment status -> rfnd of rs 6174 initiated to source | xfer email frontline ~Meera,helpdesk,6174.0,2025-12,2025Q4,Meera Mathew,Email Frontline,1,Bengaluru,Morning,VA-SW-NX2,1.0,6174.0,2025-11-30,NX2-2508-2,2450,6499,12,Nexa 2 Smartwatch,True,False,2790,False,True,"hi sir
want to cancel my order
bhaut pareshan hu
my nexa 2 watch VR895679 cancel ord | checked shipment status -> rfnd of rs 6174 initiated to source | xfer email frontline ~Meera",CANCEL,0.5264872030523227,False
TK-253989,2026-06-13 07:38:00,2026-06-13 18:55:00,2026-06-13 19:15:00,resolved,email,C102086,VR893047,VA-EB-PL2,Charging & Battery,Normal,Email Frontline,A3018,0,,3499.0,GW-OTHER,N,"To the Vireo Customer Care Team,

I am writing with reference to my order of Pulse 2 (VR893047) placed on March 06. Goes from full to empty during one commute. I have turned off always-on display. I request you to kindly arrange a replacement.

Regards,
Pranav Dutta
Bhopal","cx: rapid batery drain | advised disabling anc/aod to test -> advised settings change, cx satisfied.
Reversed the payment and dispatched a new one under RMA. ~Krishna",helpdesk,3499.0,2026-06,2026Q2,Krishna Bhatt,Email Frontline,1,Indore,Day,VA-EB-PL2,1.0,3499.0,2026-03-06,PL2-2511-1,1480,3499,12,Pulse 2 True Wireless Earbuds,True,False,1820,False,True,"To the Vireo Customer Care Team,

I am writing with reference to my order of Pulse 2 (VR893047) placed on March 06. Goes from full to empty during one commute. I have turned off always-on display. I request you to kindly arrange a replacement.

Regards,
Pranav Dutta
Bhopal cx: rapid batery drain | advised disabling anc/aod to test -> advised settings change, cx satisfied.
Reversed the payment and dispatched a new one under RMA. ~Krishna",WTY-BUYBACK,0.5246802124425761,False
TK-248082,2025-12-11 10:36:00,2025-12-11 11:24:00,2025-12-11 11:50:00,resolved,email,C103727,VR886568,VA-EB-PL2,Charging & Battery,Low,Email Frontline,A3022,0,4.0,3499.0,GW-OTHER,Y,"Dear team, Pulse2 purchased last month, order VR886568. The L bud is basically a paperweight now, R is fine. I tried another charger. Not acceptable at this price. How do I get this fixed? Awaitnig response","Cx says left earbud not taking charge. Tested w/ cx on call. Reset rslvd, cx confirmed left bud charging. (SOP 3.1) | Processed FR and raised RMA for new set.",helpdesk,3499.0,2025-12,2025Q4,Daniel Arora,Email Frontline,1,Indore,Morning,VA-EB-PL2,1.0,3499.0,2025-11-23,PL2-2508-3,1480,3499,12,Pulse 2 True Wireless Earbuds,True,True,1820,False,True,"Dear team, Pulse2 purchased last month, order VR886568. The L bud is basically a paperweight now, R is fine. I tried another charger. Not acceptable at this price. How do I get this fixed? Awaitnig response Cx says left earbud not taking charge. Tested w/ cx on call. Reset rslvd, cx confirmed left bud charging. (SOP 3.1) | Processed FR and raised RMA for new set.",WTY-BUYBACK,0.5208280754242348,False
TK-245423,2025-10-03 12:03:00,2025-10-03 14:03:00,2025-10-04 14:18:00,resolved,email,C103172,VR904281,VA-EB-PL2,Returns & Refunds,Normal,Returns Desk,A3036,1,,3324.0,GW-OTHER,Y,"Pathetic experience honestly. This is regarding pulse 2 buds. refund not received yet. I already emailed twice. I want a replacement or refund, nothing else.",Ticket raised for refnud delay. chk reverse pickup QC status. Refund of Rs 332 initiated to source. Will monitor. Reversed the payment & dispatched a new one under RMA.,helpdesk,3324.0,2025-10,2025Q4,Ritika D'Souza,Returns Desk,1,Indore,Day,VA-EB-PL2,1.0,3324.0,2025-09-19,PL2-2508-2,1480,3499,12,Pulse 2 True Wireless Earbuds,True,True,1820,False,True,"Pathetic experience honestly. This is regarding pulse 2 buds. refund not received yet. I already emailed twice. I want a replacement or refund, nothing else. Ticket raised for refnud delay. chk reverse pickup QC status. Refund of Rs 332 initiated to source. Will monitor. Reversed the payment & dispatched a new one under RMA.",RETURN-QC-OK,0.520718514720909,False
TK-245509,2025-10-06 08:37:00,2025-10-06 09:29:00,2025-10-06 09:49:00,resolved,social,C100164,VR896450,VA-AC-CBL,Billing & Payments,High,Billing,A3034,0,,32.0,GW-OTHER,N,"paid once, statement disagrees",done,helpdesk,32.0,2025-10,2025Q4,Tanvi Rathore,Billing,1,Indore,Morning,VA-AC-CBL,1.0,319.0,2025-09-27,CBL-2506-3,90,399,6,USB-C Braided Cable,True,False,430,False,False,"paid once, statement disagrees done",DUP-PAYMENT,0.5197865718565162,False
TK-241755,2025-04-22 05:56:00,2025-04-22 07:32:00,2025-05-04 09:14:00,closed,email,C100970,VR897385,VA-SW-NX2,Warranty & Repair,Normal,Escalations & Warranty,A3039,0,,552400.0,GW-OTHER,N,"dear sir/madam,

i am writing with reference to my order of nexa 2 placed on april 04.  the display just ignores my finger half the time. i have restarted. i request you to kindly arrange a replacement.

regards,
lobsang jain","issue: unresponsive display | asked for video -> replacement raised.
cx got the amount back, also sending a new set to keep him happy. ~Reyansh",legacy_fd,5524.0,2025-04,2025Q2,Reyansh Mishra,Escalations & Warranty,2,Bengaluru,Morning,VA-SW-NX2,1.0,5524.0,2025-04-04,NX2-2503-2,2450,6499,12,Nexa 2 Smartwatch,True,False,2790,False,True,"dear sir/madam,

i am writing with reference to my order of nexa 2 placed on april 04.  the display just ignores my finger half the time. i have restarted. i request you to kindly arrange a replacement.

regards,
lobsang jain issue: unresponsive display | asked for video -> replacement raised.
cx got the amount back, also sending a new set to keep him happy. ~Reyansh",DOA-REPL,0.5197250636500186,False
TK-240641,2025-02-20 08:11:00,2025-02-20 09:43:00,2025-02-20 10:05:00,resolved,email,C108764,VR905415,VA-SW-FIT,Billing & Payments,High,Billing,A3034,0,4.0,38000.0,GW-OTHER,N,"promo code shows invalid
VR905415
please advise",as discussed (sop 3.1),legacy_fd,380.0,2025-02,2025Q1,Tanvi Rathore,Billing,1,Indore,Morning,VA-SW-FIT,1.0,1899.0,2025-02-07,FIT-2411-1,850,1999,12,Nexa Fit Band,True,False,1190,False,False,"promo code shows invalid
VR905415
please advise as discussed (sop 3.1)",PRICE-ADJ,0.519434925790079,False
TK-252262,2026-04-18 20:36:00,2026-04-18 22:17:00,2026-04-18 22:50:00,resolved,email,C108551,VR883505,VA-EB-PL2,Billing & Payments,Normal,Billing,A3034,0,3.0,3499.0,GW-OTHER,N,"I am losing patience.  the Pulse 2 earbuds purchased around Diwali, order VR883505. two entries of Rs 1799 on my statement for one pair of earbuds. I already checked with bank. Refund. Now",resolved on call,helpdesk,3499.0,2026-04,2026Q2,Tanvi Rathore,Billing,1,Indore,Morning,VA-EB-PL2,1.0,3499.0,2026-04-06,PL2-2603-1,1480,3499,12,Pulse 2 True Wireless Earbuds,True,False,1820,False,True,"I am losing patience.  the Pulse 2 earbuds purchased around Diwali, order VR883505. two entries of Rs 1799 on my statement for one pair of earbuds. I already checked with bank. Refund. Now resolved on call",DUP-PAYMENT,0.5192514973929991,False
TK-250977,2026-03-11 10:25:00,2026-03-11 10:27:00,2026-03-11 10:55:00,resolved,chat,C107855,VR882817,VA-EB-PL2,Audio Quality,Normal,Chat Frontline,A3006,0,4.0,3499.0,GW-OTHER,Y,"helo
no sound from the right earbud
hello??","reset resolved. issue: right side silent. checked balance settings with cx.
issued refund + replacement both, tl aware. -VB",helpdesk,3499.0,2026-03,2026Q1,Varun Bhatt,Chat Frontline,1,Bengaluru,Morning,VA-EB-PL2,1.0,3499.0,2025-11-25,PL2-2509-2,1480,3499,12,Pulse 2 True Wireless Earbuds,True,True,1820,False,True,"helo
no sound from the right earbud
hello?? reset resolved. issue: right side silent. checked balance settings with cx.
issued refund + replacement both, tl aware. -VB",DOA-REPL,0.5182836599811442,False
TK-244152,2025-08-17 20:43:00,2025-08-17 20:46:00,2025-08-17 21:00:00,resolved,chat,C107335,,VA-EB-PL2,Billing & Payments,High,Billing,A3035,0,4.0,279900.0,GW-OTHER,N,"helo
refund was promised 17 days ago and nothing
hello??",-,legacy_fd,2799.0,2025-08,2025Q3,Dev Kulkarni,Billing,1,Bengaluru,Day,,,,,,1480,3499,12,Pulse 2 True Wireless Earbuds,True,False,1820,False,True,"helo
refund was promised 17 days ago and nothing
hello?? -",RETURN-QC-OK,0.5171760037066205,False
TK-247941,2025-12-07 21:39:00,2025-12-07 23:34:00,2025-12-08 00:03:00,resolved,voice,C104804,,VA-HP-ST3,Connectivity,Normal,Voice Frontline,A3002,0,3.0,6299.0,GW-OTHER,Y,[IVR transcript] Ths is very disappointing. Bought my Strata 3 headphones aronud 17/09 from vireo.in. not pairing with my phone. I already tried on another phone. This is the last time I buy from you.,"cx: pairing failure | checked phone os version -> re-pair successful, resolved on chat. -- refund done and new unit sent as one-time gesture. [closed]",helpdesk,6299.0,2025-12,2025Q4,Steven Ansari,Chat Frontline,1,Indore,Night,,,,,,2650,6999,12,Strata 3 Over-Ear Headphones,True,True,2990,False,True,"[IVR transcript] Ths is very disappointing. Bought my Strata 3 headphones aronud 17/09 from vireo.in. not pairing with my phone. I already tried on another phone. This is the last time I buy from you. cx: pairing failure | checked phone os version -> re-pair successful, resolved on chat. -- refund done and new unit sent as one-time gesture. [closed]",DOA-REPL,0.5168907370710022,False
TK-241292,2025-03-30 01:41:00,2025-03-30 03:49:00,2025-03-30 04:21:00,resolved,social,C104471,,VA-EB-AIR,Audio Quality,Normal,Chat Frontline,A3002,0,3.0,179900.0,GW-OTHER,N,"Dear Sir/Madam,

I am writing with reference to my order of airlite earbuds placed on 28 Feb. Keeps losing my phone if I walk to the other room. I have reset boh devices. I request you to look intto this matter at the earliest.

Yours faithfully,
Thomas Nair","issue: intermittent disconnects | advised to test in different location -> fw update resolved (sop 5.4) | refunded rs 1799 and also raised replacement, cx was very upset. [closed]",legacy_fd,1799.0,2025-03,2025Q1,Steven Ansari,Chat Frontline,1,Indore,Night,,,,,,760,1799,12,AirLite Earbuds,True,False,1100,False,True,"Dear Sir/Madam,

I am writing with reference to my order of airlite earbuds placed on 28 Feb. Keeps losing my phone if I walk to the other room. I have reset boh devices. I request you to look intto this matter at the earliest.

Yours faithfully,
Thomas Nair issue: intermittent disconnects | advised to test in different location -> fw update resolved (sop 5.4) | refunded rs 1799 and also raised replacement, cx was very upset. [closed]",WTY-BUYBACK,0.5168872831971931,False
TK-253997,2026-06-13 11:13:00,2026-06-13 11:22:00,2026-06-16 11:39:00,resolved,chat,C101832,VR882872,VA-HP-ST3,Delivery & Shipping,Low,Logistics,A3027,0,4.0,6299.0,GW-OTHER,Y,order status stuck on shipped since 07-06-2026,Cx reported delivery delayed. conf address with cx. Refund initiated as lost in transit. Case closed with cx consent. Reversed the payment and dispatched a new one under RMA.,helpdesk,6299.0,2026-06,2026Q2,Priya Agarwal,Logistics,1,Indore,Morning,VA-HP-ST3,1.0,6299.0,2026-06-07,ST3-2604-2,2650,6999,12,Strata 3 Over-Ear Headphones,True,True,2990,False,True,order status stuck on shipped since 07-06-2026 Cx reported delivery delayed. conf address with cx. Refund initiated as lost in transit. Case closed with cx consent. Reversed the payment and dispatched a new one under RMA.,WTY-BUYBACK,0.5163763010182945,False
TK-244622,2025-09-06 20:42:00,2025-09-06 21:40:00,2025-09-06 22:09:00,resolved,social,C105565,,VA-NB-ARC,Connectivity,Normal,Chat Frontline,A3009,0,3.0,123400.0,GW-OTHER,N,bluetooth keeps cutting out,"Customer states connection dropping. Checked interference sources. rplc raised. | Cx got the amount back, also sending a new set to keep him happy. //SUK",legacy_fd,1234.0,2025-09,2025Q3,Sukhwinder Singh,Chat Frontline,1,Indore,Day,,,,,,540,1299,12,Arc Neckband,True,False,880,False,True,"bluetooth keeps cutting out Customer states connection dropping. Checked interference sources. rplc raised. | Cx got the amount back, also sending a new set to keep him happy. //SUK",DOA-REPL,0.5156647032105452,False
TK-245625,2025-10-09 09:14:00,2025-10-09 09:17:00,2025-10-09 09:46:00,resolved,chat,C101000,VR890253,VA-SW-NX1,Billing & Payments,Normal,Billing,A3034,0,4.0,4999.0,GW-OTHER,N,"hey
my bank shows the same amount twice on the same day
the nexa smartwatch VR890253",full refund processed (4999) (sop 5.4),helpdesk,4999.0,2025-10,2025Q4,Tanvi Rathore,Billing,1,Indore,Morning,VA-SW-NX1,1.0,4999.0,2025-09-28,NX1-2506-2,1900,4999,12,Nexa Smartwatch,True,False,2240,False,True,"hey
my bank shows the same amount twice on the same day
the nexa smartwatch VR890253 full refund processed (4999) (sop 5.4)",DUP-PAYMENT,0.5141215745403277,False
TK-248507,2025-12-24 18:11:00,2025-12-24 18:16:00,2025-12-24 18:54:00,resolved,chat,C101145,VR891628,VA-EB-PL2,Connectivity,Normal,Chat Frontline,A3009,0,4.0,2799.0,GW-OTHER,Y,it goes silent for a second every few minutes and comes back. vr891628. can someone fix this?,"1. BT dropouts
2. chk interference sources
3. rplc raised.
Sent a new unit & released the money as well, cx was in tears on call. //SUK",helpdesk,2799.0,2025-12,2025Q4,Sukhwinder Singh,Chat Frontline,1,Indore,Day,VA-EB-PL2,1.0,2799.0,2025-10-08,PL2-2507-1,1480,3499,12,Pulse 2 True Wireless Earbuds,True,True,1820,False,True,"it goes silent for a second every few minutes and comes back. vr891628. can someone fix this? 1. BT dropouts
2. chk interference sources
3. rplc raised.
Sent a new unit & released the money as well, cx was in tears on call. //SUK",WTY-BUYBACK,0.5139821757263725,False
TK-249741,2026-02-02 08:37:00,2026-02-02 09:17:00,2026-02-02 09:48:00,resolved,social,C102331,VR882979,VA-SW-NX2,Billing & Payments,High,Billing,A3017,1,3.0,650.0,GW-OTHER,N,"Hi Vireo support, I bought the Nexa 2 on 25-01-2026. Paid once, statement disagrees. I checked with bank. Can someone fix this?",customer states duplicate payment. confirmed utrs. xfer to email frontline. rfnd of rs 650 initiated to source. -KS,helpdesk,650.0,2026-02,2026Q1,Kabir Singh,Email Frontline,1,Indore,Night,VA-SW-NX2,1.0,6499.0,2026-01-25,NX2-2512-1,2450,6499,12,Nexa 2 Smartwatch,True,False,2790,False,True,"Hi Vireo support, I bought the Nexa 2 on 25-01-2026. Paid once, statement disagrees. I checked with bank. Can someone fix this? customer states duplicate payment. confirmed utrs. xfer to email frontline. rfnd of rs 650 initiated to source. -KS",DUP-PAYMENT,0.5135121177981561,False
TK-245846,2025-10-15 15:55:00,2025-10-15 15:57:00,2025-10-16 16:19:00,resolved,chat,C105990,VR881924,VA-EB-PL2,Returns & Refunds,Low,Returns Desk,A3036,0,,6648.0,GW-OTHER,N,"TO THE VIREO CUSTOMER CARE TEAM,

I AM WRITING WITH REFERENCE TO MY ORDER OF PULSE 2 (VR881924) PLACED ON 04 OCT. Nobody came for the pickup. I have rescheduled pickup twice. I request you to look into this matter at the earliest.

Yours faithfully,
Pranav Malhotra","Customer reached out - pickup missed. Re-raised pickup with courier. Pickup done, rfeund initiated. Follow-up not required.",helpdesk,6648.0,2025-10,2025Q4,Ritika D'Souza,Returns Desk,1,Indore,Day,VA-EB-PL2,2.0,6648.0,2025-10-04,PL2-2509-1,1480,3499,12,Pulse 2 True Wireless Earbuds,True,False,1820,False,True,"TO THE VIREO CUSTOMER CARE TEAM,

I AM WRITING WITH REFERENCE TO MY ORDER OF PULSE 2 (VR881924) PLACED ON 04 OCT. Nobody came for the pickup. I have rescheduled pickup twice. I request you to look into this matter at the earliest.

Yours faithfully,
Pranav Malhotra Customer reached out - pickup missed. Re-raised pickup with courier. Pickup done, rfeund initiated. Follow-up not required.",RETURN-QC-OK,0.510494672510275,False
TK-250886,2026-03-07 13:14:00,2026-03-07 16:30:00,2026-03-15 18:02:00,resolved,email,C100155,VR900202,VA-SW-NX2,Warranty & Repair,Normal,Escalations & Warranty,A3041,0,5.0,12348.0,GW-OTHER,Y,"watch strap broke within a month, i want a replacement","1. Strap pin issue
2. Asked for photo
3. Escalated to wty. | Sent a new unit and released the money as well, cx was in tears on call.",helpdesk,12348.0,2026-03,2026Q1,Mohammed Mehta,Escalations & Warranty,2,Bengaluru,Day,VA-SW-NX2,2.0,12348.0,2026-01-26,NX2-2512-4,2450,6499,12,Nexa 2 Smartwatch,True,True,2790,False,True,"watch strap broke within a month, i want a replacement 1. Strap pin issue
2. Asked for photo
3. Escalated to wty. | Sent a new unit and released the money as well, cx was in tears on call.",WTY-BUYBACK,0.509145369637242,False
TK-250087,2026-02-12 10:53:00,2026-02-12 11:08:00,2026-02-12 11:27:00,resolved,chat,C108864,,VA-EB-PL2,Connectivity,Normal,Chat Frontline,A3007,0,,2974.0,GW-OTHER,N,"hey
it connects for a second and then vanishes from the device list
pulse 2
anyone there","reset done, paired ok. -- amount returned to card; fresh unit shipped from blr warehouse.",helpdesk,2974.0,2026-02,2026Q1,Abhishek Gupta,Chat Frontline,1,Indore,Morning,,,,,,1480,3499,12,Pulse 2 True Wireless Earbuds,True,False,1820,False,True,"hey
it connects for a second and then vanishes from the device list
pulse 2
anyone there reset done, paired ok. -- amount returned to card; fresh unit shipped from blr warehouse.",WTY-BUYBACK,0.508277158653253,False
TK-252978,2026-05-13 22:37:00,2026-05-13 22:57:00,2026-05-15 23:20:00,resolved,chat,C103022,VR888096,VA-EB-PL2,Returns & Refunds,Low,Returns Desk,A3032,1,2.0,3149.0,GW-OTHER,N,"hello vireo, this is regarding my pulse 2. nobody came for the pickup. need this sorted this week. please revert,","1. pkp missed
2. checked pkp awb
3. transferred to billing
4. refunded rs 3149 ~Sneha",helpdesk,3149.0,2026-05,2026Q2,Sneha Bansal,Billing,1,Indore,Morning,VA-EB-PL2,1.0,3149.0,2026-05-10,PL2-2602-4,1480,3499,12,Pulse 2 True Wireless Earbuds,True,False,1820,False,True,"hello vireo, this is regarding my pulse 2. nobody came for the pickup. need this sorted this week. please revert, 1. pkp missed
2. checked pkp awb
3. transferred to billing
4. refunded rs 3149 ~Sneha",RETURN-QC-OK,0.5081569162259004,False
TK-247489,2025-11-26 16:08:00,2025-11-26 18:24:00,2025-11-26 18:36:00,resolved,email,C103464,VR904128,VA-EB-AIR,Other,Normal,Email Frontline,A3018,0,,180.0,GW-OTHER,N,"hi sir
want to cancel my order
2 weeks ago se
help","cx: cancellation request | checked shipmnt status -> refund approved, rs 180, 5-7 working dasy",helpdesk,180.0,2025-11,2025Q4,Krishna Bhatt,Email Frontline,1,Indore,Day,VA-EB-AIR,1.0,1799.0,2025-11-23,AIR-2509-3,760,1799,12,AirLite Earbuds,True,False,1100,False,False,"hi sir
want to cancel my order
2 weeks ago se
help cx: cancellation request | checked shipmnt status -> refund approved, rs 180, 5-7 working dasy",CANCEL,0.507754154940329,False
TK-254466,2026-06-28 20:32:00,2026-06-28 21:16:00,2026-06-28 21:50:00,resolved,voice,C102650,VR885191,VA-SW-FIT,Charging & Battery,Low,Voice Frontline,A3026,0,,1699.0,GW-OTHER,Y,"[IVR transcript] I have to charge it twice a day now, it used to last days","Contact re rapid battery drain. chk usage pattern w/ cx. esc to wty.
Both rfnd & replacement given as cx threatened social media. //AAD",helpdesk,1699.0,2026-06,2026Q2,Aadhya Deshpande,Voice Frontline,1,Bengaluru,Day,VA-SW-FIT,1.0,1699.0,2026-06-18,FIT-2603-2,850,1999,12,Nexa Fit Band,True,True,1190,False,True,"[IVR transcript] I have to charge it twice a day now, it used to last days Contact re rapid battery drain. chk usage pattern w/ cx. esc to wty.
Both rfnd & replacement given as cx threatened social media. //AAD",WTY-BUYBACK,0.5069743178717924,False
TK-246379,2025-10-29 12:30:00,2025-10-29 12:35:00,2025-10-29 13:08:00,resolved,chat,C101302,,VA-HP-ST3,Audio Quality,Normal,Chat Frontline,A3033,1,2.0,11898.0,GW-OTHER,N,mic not working on calls,"1. mic not working on calls
2. tested on call with cx
3. xfer to billing
4. permissions fixed, rslvd.
full refund issued and replacement dispatched as goodwill.",helpdesk,11898.0,2025-10,2025Q4,Vikram Banerjee,Billing,1,Bengaluru,Morning,,,,,,2650,6999,12,Strata 3 Over-Ear Headphones,True,False,2990,False,True,"mic not working on calls 1. mic not working on calls
2. tested on call with cx
3. xfer to billing
4. permissions fixed, rslvd.
full refund issued and replacement dispatched as goodwill.",WTY-BUYBACK,0.5062115509795178,False
TK-251237,2026-03-19 07:03:00,2026-03-19 07:29:00,2026-03-19 07:38:00,resolved,email,C102303,VR881466,VA-AC-CASE,Other,Low,Email Frontline,A3020,0,,104.0,GW-OTHER,N,"ordered the wrong colour, don't ship it. i want my money back","refund approved, rs 104, 5-7 working days",helpdesk,104.0,2026-03,2026Q1,Aadhya Singh,Email Frontline,1,Bengaluru,Morning,VA-AC-CASE,1.0,1039.0,2026-03-09,CASE-2512-1,620,1299,6,Pulse Charging Case (spare),True,False,960,False,False,"ordered the wrong colour, don't ship it. i want my money back refund approved, rs 104, 5-7 working days",CANCEL,0.5061462861763422,False
TK-243718,2025-07-31 12:13:00,2025-07-31 12:16:00,2025-08-01 12:36:00,closed,chat,C107176,,VA-SW-FIT,Delivery & Shipping,Normal,Logistics,A3031,0,4.0,199900.0,GW-OTHER,N,PACKED THE BOX A WEEK AGO AND IT'S STILL HERE,-,legacy_fd,1999.0,2025-07,2025Q3,Zaid Desai,Logistics,1,Indore,Morning,,,,,,850,1999,12,Nexa Fit Band,True,False,1190,False,True,PACKED THE BOX A WEEK AGO AND IT'S STILL HERE -,RETURN-QC-OK,0.5060040457844092,False
TK-247093,2025-11-16 12:52:00,2025-11-16 15:23:00,2025-11-16 15:46:00,closed,voice,C108582,,VA-EB-PL1,Delivery & Shipping,Normal,Logistics,A3030,0,,2499.0,GW-OTHER,Y,[IVR transcript] hello ji box was crushed and teh the pulse buds is crcaked please jaldi anyone tere,"Customer states transit damage. chk w/ courier for damage claim. Replacement approved, reverse pickup arranged.
Refunded Rs 2499 & also raised replacement, cx was very upset. //AIS",helpdesk,2499.0,2025-11,2025Q4,Aishwarya Trivedi,Logistics,1,Indore,Day,,,,,,1120,2499,12,Pulse True Wireless Earbuds,True,True,1460,False,True,"[IVR transcript] hello ji box was crushed and teh the pulse buds is crcaked please jaldi anyone tere Customer states transit damage. chk w/ courier for damage claim. Replacement approved, reverse pickup arranged.
Refunded Rs 2499 & also raised replacement, cx was very upset. //AIS",DOA-REPL,0.5057680773337069,False
TK-248070,2025-12-10 21:39:00,2025-12-10 23:39:00,2025-12-11 23:50:00,closed,email,C105840,VR886122,VA-EB-PL2,Returns & Refunds,High,Returns Desk,A3038,0,,3499.0,GW-OTHER,N,"Hello Vireo, Order VR886122 (my Pulse 2). I have been sitting at home for 3 das waiting for your courier. I called courier. Nothing changed. Honestly regretting this purchase. Waiting for your reply. PLEASE REVERT,","1. pkp not done
2. Re-raised pkp with crr
3. rfnd approved, Rs 3499, 5-7 working days. Replacement was offered earlier by chat team, cx opted for refund.",helpdesk,3499.0,2025-12,2025Q4,Ankit Dhillon,Returns Desk,1,Bengaluru,Morning,VA-EB-PL2,1.0,3499.0,2025-11-29,PL2-2508-1,1480,3499,12,Pulse 2 True Wireless Earbuds,True,False,1820,False,True,"Hello Vireo, Order VR886122 (my Pulse 2). I have been sitting at home for 3 das waiting for your courier. I called courier. Nothing changed. Honestly regretting this purchase. Waiting for your reply. PLEASE REVERT, 1. pkp not done
2. Re-raised pkp with crr
3. rfnd approved, Rs 3499, 5-7 working days. Replacement was offered earlier by chat team, cx opted for refund.",RETURN-QC-OK,0.5056164514008138,False
TK-250722,2026-03-02 14:34:00,2026-03-02 18:47:00,2026-03-04 19:15:00,resolved,email,C104764,VR891655,VA-EB-PL2,Delivery & Shipping,Normal,Logistics,A3030,0,,560.0,GW-OTHER,N,"dera team,
ordered my pulse 2 last week. i haven't recieved my order.
please help.","1. Shipment not rcvd
2. Raised ticket with courier partner
3. RTO conf, reshipped //AIS",helpdesk,560.0,2026-03,2026Q1,Aishwarya Trivedi,Logistics,1,Indore,Day,VA-EB-PL2,1.0,2799.0,2026-02-26,PL2-2511-3,1480,3499,12,Pulse 2 True Wireless Earbuds,True,False,1820,False,True,"dera team,
ordered my pulse 2 last week. i haven't recieved my order.
please help. 1. Shipment not rcvd
2. Raised ticket with courier partner
3. RTO conf, reshipped //AIS",LOST-TRANSIT,0.5047651818554377,False
TK-253996,2026-06-13 10:43:00,2026-06-13 12:28:00,2026-06-13 12:51:00,resolved,email,C104682,VR893891,VA-SW-NX2,Returns & Refunds,Low,Returns Desk,A3037,0,4.0,12348.0,GW-OTHER,N,"helo
received damaged product",done ~Manish,helpdesk,12348.0,2026-06,2026Q2,Manish Iyer,Returns Desk,1,Indore,Morning,VA-SW-NX2,2.0,12348.0,2026-06-04,NX2-2603-2,2450,6499,12,Nexa 2 Smartwatch,True,False,2790,False,True,"helo
received damaged product done ~Manish",DOA-REPL,0.5043203629675768,False
TK-250703,2026-03-01 20:58:00,2026-03-01 21:00:00,2026-03-01 21:25:00,resolved,chat,C109338,VR909721,VA-EB-PL1,Audio Quality,Normal,Chat Frontline,A3009,0,,2374.0,GW-OTHER,N,"bhai
microphone is very low on teh pulse earbuds
pls jldi
pulse earbuds",cx states mic not working on calls. Tested on call w/ cx. Refunded Rs 2374. //SUK,helpdesk,2374.0,2026-03,2026Q1,Sukhwinder Singh,Chat Frontline,1,Indore,Day,VA-EB-PL1,1.0,2374.0,2025-12-27,PL1-2509-2,1120,2499,12,Pulse True Wireless Earbuds,True,False,1460,False,True,"bhai
microphone is very low on teh pulse earbuds
pls jldi
pulse earbuds cx states mic not working on calls. Tested on call w/ cx. Refunded Rs 2374. //SUK",WTY-BUYBACK,0.503076984410145,False
TK-248753,2026-01-01 08:07:00,2026-01-01 08:09:00,2026-01-01 08:34:00,resolved,chat,C103714,,VA-EB-PL2,Connectivity,Normal,Chat Frontline,A3011,0,,3499.0,GW-OTHER,N,IT CONNECTS FOR A SECOND & THEN VANISHES FROM THE DEVICE LIST,"Re-pair successful, rslvd on chat. Issue: device not discoverable. Walked through forget + re-pair. Sent a new unit & released the money as well, cx was in tears on call.",helpdesk,3499.0,2026-01,2026Q1,Rohit Gill,Chat Frontline,1,Bengaluru,Morning,,,,,,1480,3499,12,Pulse 2 True Wireless Earbuds,True,False,1820,False,True,"IT CONNECTS FOR A SECOND & THEN VANISHES FROM THE DEVICE LIST Re-pair successful, rslvd on chat. Issue: device not discoverable. Walked through forget + re-pair. Sent a new unit & released the money as well, cx was in tears on call.",DOA-REPL,0.5021826457731725,False
TK-247661,2025-11-30 17:11:00,2025-11-30 17:44:00,2025-11-30 18:16:00,resolved,voice,C106694,VR882515,VA-HP-ST3,Audio Quality,Normal,Voice Frontline,A3026,0,,6999.0,GW-OTHER,N,[IVR transcript] microphone is very low on the my Strata 3 headphones,"issue: mic not working on calls | tested on call with cx -> rplc raised. -- Cx got the amount back, also sending a new set to keep him happy. //AAD",helpdesk,6999.0,2025-11,2025Q4,Aadhya Deshpande,Voice Frontline,1,Bengaluru,Day,VA-HP-ST3,1.0,6999.0,2025-04-23,ST3-2503-2,2650,6999,12,Strata 3 Over-Ear Headphones,True,False,2990,False,True,"[IVR transcript] microphone is very low on the my Strata 3 headphones issue: mic not working on calls | tested on call with cx -> rplc raised. -- Cx got the amount back, also sending a new set to keep him happy. //AAD",WTY-BUYBACK,0.5019630690843863,False
TK-251633,2026-03-29 17:50:00,2026-03-29 18:20:00,2026-03-29 18:52:00,resolved,chat,C106421,VR891591,VA-SW-FIT,Connectivity,Low,Chat Frontline,A3014,0,,1999.0,GW-OTHER,N,"hello ji
bluetooth pairing fails every time
??","1. Unable to pair w/ phone
2. Checked phone OS version
3. Re-pair successful, rsllvd on caht. -- rfnd processed to source; rplc unit also shipped. -AD",helpdesk,1999.0,2026-03,2026Q1,Anjali D'Souza,Chat Frontline,1,Bengaluru,Day,VA-SW-FIT,1.0,1999.0,2026-02-21,FIT-2512-2,850,1999,12,Nexa Fit Band,True,False,1190,False,True,"hello ji
bluetooth pairing fails every time
?? 1. Unable to pair w/ phone
2. Checked phone OS version
3. Re-pair successful, rsllvd on caht. -- rfnd processed to source; rplc unit also shipped. -AD",WTY-BUYBACK,0.5012316446132756,False
TK-242771,2025-06-15 20:52:00,2025-06-15 21:07:00,2025-06-15 21:32:00,resolved,voice,C102558,,VA-EB-AIR,Charging & Battery,Normal,Voice Frontline,A3036,1,,152900.0,GW-OTHER,Y,"[IVR transcript] i am losing patience. bought airlie around 11/05 from amazon. case does not charge, no light at all. i allready charged for 6 hours nothing. escalaate this to someone senior.","Customer states case not charging. Asked cx to try different cable + adaptor. xfer to Returns Desk. Replacement raised, RMA shared w/ cx. Will monitor.
Amount returned to card; fresh unit shipped from BLR warehouse.",legacy_fd,1529.0,2025-06,2025Q2,Ritika D'Souza,Returns Desk,1,Indore,Day,,,,,,760,1799,12,AirLite Earbuds,True,True,1100,False,True,"[IVR transcript] i am losing patience. bought airlie around 11/05 from amazon. case does not charge, no light at all. i allready charged for 6 hours nothing. escalaate this to someone senior. Customer states case not charging. Asked cx to try different cable + adaptor. xfer to Returns Desk. Replacement raised, RMA shared w/ cx. Will monitor.
Amount returned to card; fresh unit shipped from BLR warehouse.",WTY-BUYBACK,0.49813889970318337,False
TK-253451,2026-05-27 18:08:00,2026-05-27 18:31:00,2026-05-27 18:52:00,resolved,chat,C105670,VR902816,VA-HP-ST3,Audio Quality,Normal,Chat Frontline,A3009,0,,6999.0,GW-OTHER,N,"helo
i hear music in one ear only, other is mute",Cust contacted re no audio one side. Asked cx to check bud in case. Escalated to warranty. | Refund processed to source; rplc unit also shipped. //SUK,helpdesk,6999.0,2026-05,2026Q2,Sukhwinder Singh,Chat Frontline,1,Indore,Day,VA-HP-ST3,1.0,6999.0,2025-12-21,ST3-2510-1,2650,6999,12,Strata 3 Over-Ear Headphones,True,False,2990,False,True,"helo
i hear music in one ear only, other is mute Cust contacted re no audio one side. Asked cx to check bud in case. Escalated to warranty. | Refund processed to source; rplc unit also shipped. //SUK",WTY-BUYBACK,0.4981020747712662,False
TK-244458,2025-08-31 19:27:00,2025-08-31 20:47:00,2025-08-31 21:07:00,resolved,email,C105887,,VA-EB-PL1,Delivery & Shipping,High,Logistics,A3030,0,4.0,22500.0,GW-OTHER,N,"hii
screen has a crack before i even switched it on
help",as discussed //AIS,legacy_fd,225.0,2025-08,2025Q3,Aishwarya Trivedi,Logistics,1,Indore,Day,,,,,,1120,2499,12,Pulse True Wireless Earbuds,True,False,1460,False,False,"hii
screen has a crack before i even switched it on
help as discussed //AIS",DOA-REPL,0.49732471607411693,False
TK-254495,2026-06-29 18:31:00,2026-06-30 04:22:00,2026-06-30 04:38:00,resolved,email,C104432,VR896324,VA-AC-CASE,Other,Low,Email Frontline,A3001,0,4.0,1169.0,GW-OTHER,N,"sir ji
want to cancel my order
please jaldi
spare case
help",cx: ordre cancellation | checekd shipment status -> refund of rs 1169 initiated to source ~Suresh,helpdesk,1169.0,2026-06,2026Q2,Suresh Kaur,Chat Frontline,1,Indore,Night,VA-AC-CASE,1.0,1169.0,2026-06-17,CASE-2605-2,620,1299,6,Pulse Charging Case (spare),True,False,960,False,True,"sir ji
want to cancel my order
please jaldi
spare case
help cx: ordre cancellation | checekd shipment status -> refund of rs 1169 initiated to source ~Suresh",CANCEL,0.49683813421725814,False
TK-251620,2026-03-29 11:38:00,2026-03-29 11:41:00,2026-03-29 12:16:00,resolved,chat,C104610,VR897550,VA-NB-ARC,Connectivity,High,Chat Frontline,A3013,0,2.0,1299.0,GW-OTHER,Y,"bluetooth keeps cutting out, VR897550, i want my money back","1. connection droppping
2. advised to tet in different location
3. replacement raised, rma shared with cx. | refunded rs 1299 and also raised replacement, cx was very upset. ~Rohit",helpdesk,1299.0,2026-03,2026Q1,Rohit Nair,Chat Frontline,1,Bengaluru,Morning,VA-NB-ARC,1.0,1299.0,2025-12-11,ARC-2510-3,540,1299,12,Arc Neckband,True,True,880,False,True,"bluetooth keeps cutting out, VR897550, i want my money back 1. connection droppping
2. advised to tet in different location
3. replacement raised, rma shared with cx. | refunded rs 1299 and also raised replacement, cx was very upset. ~Rohit",WTY-BUYBACK,0.4967719141654012,False
TK-245112,2025-09-23 14:27:00,2025-09-23 14:43:00,2025-09-26 15:07:00,resolved,voice,C104487,,VA-HP-ST3,Other,Normal,Voice Frontline,A3026,0,3.0,6299.0,GW-OTHER,N,"hello ji
my order has not been delivered yet
kal se
the strata 3
??","issue: dlvry delayed | raised ticket w/ crr partner -> rto conf, reshipped. Issued refund + rplc both, TL aware. //AAD",helpdesk,6299.0,2025-09,2025Q3,Aadhya Deshpande,Voice Frontline,1,Bengaluru,Day,,,,,,2650,6999,12,Strata 3 Over-Ear Headphones,True,False,2990,False,True,"hello ji
my order has not been delivered yet
kal se
the strata 3
?? issue: dlvry delayed | raised ticket w/ crr partner -> rto conf, reshipped. Issued refund + rplc both, TL aware. //AAD",LOST-TRANSIT,0.4961665649517294,False
TK-240242,2025-01-18 13:14:00,2025-01-18 13:14:00,2025-01-18 13:52:00,resolved,chat,C103306,,VA-EB-PL1,Other,Normal,Chat Frontline,A3007,0,,249900.0,GW-OTHER,N,Not what I expected from Vireo. Bought the Pulse buds around 17/12 from Flipkart. keeps losing my phone if I walk to the other room. I already kept phone in hand. Fix this or I am posting on twitter.,"rplc approved, reverse pkp arranged. amount returned to card; fresh unit shipped from blr warehouse.",legacy_fd,2499.0,2025-01,2025Q1,Abhishek Gupta,Chat Frontline,1,Indore,Morning,,,,,,1120,2499,12,Pulse True Wireless Earbuds,True,False,1460,False,True,"Not what I expected from Vireo. Bought the Pulse buds around 17/12 from Flipkart. keeps losing my phone if I walk to the other room. I already kept phone in hand. Fix this or I am posting on twitter. rplc approved, reverse pkp arranged. amount returned to card; fresh unit shipped from blr warehouse.",WTY-BUYBACK,0.49551475664506933,False
TK-241067,2025-03-17 04:30:00,2025-03-17 04:32:00,2025-03-18 05:06:00,resolved,chat,C100210,VR904381,VA-SP-MINI,Returns & Refunds,Low,Returns Desk,A3017,1,,237400.0,GW-OTHER,N,received the wrong item - can someone fix this?,new unit shipped under doa. issue: incorrect product shipped. verified ord vs delivered item photos. via email frontline. -- full rfnd issued & replacement dispatched as goodwill. -KS,legacy_fd,2374.0,2025-03,2025Q1,Kabir Singh,Email Frontline,1,Indore,Night,VA-SP-MINI,1.0,2374.0,2025-03-05,MINI-2502-4,980,2499,12,Orbit Mini Speaker,True,False,1320,False,True,received the wrong item - can someone fix this? new unit shipped under doa. issue: incorrect product shipped. verified ord vs delivered item photos. via email frontline. -- full rfnd issued & replacement dispatched as goodwill. -KS,WTY-BUYBACK,0.4954907272889162,False
TK-242621,2025-06-07 21:50:00,2025-06-07 22:58:00,2025-06-07 23:19:00,resolved,social,C105128,,VA-EB-PL1,Other,Normal,Chat Frontline,A3028,2,,337.0,GW-OTHER,N,i am losing patience.  got pulse 1 from flipkart last week. package not delivered even after 11 days. i already called teh courier. refund. now,ticket raised for ord not delivered. raised ticket w/ crr partner. xfer to logistics. refunded rs 337.,helpdesk,337.0,2025-06,2025Q2,Sameer Kapoor,Logistics,1,Indore,Morning,,,,,,1120,2499,12,Pulse True Wireless Earbuds,True,False,1460,False,False,i am losing patience.  got pulse 1 from flipkart last week. package not delivered even after 11 days. i already called teh courier. refund. now ticket raised for ord not delivered. raised ticket w/ crr partner. xfer to logistics. refunded rs 337.,LOST-TRANSIT,0.49541906508470795,False
TK-246358,2025-10-28 19:49:00,2025-10-28 20:53:00,2025-10-28 21:18:00,resolved,voice,C108175,VR897102,VA-EB-AIR,Billing & Payments,High,Billing,A3036,2,,1799.0,GW-OTHER,N,"[IVR transcript] Dear Sir/Madam, This is regarding AirLite. Refund not received yet. I checked bank. Not acceptalbe at thsi price. Can someone fix this?","Customer states refund pending. Checked reverse pikup QC status. xfr to Returns Desk. Refund approved, Rs 1799, 5-7 working days. Closing. (SOP 5.4)",helpdesk,1799.0,2025-10,2025Q4,Ritika D'Souza,Returns Desk,1,Indore,Day,VA-EB-AIR,1.0,1799.0,2025-10-23,AIR-2509-3,760,1799,12,AirLite Earbuds,True,False,1100,False,True,"[IVR transcript] Dear Sir/Madam, This is regarding AirLite. Refund not received yet. I checked bank. Not acceptalbe at thsi price. Can someone fix this? Customer states refund pending. Checked reverse pikup QC status. xfr to Returns Desk. Refund approved, Rs 1799, 5-7 working days. Closing. (SOP 5.4)",RETURN-QC-OK,0.4953657555913096,False
TK-254504,2026-06-29 23:59:00,2026-06-30 00:01:00,2026-07-01 00:17:00,closed,chat,C105992,VR885073,VA-SW-NX2,Other,Normal,Chat Frontline,A3002,0,,6174.0,GW-OTHER,N,"Hey, Got Nexa 2 from Amazon last month. Tracking has said out for delivery for a week now. I checked with neighbours. Please resolve asap. Regards,",re: delivery delayed | confirmed address with cx -> refunded rs 6174 (sop 5.4),helpdesk,6174.0,2026-06,2026Q2,Steven Ansari,Chat Frontline,1,Indore,Night,VA-SW-NX2,1.0,6174.0,2026-06-16,NX2-2603-3,2450,6499,12,Nexa 2 Smartwatch,True,False,2790,False,True,"Hey, Got Nexa 2 from Amazon last month. Tracking has said out for delivery for a week now. I checked with neighbours. Please resolve asap. Regards, re: delivery delayed | confirmed address with cx -> refunded rs 6174 (sop 5.4)",LOST-TRANSIT,0.4951169398761743,False
TK-254270,2026-06-22 19:02:00,2026-06-22 22:23:00,2026-06-23 22:38:00,resolved,social,C108413,VR896029,VA-EB-AIR,Returns & Refunds,Normal,Returns Desk,A3037,0,4.0,1529.0,GW-OTHER,N,"i have been a loyal customer & this is how you treat me. airlite purchased in may, order vr896029. nobody came for the pickup. i already called courier. fix this or i am posting on twitter.",refunded rs 1529. issue: pickup missed. checked pickup awb. ~Manish,helpdesk,1529.0,2026-06,2026Q2,Manish Iyer,Returns Desk,1,Indore,Morning,VA-EB-AIR,1.0,1529.0,2026-05-30,AIR-2602-1,760,1799,12,AirLite Earbuds,True,False,1100,False,True,"i have been a loyal customer & this is how you treat me. airlite purchased in may, order vr896029. nobody came for the pickup. i already called courier. fix this or i am posting on twitter. refunded rs 1529. issue: pickup missed. checked pickup awb. ~Manish",RETURN-QC-OK,0.4940275818949812,False
TK-253679,2026-06-03 10:16:00,2026-06-03 10:20:00,2026-06-03 10:37:00,resolved,chat,C100464,,VA-EB-PL2,Returns & Refunds,Normal,Returns Desk,A3038,0,,2799.0,GW-OTHER,N,"Hi there, This is regarding pulse 2 buds. Refund was promised 10 days ago and nothing. I emailed twice. Please help. Awaiting response","1. Refund pending
2. chk reverse pkp QC status
3. ARN shared with cx. Processed FR and raised RMA for new set.",helpdesk,2799.0,2026-06,2026Q2,Ankit Dhillon,Returns Desk,1,Bengaluru,Morning,,,,,,1480,3499,12,Pulse 2 True Wireless Earbuds,True,False,1820,False,True,"Hi there, This is regarding pulse 2 buds. Refund was promised 10 days ago and nothing. I emailed twice. Please help. Awaiting response 1. Refund pending
2. chk reverse pkp QC status
3. ARN shared with cx. Processed FR and raised RMA for new set.",RETURN-QC-OK,0.4938537632104573,False
TK-240963,2025-03-10 19:58:00,2025-03-10 20:58:00,2025-03-10 21:18:00,resolved,email,C100871,,VA-SW-FIT,Delivery & Shipping,Normal,Logistics,A3030,0,3.0,1599.0,GW-OTHER,Y,"Hi team, This is regarding Nxea Fit. Order not delivered, tracking not updating. I called the courier. Nothing changed. I wnt a replacement. Please revert","Reported: ord not delivered. Raised ticket with courier partner. RTO conf, reshipped. -- Cx got the amount back, also sending a new set to keep him happy. //AIS",helpdesk,1599.0,2025-03,2025Q1,Aishwarya Trivedi,Logistics,1,Indore,Day,,,,,,850,1999,12,Nexa Fit Band,True,True,1190,False,True,"Hi team, This is regarding Nxea Fit. Order not delivered, tracking not updating. I called the courier. Nothing changed. I wnt a replacement. Please revert Reported: ord not delivered. Raised ticket with courier partner. RTO conf, reshipped. -- Cx got the amount back, also sending a new set to keep him happy. //AIS",LOST-TRANSIT,0.49358328057326056,False
TK-254465,2026-06-28 18:14:00,2026-06-28 18:49:00,2026-06-30 19:01:00,resolved,email,C106149,VR896666,VA-EB-PL2,Returns & Refunds,Normal,Returns Desk,A3036,0,3.0,3324.0,GW-OTHER,Y,"hello
still waiting for my refund","Customer reached out - reffund pending. chk reverse pickup QC status. Fuull refund processed (3324). Cx informed. (SOP 3.1)
Reversed the payment & dispatched a new one under RMA.",helpdesk,3324.0,2026-06,2026Q2,Ritika D'Souza,Returns Desk,1,Indore,Day,VA-EB-PL2,1.0,3324.0,2026-06-23,PL2-2606-3,1480,3499,12,Pulse 2 True Wireless Earbuds,True,True,1820,False,True,"hello
still waiting for my refund Customer reached out - reffund pending. chk reverse pickup QC status. Fuull refund processed (3324). Cx informed. (SOP 3.1)
Reversed the payment & dispatched a new one under RMA.",RETURN-QC-OK,0.49251399669064594,False
TK-246022,2025-10-20 12:21:00,2025-10-20 12:27:00,2025-10-23 12:37:00,resolved,chat,C100390,VR905513,VA-SW-NX1,Returns & Refunds,High,Returns Desk,A3021,1,,3999.0,GW-OTHER,N,not what i expected from vireo. i bought my nea on october 02. i have been sitting at home for 3 days waiting for ur courier. i already rescheduled pickup twice. this is the last time i buy from u.,"reverse pickup pending | re-raised pickup w/ crr -> pickup done, rfnd initiated | xfer email frontline.
Refunded Rs 3999 and also raised replacement, cx was very upset. ~Meera",helpdesk,3999.0,2025-10,2025Q4,Meera Mathew,Email Frontline,1,Bengaluru,Morning,VA-SW-NX1,1.0,3999.0,2025-10-02,NX1-2508-3,1900,4999,12,Nexa Smartwatch,True,False,2240,False,True,"not what i expected from vireo. i bought my nea on october 02. i have been sitting at home for 3 days waiting for ur courier. i already rescheduled pickup twice. this is the last time i buy from u. reverse pickup pending | re-raised pickup w/ crr -> pickup done, rfnd initiated | xfer email frontline.
Refunded Rs 3999 and also raised replacement, cx was very upset. ~Meera",RETURN-QC-OK,0.49233937271461864,False
TK-243408,2025-07-19 13:12:00,2025-07-19 13:18:00,2025-07-19 13:52:00,resolved,chat,C107861,,VA-EB-AIR,Connectivity,Low,Chat Frontline,A3013,0,3.0,170900.0,GW-OTHER,N,"Hi there, Thsi is regarding AirLite. Bluetooth pairing fails every time. I want a replacement. Regards, Megha Pillai","re-pair successful, resovled on chat. issue: unable to pair with phone. walked through forget + re-pair. refund + rplc, cx escalation avoided. ~Rohit",legacy_fd,1709.0,2025-07,2025Q3,Rohit Nair,Chat Frontline,1,Bengaluru,Morning,,,,,,760,1799,12,AirLite Earbuds,True,False,1100,False,True,"Hi there, Thsi is regarding AirLite. Bluetooth pairing fails every time. I want a replacement. Regards, Megha Pillai re-pair successful, resovled on chat. issue: unable to pair with phone. walked through forget + re-pair. refund + rplc, cx escalation avoided. ~Rohit",WTY-BUYBACK,0.49211308057174213,False
TK-244910,2025-09-15 21:07:00,2025-09-15 22:19:00,2025-09-15 22:33:00,resolved,voice,C101252,,VA-EB-AIR,Connectivity,High,Voice Frontline,A3003,0,,1799.0,GW-OTHER,Y,[IVR transcript] pairing is not working,"1. Device not discoverable
2. Asked cx to reset teh device
3. Re-pair successful, resolved on chat (SOP 2.7)
Both refund and replacement given as cx threatened social media. -KS",helpdesk,1799.0,2025-09,2025Q3,Komal Singh,Chat Frontline,1,Indore,Night,,,,,,760,1799,12,AirLite Earbuds,True,True,1100,False,True,"[IVR transcript] pairing is not working 1. Device not discoverable
2. Asked cx to reset teh device
3. Re-pair successful, resolved on chat (SOP 2.7)
Both refund and replacement given as cx threatened social media. -KS",WTY-BUYBACK,0.4916323022205075,False
TK-253966,2026-06-12 10:49:00,2026-06-12 14:40:00,2026-06-12 14:50:00,resolved,email,C107441,VR908750,VA-AC-CASE,Delivery & Shipping,Normal,Logistics,A3030,0,,1299.0,GW-OTHER,N,"Dear Sir/Madam,

I am writing with reference to my order of spare case (VR908750) placed on June 02. The courier marked it delvered but nobody in my house got anything. I have chcked the tracking page daily. I request u to look into this matter at the earliest.

Regards,
Kabir Arora","Cust contacted re shipment not received. Confirmed address with cx. RTO confirmed, reshipped. -- refund + rplc, cx escalation avoided. //AIS",helpdesk,1299.0,2026-06,2026Q2,Aishwarya Trivedi,Logistics,1,Indore,Day,VA-AC-CASE,1.0,1299.0,2026-06-02,CASE-2603-4,620,1299,6,Pulse Charging Case (spare),True,False,960,False,True,"Dear Sir/Madam,

I am writing with reference to my order of spare case (VR908750) placed on June 02. The courier marked it delvered but nobody in my house got anything. I have chcked the tracking page daily. I request u to look into this matter at the earliest.

Regards,
Kabir Arora Cust contacted re shipment not received. Confirmed address with cx. RTO confirmed, reshipped. -- refund + rplc, cx escalation avoided. //AIS",LOST-TRANSIT,0.490382952440865,False
TK-240354,2025-01-29 12:31:00,2025-01-29 12:49:00,2025-01-29 13:03:00,resolved,email,C103656,VR896770,VA-EB-PL1,Other,Normal,Email Frontline,A3019,0,4.0,4248.0,GW-OTHER,N,bought the pulse buds around 22-01-2025 from amazon. want to cancel my order. please help. regards aarav khanna,cx: cancel ord | chk shipment satus -> refunded rs 4248,helpdesk,4248.0,2025-01,2025Q1,Kavya Agarwal,Email Frontline,1,Indore,Morning,VA-EB-PL1,2.0,4248.0,2025-01-22,PL1-2412-2,1120,2499,12,Pulse True Wireless Earbuds,True,False,1460,False,True,bought the pulse buds around 22-01-2025 from amazon. want to cancel my order. please help. regards aarav khanna cx: cancel ord | chk shipment satus -> refunded rs 4248,CANCEL,0.4900034598889633,False
TK-249324,2026-01-20 13:27:00,2026-01-20 14:50:00,2026-01-20 15:27:00,resolved,voice,C103408,VR903336,VA-SW-FIT,Connectivity,Normal,Voice Frontline,A3021,1,,1699.0,GW-OTHER,N,"helo
cannot pair nexa fit with my laptop
nexa fit","cx: pairing failure | asked cx to reset the device -> re-pair successful, rslvd on chat | xfer email frontline. Processed FR & raised RMA for new set. ~Meera",helpdesk,1699.0,2026-01,2026Q1,Meera Mathew,Email Frontline,1,Bengaluru,Morning,VA-SW-FIT,1.0,1699.0,2025-11-10,FIT-2509-2,850,1999,12,Nexa Fit Band,True,False,1190,False,True,"helo
cannot pair nexa fit with my laptop
nexa fit cx: pairing failure | asked cx to reset the device -> re-pair successful, rslvd on chat | xfer email frontline. Processed FR & raised RMA for new set. ~Meera",DOA-REPL,0.4890719094698015,False
TK-244880,2025-09-14 23:14:00,2025-09-15 05:56:00,2025-09-15 06:36:00,resolved,email,C104362,VR887389,VA-EB-AIR,Charging & Battery,Normal,Email Frontline,A3016,0,2.0,1799.0,GW-OTHER,N,"goes from full to empty during one commute
VR887389","Reported: rapid battery drain. chk usage pattern w/ cx. Advised settings change, cx satisfied. (SOP 5.4) Refunded Rs 1799 and also raised replacement, cx was very upset. -TK",helpdesk,1799.0,2025-09,2025Q3,Thomas Kumar,Email Frontline,1,Indore,Night,VA-EB-AIR,1.0,1799.0,2025-08-04,AIR-2507-4,760,1799,12,AirLite Earbuds,True,False,1100,False,True,"goes from full to empty during one commute
VR887389 Reported: rapid battery drain. chk usage pattern w/ cx. Advised settings change, cx satisfied. (SOP 5.4) Refunded Rs 1799 and also raised replacement, cx was very upset. -TK",WTY-BUYBACK,0.48819021952391495,False
TK-253345,2026-05-24 21:52:00,2026-05-24 22:40:00,2026-06-02 00:19:00,resolved,social,C102407,,VA-SP-MINI,Other,Normal,Chat Frontline,A3017,0,,2124.0,GW-OTHER,Y,"team,
no update on my repair
pls jalldi
the mini speaker","cx reached out - rma status query. followed up w/ service centre. replacement raised, rma shared w/ cx. cx got the amount back, also sending a new set to keep him happy. -KS",helpdesk,2124.0,2026-05,2026Q2,Kabir Singh,Email Frontline,1,Indore,Night,,,,,,980,2499,12,Orbit Mini Speaker,True,True,1320,False,True,"team,
no update on my repair
pls jalldi
the mini speaker cx reached out - rma status query. followed up w/ service centre. replacement raised, rma shared w/ cx. cx got the amount back, also sending a new set to keep him happy. -KS",DOA-REPL,0.48727685050611463,False
TK-254433,2026-06-27 20:15:00,2026-06-27 23:54:00,2026-06-28 00:20:00,closed,email,C103860,,VA-EB-PL2,Charging & Battery,Normal,Email Frontline,A3001,0,4.0,3324.0,GW-OTHER,N,"hi sir
the l bud is basically a paperweight now, r is fine
3 weeks back se
hello??","issue: l bud no charge in case | walked through factory reset -> reset resolved, cx confirmed left bud charging. | reversed the payment and dispatched a new one under rma. ~Suresh",helpdesk,3324.0,2026-06,2026Q2,Suresh Kaur,Chat Frontline,1,Indore,Night,,,,,,1480,3499,12,Pulse 2 True Wireless Earbuds,True,False,1820,False,True,"hi sir
the l bud is basically a paperweight now, r is fine
3 weeks back se
hello?? issue: l bud no charge in case | walked through factory reset -> reset resolved, cx confirmed left bud charging. | reversed the payment and dispatched a new one under rma. ~Suresh",WTY-BUYBACK,0.4869497558376354,False
TK-249993,2026-02-09 04:37:00,2026-02-09 06:27:00,2026-02-09 06:46:00,resolved,email,C107566,,VA-SW-FIT,Delivery & Shipping,Normal,Logistics,A3031,0,,1799.0,GW-OTHER,N,"hi
return pickup has not happened
the fit band
urgent","full refund processed (1799)
Cx asked for replacement + refund, explained policy, refund only.",helpdesk,1799.0,2026-02,2026Q1,Zaid Desai,Logistics,1,Indore,Morning,,,,,,850,1999,12,Nexa Fit Band,True,False,1190,False,True,"hi
return pickup has not happened
the fit band
urgent full refund processed (1799)
Cx asked for replacement + refund, explained policy, refund only.",RETURN-QC-OK,0.48609769984803597,False
TK-240279,2025-01-22 12:18:00,2025-01-22 13:02:00,2025-01-22 13:36:00,resolved,email,C106216,,VA-EB-AIR,Other,Low,Email Frontline,A3022,0,,179900.0,GW-OTHER,N,"helo
random disconnects during calls
airlite earbuds
??",Cx reported intermittent disconnects. Advised to test in different location. rfnd of Rs 1799 initiated to source. (SOP 3.1),legacy_fd,1799.0,2025-01,2025Q1,Daniel Arora,Email Frontline,1,Indore,Morning,,,,,,760,1799,12,AirLite Earbuds,True,False,1100,False,True,"helo
random disconnects during calls
airlite earbuds
?? Cx reported intermittent disconnects. Advised to test in different location. rfnd of Rs 1799 initiated to source. (SOP 3.1)",WTY-BUYBACK,0.4853723711199366,False
TK-241273,2025-03-28 20:48:00,2025-03-28 20:52:00,2025-03-28 21:17:00,closed,chat,C107518,VR893760,VA-EB-PL1,Audio Quality,Normal,Chat Frontline,A3014,0,3.0,224900.0,GW-OTHER,N,"This is very disappointing. This is regarding Pulse earbuds. I hear music in one ear only, other is mute. I already checked balance settings. This is the last time I buy from you.",rplc raised. Issue: single side audio only. Asked cx to chek bud in case. -AD,legacy_fd,2249.0,2025-03,2025Q1,Anjali D'Souza,Chat Frontline,1,Bengaluru,Day,VA-EB-PL1,1.0,2249.0,2025-01-06,PL1-2411-1,1120,2499,12,Pulse True Wireless Earbuds,True,False,1460,False,True,"This is very disappointing. This is regarding Pulse earbuds. I hear music in one ear only, other is mute. I already checked balance settings. This is the last time I buy from you. rplc raised. Issue: single side audio only. Asked cx to chek bud in case. -AD",WTY-BUYBACK,0.4840637705226196,False
TK-240564,2025-02-14 11:17:00,2025-02-14 12:09:00,2025-02-14 12:29:00,resolved,email,C108796,VR894083,VA-NB-ARC,Audio Quality,Normal,Email Frontline,A3022,0,4.0,129900.0,GW-OTHER,N,mic not working on calls.  VR894083. can someone fix this?,Ticket raised for mic issue. Tested on call w/ cx. Refund of Rs 1299 initiated to source.,legacy_fd,1299.0,2025-02,2025Q1,Daniel Arora,Email Frontline,1,Indore,Morning,VA-NB-ARC,1.0,1299.0,2024-10-17,ARC-2408-2,540,1299,12,Arc Neckband,True,False,880,False,True,mic not working on calls.  VR894083. can someone fix this? Ticket raised for mic issue. Tested on call w/ cx. Refund of Rs 1299 initiated to source.,WTY-BUYBACK,0.4831051697357221,False
TK-250624,2026-02-27 10:16:00,2026-02-27 10:18:00,2026-03-02 12:23:00,resolved,chat,C107407,VR909946,VA-EB-AIR,Warranty & Repair,Normal,Escalations & Warranty,A3039,0,,1619.0,GW-OTHER,N,I am losing patience.  This is regarding airlite earbuds. I sent the unit in 8 days ago and have heard nothing. I already emailed twice. This is the last tmie I buy from you.,"cx: rma status query | checked rma status -> replacement raised, rma shared with cx (sop 4.2) | issued refund + replacement both, tl aware. ~Reyansh",helpdesk,1619.0,2026-02,2026Q1,Reyansh Mishra,Escalations & Warranty,2,Bengaluru,Morning,VA-EB-AIR,1.0,1619.0,2025-10-22,AIR-2508-3,760,1799,12,AirLite Earbuds,True,False,1100,False,True,"I am losing patience.  This is regarding airlite earbuds. I sent the unit in 8 days ago and have heard nothing. I already emailed twice. This is the last tmie I buy from you. cx: rma status query | checked rma status -> replacement raised, rma shared with cx (sop 4.2) | issued refund + replacement both, tl aware. ~Reyansh",DOA-REPL,0.48180393365269775,False
TK-252118,2026-04-13 19:50:00,2026-04-13 21:43:00,2026-04-13 22:06:00,resolved,email,C108658,,VA-SW-NX2,Returns & Refunds,Low,Returns Desk,A3036,0,5.0,2470.0,GW-OTHER,N,"Dear Sir/Madam,

I am writing with reference to my order of my Nexa 2 watch placed on 01-04-2026. Pickup scheduled but no one showed up. I have rescheduled pickup twice. I request you to provide a resolution within 3 working days.

Regards,
Lakshmi George
Kolkata","Refund approved, Rs 2470, 5-7 working days. Issue: pkp missed. Re-raised pkp w/ crr. (SOP 5.4)",helpdesk,2470.0,2026-04,2026Q2,Ritika D'Souza,Returns Desk,1,Indore,Day,,,,,,2450,6499,12,Nexa 2 Smartwatch,True,False,2790,False,True,"Dear Sir/Madam,

I am writing with reference to my order of my Nexa 2 watch placed on 01-04-2026. Pickup scheduled but no one showed up. I have rescheduled pickup twice. I request you to provide a resolution within 3 working days.

Regards,
Lakshmi George
Kolkata Refund approved, Rs 2470, 5-7 working days. Issue: pkp missed. Re-raised pkp w/ crr. (SOP 5.4)",RETURN-QC-OK,0.48122658736888657,False
TK-251146,2026-03-15 18:13:00,2026-03-15 18:46:00,2026-03-15 19:07:00,resolved,voice,C107415,VR899541,VA-EB-PL2,Audio Quality,Low,Voice Frontline,A3026,0,,3499.0,GW-OTHER,N,"Hi team, Bought pulse 2 buds around 21 Feb from Amazon. People cannot hear me on calls. I want my money back. Rgds","cx: mic not working on calls | tested on call w/ cx -> rplc raised. rfnd + rplc, cx escalation avoided. //AAD",helpdesk,3499.0,2026-03,2026Q1,Aadhya Deshpande,Voice Frontline,1,Bengaluru,Day,VA-EB-PL2,1.0,3499.0,2026-02-21,PL2-2511-1,1480,3499,12,Pulse 2 True Wireless Earbuds,True,False,1820,False,True,"Hi team, Bought pulse 2 buds around 21 Feb from Amazon. People cannot hear me on calls. I want my money back. Rgds cx: mic not working on calls | tested on call w/ cx -> rplc raised. rfnd + rplc, cx escalation avoided. //AAD",WTY-BUYBACK,0.4808304921488036,False
TK-249161,2026-01-14 17:04:00,2026-01-14 19:35:00,2026-01-14 20:08:00,resolved,email,C103888,,VA-EB-PL1,Charging & Battery,Normal,Email Frontline,A3018,0,,1999.0,GW-OTHER,Y,Not acceptalbe at this price. Ordered my Pulse 3 weeks back. battery life has dropped to almost nothing. I already fully charged and discharged twice. This is the last tiem I buy from you,"cx: rapid battery drain | checked usage pattern with cx -> replacement raised after test.
Refund processed to source; replacement unit also shipped. ~Krishna",helpdesk,1999.0,2026-01,2026Q1,Krishna Bhatt,Email Frontline,1,Indore,Day,,,,,,1120,2499,12,Pulse True Wireless Earbuds,True,True,1460,False,True,"Not acceptalbe at this price. Ordered my Pulse 3 weeks back. battery life has dropped to almost nothing. I already fully charged and discharged twice. This is the last tiem I buy from you cx: rapid battery drain | checked usage pattern with cx -> replacement raised after test.
Refund processed to source; replacement unit also shipped. ~Krishna",DOA-REPL,0.48053548195130824,False
TK-254364,2026-06-25 22:42:00,2026-06-26 01:16:00,2026-06-26 01:31:00,resolved,email,C109061,VR883160,VA-HP-ST2,Billing & Payments,High,Billing,A3034,0,,4999.0,GW-OTHER,N,"hey
the festive offer vanished when i clicked pay
my strata 2 headphones
urgetn",sorted,helpdesk,4999.0,2026-06,2026Q2,Tanvi Rathore,Billing,1,Indore,Morning,VA-HP-ST2,1.0,4999.0,2026-06-17,ST2-2603-4,2100,4999,12,Strata 2 Over-Ear Headphones,True,False,2440,False,True,"hey
the festive offer vanished when i clicked pay
my strata 2 headphones
urgetn sorted",PRICE-ADJ,0.4800263674480544,False
TK-243834,2025-08-04 18:10:00,2025-08-04 21:13:00,2025-08-04 21:39:00,resolved,email,C108371,,VA-AC-CASE,Billing & Payments,High,Billing,A3035,0,3.0,1299.0,GW-OTHER,N,"honestly regretting this purchase. i bought replacement case on 17 may. paid once, statement disagrees. i already checked with bank. refund. now.",cx: doulbe charge | conf utrs -> refund of rs 1299 initiated to source,helpdesk,1299.0,2025-08,2025Q3,Dev Kulkarni,Billing,1,Bengaluru,Day,,,,,,620,1299,6,Pulse Charging Case (spare),True,False,960,False,True,"honestly regretting this purchase. i bought replacement case on 17 may. paid once, statement disagrees. i already checked with bank. refund. now. cx: doulbe charge | conf utrs -> refund of rs 1299 initiated to source",DUP-PAYMENT,0.4798721246463643,False
TK-242519,2025-06-01 19:57:00,2025-06-01 23:29:00,2025-06-04 23:52:00,resolved,email,C108840,VR886662,VA-SW-FIT,Returns & Refunds,Normal,Returns Desk,A3037,0,,199900.0,GW-OTHER,N,"Dear Sir/Madam,

I am writing with reference to my order of Nexa Fit (VR886662) placed on 26/05. The app said pickup today, that was on 26/05. I have rescheduled pickup twice. I request you to look into this matter at the earliest.

Yours faithfully,
Ayaan Verma",refunded rs 1999. issue: pickup not done. checked pickup awb. ~Manish,legacy_fd,1999.0,2025-06,2025Q2,Manish Iyer,Returns Desk,1,Indore,Morning,VA-SW-FIT,1.0,1999.0,2025-05-26,FIT-2504-4,850,1999,12,Nexa Fit Band,True,False,1190,False,True,"Dear Sir/Madam,

I am writing with reference to my order of Nexa Fit (VR886662) placed on 26/05. The app said pickup today, that was on 26/05. I have rescheduled pickup twice. I request you to look into this matter at the earliest.

Yours faithfully,
Ayaan Verma refunded rs 1999. issue: pickup not done. checked pickup awb. ~Manish",RETURN-QC-OK,0.4794473866285567,False
TK-246170,2025-10-23 16:47:00,2025-10-23 17:27:00,2025-10-27 19:09:00,resolved,voice,C106508,VR901110,VA-HP-ST3,Connectivity,Low,Voice Frontline,A3039,1,,6999.0,GW-OTHER,Y,[IVR transcript] pairing is not working VR901110,"sorted (sop 3.1)
refund + rplc, cx escalation avoided. ~Reyansh",helpdesk,6999.0,2025-10,2025Q4,Reyansh Mishra,Escalations & Warranty,2,Bengaluru,Morning,VA-HP-ST3,1.0,6999.0,2025-09-04,ST3-2505-1,2650,6999,12,Strata 3 Over-Ear Headphones,True,True,2990,False,True,"[IVR transcript] pairing is not working VR901110 sorted (sop 3.1)
refund + rplc, cx escalation avoided. ~Reyansh",WTY-BUYBACK,0.4778689546932254,False
TK-254197,2026-06-20 19:02:00,2026-06-20 22:43:00,2026-06-20 23:04:00,closed,email,C108028,VR893107,VA-EB-PL2,Billing & Payments,High,Billing,A3034,0,,3499.0,GW-OTHER,N,"hello vireo,
order vr893107 (the pulse 2 earbuds). card charged two times.
i waited a week.
veyr poor quality.
please call me on my registered number.",as discussed,helpdesk,3499.0,2026-06,2026Q2,Tanvi Rathore,Billing,1,Indore,Morning,VA-EB-PL2,1.0,3499.0,2026-06-11,PL2-2603-3,1480,3499,12,Pulse 2 True Wireless Earbuds,True,False,1820,False,True,"hello vireo,
order vr893107 (the pulse 2 earbuds). card charged two times.
i waited a week.
veyr poor quality.
please call me on my registered number. as discussed",DUP-PAYMENT,0.4776471673171817,False
TK-246060,2025-10-21 12:51:00,2025-10-21 13:10:00,2025-10-29 16:09:00,resolved,voice,C104315,,VA-EB-PL2,Warranty & Repair,Normal,Escalations & Warranty,A3039,0,,3149.0,GW-OTHER,Y,"[IVR transcript] hi service centre took it, now silence","cx: repair status follow-up | checked rma status -> repair completed, shipped back.
refund done and new unit sent as one-time gesture. ~Reyansh",helpdesk,3149.0,2025-10,2025Q4,Reyansh Mishra,Escalations & Warranty,2,Bengaluru,Morning,,,,,,1480,3499,12,Pulse 2 True Wireless Earbuds,True,True,1820,False,True,"[IVR transcript] hi service centre took it, now silence cx: repair status follow-up | checked rma status -> repair completed, shipped back.
refund done and new unit sent as one-time gesture. ~Reyansh",DOA-REPL,0.47621730424085895,False
TK-249196,2026-01-15 19:00:00,2026-01-15 19:08:00,2026-01-15 19:45:00,resolved,chat,C101757,,VA-HP-ST2,Billing & Payments,Low,Billing,A3035,0,,4999.0,GW-OTHER,N,"Product: my Strata 2 headphones
Purchased: 01 Jan
Issue: I was charged tiwce for one order
Tried: checked with bank
Expected: refund",Ticket raised for double charge. Confirmed UTRs. Refund of Rs 4999 initiated to source. Follow-up not required.,helpdesk,4999.0,2026-01,2026Q1,Dev Kulkarni,Billing,1,Bengaluru,Day,,,,,,2100,4999,12,Strata 2 Over-Ear Headphones,True,False,2440,False,True,"Product: my Strata 2 headphones
Purchased: 01 Jan
Issue: I was charged tiwce for one order
Tried: checked with bank
Expected: refund Ticket raised for double charge. Confirmed UTRs. Refund of Rs 4999 initiated to source. Follow-up not required.",DUP-PAYMENT,0.4761987954628858,False
TK-240226,2025-01-17 11:55:00,2025-01-17 11:57:00,2025-01-19 12:11:00,resolved,chat,C101853,VR880521,VA-HP-ST2,Returns & Refunds,Normal,Returns Desk,A3038,0,4.0,4999.0,GW-OTHER,N,pickup scheduled but no one shoewd up - please cll me on my registered number,"1. Pickup missed
2. Re-raised pickup with courier
3. Refunded Rs 4999",helpdesk,4999.0,2025-01,2025Q1,Ankit Dhillon,Returns Desk,1,Bengaluru,Morning,VA-HP-ST2,1.0,4999.0,2025-01-04,ST2-2411-2,2100,4999,12,Strata 2 Over-Ear Headphones,True,False,2440,False,True,"pickup scheduled but no one shoewd up - please cll me on my registered number 1. Pickup missed
2. Re-raised pickup with courier
3. Refunded Rs 4999",RETURN-QC-OK,0.47613940164483143,False
TK-241845,2025-04-27 00:46:00,2025-04-27 00:47:00,2025-04-29 01:00:00,resolved,chat,C106775,VR907010,VA-HP-ST3,Returns & Refunds,Normal,Returns Desk,A3038,0,4.0,699900.0,GW-OTHER,N,"Dear Sir/Madam,

I am writing with reference to my order of Strata 3 (VR907010) placed on April 11. The app said pickup today, that was on April 11. I have rescheduled pickup twice. I request you to look into this matter at the earliest.

Yours faithfully,
Daniel Yadav
Kochi","1. pkp missed
2. Checked pkp AWB
3. Full refund processed (6999)",legacy_fd,6999.0,2025-04,2025Q2,Ankit Dhillon,Returns Desk,1,Bengaluru,Morning,VA-HP-ST3,1.0,6999.0,2025-04-11,ST3-2502-4,2650,6999,12,Strata 3 Over-Ear Headphones,True,False,2990,False,True,"Dear Sir/Madam,

I am writing with reference to my order of Strata 3 (VR907010) placed on April 11. The app said pickup today, that was on April 11. I have rescheduled pickup twice. I request you to look into this matter at the earliest.

Yours faithfully,
Daniel Yadav
Kochi 1. pkp missed
2. Checked pkp AWB
3. Full refund processed (6999)",RETURN-QC-OK,0.4757945255210185,False
TK-240483,2025-02-08 09:19:00,2025-02-08 11:01:00,2025-02-08 11:22:00,resolved,voice,C105878,VR906638,VA-HP-ST3,Charging & Battery,Normal,Voice Frontline,A3025,0,,559900.0,GW-OTHER,Y,"team,
the promised 45 hours is nowhere close, i get maybe 2
please help karo
strata 3 VR906638
urgent",esc to wty. issue: rapid battery drain. adv disabling anc/aod to test. | both refund & replacement given as cx threatened social media. //KOM,legacy_fd,5599.0,2025-02,2025Q1,Komal Malhotra,Voice Frontline,1,Bengaluru,Morning,VA-HP-ST3,1.0,5599.0,2025-01-05,ST3-2412-2,2650,6999,12,Strata 3 Over-Ear Headphones,True,True,2990,False,True,"team,
the promised 45 hours is nowhere close, i get maybe 2
please help karo
strata 3 VR906638
urgent esc to wty. issue: rapid battery drain. adv disabling anc/aod to test. | both refund & replacement given as cx threatened social media. //KOM",WTY-BUYBACK,0.4751075548560195,False
TK-252514,2026-04-27 22:44:00,2026-04-27 22:45:00,2026-04-27 23:15:00,resolved,chat,C100828,VR889909,VA-EB-PL2,Connectivity,Normal,Chat Frontline,A3003,0,,3149.0,GW-OTHER,N,"Hi there,
Got pulse 2 buds from vireo.in last week. THE PAIRING LIGHT BLINKS BUT NOTHING EVER SHOWS UP ON MY PIXEL.
I FORGOT THE DVICE AND TRIED AGAIN. Nothing changed.
Please advise.
Awaiting response Swati","1. Pairing failure
2. Asked cx to reset the device
3. Re-pair successful, rslvd on chat.
rfnd processed to source; rplc unit also shipped. -KS",helpdesk,3149.0,2026-04,2026Q2,Komal Singh,Chat Frontline,1,Indore,Night,VA-EB-PL2,1.0,3149.0,2025-12-29,PL2-2510-1,1480,3499,12,Pulse 2 True Wireless Earbuds,True,False,1820,False,True,"Hi there,
Got pulse 2 buds from vireo.in last week. THE PAIRING LIGHT BLINKS BUT NOTHING EVER SHOWS UP ON MY PIXEL.
I FORGOT THE DVICE AND TRIED AGAIN. Nothing changed.
Please advise.
Awaiting response Swati 1. Pairing failure
2. Asked cx to reset the device
3. Re-pair successful, rslvd on chat.
rfnd processed to source; rplc unit also shipped. -KS",DOA-REPL,0.474547243314411,False
TK-253569,2026-05-31 09:25:00,2026-05-31 09:26:00,2026-06-01 13:36:00,resolved,chat,C106120,VR884091,VA-SW-FIT,Warranty & Repair,Normal,Escalations & Warranty,A3036,1,,1999.0,GW-OTHER,Y,"claim number RMA51604, anyone alive there?","Reported: warranty clami status. Checked RMA status. Transferred to Returns Desk. Repair completed, shipped back. Will monitor. (SOP 3.1) -- refund + rplc, cx escalation avoided.",helpdesk,1999.0,2026-05,2026Q2,Ritika D'Souza,Returns Desk,1,Indore,Day,VA-SW-FIT,1.0,1999.0,2026-05-02,FIT-2603-2,850,1999,12,Nexa Fit Band,True,True,1190,False,True,"claim number RMA51604, anyone alive there? Reported: warranty clami status. Checked RMA status. Transferred to Returns Desk. Repair completed, shipped back. Will monitor. (SOP 3.1) -- refund + rplc, cx escalation avoided.",WTY-BUYBACK,0.4745412325740604,False
TK-252517,2026-04-28 05:01:00,2026-04-28 07:48:00,2026-04-28 08:22:00,resolved,email,C103968,VR882054,VA-EB-PL1,Billing & Payments,High,Billing,A3032,0,,2499.0,GW-OTHER,N,"to the vireo customer care team,

i am writing with reference to my order of pulse earbuds placed on 22-12-2025. paid once, statement disagrees. i have waited a week. i request you to look into thhis mater at the earliest.

regards,
nisha jadhav
vadodara","1. double charge
2. confirmed utrs
3. full rfnd processed (2499) ~Sneha",helpdesk,2499.0,2026-04,2026Q2,Sneha Bansal,Billing,1,Indore,Morning,VA-EB-PL1,1.0,2499.0,2025-12-22,PL1-2509-1,1120,2499,12,Pulse True Wireless Earbuds,True,False,1460,False,True,"to the vireo customer care team,

i am writing with reference to my order of pulse earbuds placed on 22-12-2025. paid once, statement disagrees. i have waited a week. i request you to look into thhis mater at the earliest.

regards,
nisha jadhav
vadodara 1. double charge
2. confirmed utrs
3. full rfnd processed (2499) ~Sneha",DUP-PAYMENT,0.47438029757670364,False
TK-241897,2025-04-30 15:46:00,2025-04-30 19:02:00,2025-04-30 19:32:00,resolved,email,C101490,VR906729,VA-EB-PL1,Audio Quality,Normal,Email Frontline,A3018,1,,224900.0,GW-OTHER,Y,everyone on my calls says i sound likke i'm underwater - vr906729,mic issue | checked mic permissions on phone -> replacement unit dispatched. -- Refund done and new unit sent as one-time gesture. ~Krishna,legacy_fd,2249.0,2025-04,2025Q2,Krishna Bhatt,Email Frontline,1,Indore,Day,VA-EB-PL1,1.0,2249.0,2025-02-14,PL1-2412-3,1120,2499,12,Pulse True Wireless Earbuds,True,True,1460,False,True,everyone on my calls says i sound likke i'm underwater - vr906729 mic issue | checked mic permissions on phone -> replacement unit dispatched. -- Refund done and new unit sent as one-time gesture. ~Krishna,WTY-BUYBACK,0.47427823220578585,False
TK-249427,2026-01-23 15:35:00,2026-01-23 15:36:00,2026-01-23 15:59:00,resolved,chat,C103667,VR905641,VA-EB-PL2,Charging & Battery,Normal,Chat Frontline,A3012,0,,3149.0,GW-OTHER,N,honestly regretting this purchase. this is regarding pulse2. left side not charging in the case. i alreday tried a different cable. refund. now.,cx states l bud no charge in case. asked cx to clean charging pins. escalated to warranty for inspection. -- both refund & replacement given as cx threatened social media.,helpdesk,3149.0,2026-01,2026Q1,Lakshmi Srivastava,Chat Frontline,1,Bengaluru,Day,VA-EB-PL2,1.0,3149.0,2025-11-28,PL2-2508-1,1480,3499,12,Pulse 2 True Wireless Earbuds,True,False,1820,False,True,honestly regretting this purchase. this is regarding pulse2. left side not charging in the case. i alreday tried a different cable. refund. now. cx states l bud no charge in case. asked cx to clean charging pins. escalated to warranty for inspection. -- both refund & replacement given as cx threatened social media.,WTY-BUYBACK,0.4735890921288622,False
TK-248945,2026-01-07 14:01:00,2026-01-07 14:05:00,2026-01-07 14:33:00,resolved,chat,C101016,VR906555,VA-SW-NX1,Charging & Battery,Normal,Chat Frontline,A3009,0,,4249.0,GW-OTHER,N,"hello
batetry backup is terrible now
nexa watch
urent","1. Rapid battery drain
2. chk usage pattern with cx
3. rplc unit dispatched (SOP 3.1) Both refund and replacement given as cx threatened social media. //SUK",helpdesk,4249.0,2026-01,2026Q1,Sukhwinder Singh,Chat Frontline,1,Indore,Day,VA-SW-NX1,1.0,4249.0,2025-11-09,NX1-2508-2,1900,4999,12,Nexa Smartwatch,True,False,2240,False,True,"hello
batetry backup is terrible now
nexa watch
urent 1. Rapid battery drain
2. chk usage pattern with cx
3. rplc unit dispatched (SOP 3.1) Both refund and replacement given as cx threatened social media. //SUK",DOA-REPL,0.47306991024267964,False
TK-245903,2025-10-17 10:14:00,2025-10-17 10:17:00,2025-10-17 10:28:00,resolved,chat,C105775,,VA-HP-ST3,Delivery & Shipping,Normal,Logistics,A3005,1,,5599.0,GW-OTHER,N,"paid on october 06, stlil waiting for something to show up","Reported: delivery delayed. Checked AWB with courier. Transferred to Chat Frontline. RTO conf, reshipped.
Refund processed to source; replacement unit also shipped.",helpdesk,5599.0,2025-10,2025Q4,Payal Bhatia,Chat Frontline,1,Indore,Day,,,,,,2650,6999,12,Strata 3 Over-Ear Headphones,True,False,2990,False,True,"paid on october 06, stlil waiting for something to show up Reported: delivery delayed. Checked AWB with courier. Transferred to Chat Frontline. RTO conf, reshipped.
Refund processed to source; replacement unit also shipped.",LOST-TRANSIT,0.4727694234843265,False
TK-245875,2025-10-16 11:37:00,2025-10-16 11:38:00,2025-10-16 12:01:00,resolved,chat,C108743,VR900676,VA-NB-ARC,Billing & Payments,High,Billing,A3032,0,,1299.0,GW-OTHER,N,"to the vireo customer care team,

i am writing with reference to my order of arc neckband (vr900676) placed on 08 oct. paid once, statement disagrees. i have checked with bank. i request you to process a refund to my original payment method.

regards,
mohammed jain
coimbatore","1. charged twice
2. conf utrs
3. refund of rs 1299 initiated to source",helpdesk,1299.0,2025-10,2025Q4,Sneha Bansal,Billing,1,Indore,Morning,VA-NB-ARC,1.0,1299.0,2025-10-08,ARC-2507-4,540,1299,12,Arc Neckband,True,False,880,False,True,"to the vireo customer care team,

i am writing with reference to my order of arc neckband (vr900676) placed on 08 oct. paid once, statement disagrees. i have checked with bank. i request you to process a refund to my original payment method.

regards,
mohammed jain
coimbatore 1. charged twice
2. conf utrs
3. refund of rs 1299 initiated to source",DUP-PAYMENT,0.4714882694374552,False
TK-246487,2025-11-01 09:10:00,2025-11-01 09:19:00,,open,voice,C104236,VR898988,VA-EB-PL2,Billing & Payments,High,Billing,A3034,0,3.0,3324.0,GW-OTHER,N,"Hi,
Bought Pulse2 around 25 Oct from Amazon. Double payment deducted.
I waited a week. Nothing changed.
Can someone fix this?",cx ok,helpdesk,3324.0,2025-11,2025Q4,Tanvi Rathore,Billing,1,Indore,Morning,VA-EB-PL2,1.0,3324.0,2025-10-25,PL2-2508-2,1480,3499,12,Pulse 2 True Wireless Earbuds,True,False,1820,False,True,"Hi,
Bought Pulse2 around 25 Oct from Amazon. Double payment deducted.
I waited a week. Nothing changed.
Can someone fix this? cx ok",DUP-PAYMENT,0.471146055116221,False
TK-247086,2025-11-16 10:32:00,2025-11-16 10:52:00,2025-11-18 15:43:00,resolved,voice,C102773,,VA-SW-FIT,Warranty & Repair,Normal,Escalations & Warranty,A3039,0,3.0,1599.0,GW-OTHER,Y,"what is the status of my warranty claim
how do i get this fixed?","issue: warranty claim status | checked rma status -> repair completed, shipped back. refund done and new unit sent as one-time gesture. ~Reyansh",helpdesk,1599.0,2025-11,2025Q4,Reyansh Mishra,Escalations & Warranty,2,Bengaluru,Morning,,,,,,850,1999,12,Nexa Fit Band,True,True,1190,False,True,"what is the status of my warranty claim
how do i get this fixed? issue: warranty claim status | checked rma status -> repair completed, shipped back. refund done and new unit sent as one-time gesture. ~Reyansh",WTY-BUYBACK,0.4706705127674766,False
TK-243210,2025-07-07 19:38:00,2025-07-07 20:13:00,2025-07-08 20:41:00,resolved,chat,C108634,VR890279,VA-EB-PL1,Delivery & Shipping,Normal,Logistics,A3030,0,,249900.0,GW-OTHER,Y,I haven't received my order - VR890279 - can someone fix this?,"Ticket raised for ord not delivered. conf address w/ cx. rfnd initiated as lost in transit. Issued refund + replacement both, TL aware. //AIS",legacy_fd,2499.0,2025-07,2025Q3,Aishwarya Trivedi,Logistics,1,Indore,Day,VA-EB-PL1,1.0,2499.0,2025-07-01,PL1-2504-2,1120,2499,12,Pulse True Wireless Earbuds,True,True,1460,False,True,"I haven't received my order - VR890279 - can someone fix this? Ticket raised for ord not delivered. conf address w/ cx. rfnd initiated as lost in transit. Issued refund + replacement both, TL aware. //AIS",WTY-BUYBACK,0.4702902497866966,False
TK-252794,2026-05-07 18:07:00,2026-05-07 19:21:00,2026-05-09 19:52:00,resolved,social,C105132,,VA-SW-FIT,Returns & Refunds,Normal,Returns Desk,A3036,0,4.0,1899.0,GW-OTHER,N,"Dear Sir/Madam,

I am writing with reference to my order of my Nexa Fit band placed on 14/04.  Refund not recieved yet. I have checked bank. I request you to kindly arrange a replacement.

Sincerely,
Nisha Bhatt
Bhubaneswar","Cx says rfnd pending. chk reverse picukp QC status. Full rfnd proessed (1899). Follow-up not required.
Replacement was offered earlier by chat team, cx opted for rfnd.",helpdesk,1899.0,2026-05,2026Q2,Ritika D'Souza,Returns Desk,1,Indore,Day,,,,,,850,1999,12,Nexa Fit Band,True,False,1190,False,True,"Dear Sir/Madam,

I am writing with reference to my order of my Nexa Fit band placed on 14/04.  Refund not recieved yet. I have checked bank. I request you to kindly arrange a replacement.

Sincerely,
Nisha Bhatt
Bhubaneswar Cx says rfnd pending. chk reverse picukp QC status. Full rfnd proessed (1899). Follow-up not required.
Replacement was offered earlier by chat team, cx opted for rfnd.",RETURN-QC-OK,0.4693202052557566,False
TK-245256,2025-09-27 19:50:00,2025-09-27 19:55:00,2025-10-02 20:28:00,resolved,chat,C106492,,VA-SW-NX2,Other,Normal,Chat Frontline,A3015,0,,6174.0,GW-OTHER,Y,"hey
what is the status of my warranty claim
kiindly do the needful","Repair completed, shipped back. Issue: wty claim status. Checked RMA status. | Issued refund + rplc both, TL aware. [closed]",helpdesk,6174.0,2025-09,2025Q3,Sameer Jadhav,Chat Frontline,1,Bengaluru,Day,,,,,,2450,6499,12,Nexa 2 Smartwatch,True,True,2790,False,True,"hey
what is the status of my warranty claim
kiindly do the needful Repair completed, shipped back. Issue: wty claim status. Checked RMA status. | Issued refund + rplc both, TL aware. [closed]",DOA-REPL,0.46865454091656433,False
TK-250974,2026-03-11 06:44:00,2026-03-11 06:46:00,2026-03-14 07:09:00,resolved,chat,C107176,,VA-EB-PL2,Delivery & Shipping,Normal,Logistics,A3028,0,,3499.0,GW-OTHER,Y,"BHAI
PACKAGE NOT DELIVERED EVEN AFTER 8 DAYS
THE PULSE 2 EARUBDS","cx says order not delivered. raised ticket with crr partner. replacement raised, rma shared with cx. -- both rfnd and rplc given as cx threatened social media.",helpdesk,3499.0,2026-03,2026Q1,Sameer Kapoor,Logistics,1,Indore,Morning,,,,,,1480,3499,12,Pulse 2 True Wireless Earbuds,True,True,1820,False,True,"BHAI
PACKAGE NOT DELIVERED EVEN AFTER 8 DAYS
THE PULSE 2 EARUBDS cx says order not delivered. raised ticket with crr partner. replacement raised, rma shared with cx. -- both rfnd and rplc given as cx threatened social media.",WTY-BUYBACK,0.46764208480944497,False
TK-254260,2026-06-22 14:26:00,2026-06-22 14:27:00,2026-06-23 14:49:00,resolved,chat,C107254,,VA-SP-ORB,Delivery & Shipping,Normal,Logistics,A3030,0,2.0,5099.0,GW-OTHER,N,"Product: the Orbit smart speaker
Purchased: January 23
Issue: package not delivered even after 20 days
Tried: called the courier
Expected: replacement","Cx reported ord not delivered. conf address w/ cx. Re-shipped from warehouse.
Credited full amount, new unit also going out tomorrow. //AIS",helpdesk,5099.0,2026-06,2026Q2,Aishwarya Trivedi,Logistics,1,Indore,Day,,,,,,2300,5999,12,Orbit Smart Speaker,True,False,2640,False,True,"Product: the Orbit smart speaker
Purchased: January 23
Issue: package not delivered even after 20 days
Tried: called the courier
Expected: replacement Cx reported ord not delivered. conf address w/ cx. Re-shipped from warehouse.
Credited full amount, new unit also going out tomorrow. //AIS",WTY-BUYBACK,0.4673045579147912,False
TK-241851,2025-04-27 18:22:00,2025-04-27 20:15:00,2025-05-10 01:24:00,resolved,email,C109043,,VA-SW-FIT,Warranty & Repair,Normal,Escalations & Warranty,A3038,1,,169900.0,GW-OTHER,N,"Dear Sir/Madam,

I am writing wiith reference to my order of the fit band plced on 18/03. Service centre toook it, now silence. I have clled sevrice centre. I request you to pocess a refund to my original payment method.

Regards,
Dev Agarwal
Gurugram","1. Warranty claim status
2. Followed up with service centre
3. xfer to Returns Desk
4. Repair completed, shipped back.
Amount returned to card; fresh unit shipped from BLR warehouse.",legacy_fd,1699.0,2025-04,2025Q2,Ankit Dhillon,Returns Desk,1,Bengaluru,Morning,,,,,,850,1999,12,Nexa Fit Band,True,False,1190,False,True,"Dear Sir/Madam,

I am writing wiith reference to my order of the fit band plced on 18/03. Service centre toook it, now silence. I have clled sevrice centre. I request you to pocess a refund to my original payment method.

Regards,
Dev Agarwal
Gurugram 1. Warranty claim status
2. Followed up with service centre
3. xfer to Returns Desk
4. Repair completed, shipped back.
Amount returned to card; fresh unit shipped from BLR warehouse.",WTY-BUYBACK,0.4669679600732931,False
TK-254301,2026-06-23 19:57:00,2026-06-23 20:15:00,2026-06-23 20:48:00,resolved,voice,C101430,,VA-EB-PL2,Audio Quality,Normal,Voice Frontline,A3026,0,4.0,3324.0,GW-OTHER,N,"[IVR transcript] Dear team, Ordered pulse 2 buds 3 weeks back. Right earbud completely silent. I tried different phone. Nothing changed. I want my moneey back.","issue: no audio one side | asked cx to check bud in caes -> esc to wty. -- Issued refund + replacement both, TL aware. //AAD",helpdesk,3324.0,2026-06,2026Q2,Aadhya Deshpande,Voice Frontline,1,Bengaluru,Day,,,,,,1480,3499,12,Pulse 2 True Wireless Earbuds,True,False,1820,False,True,"[IVR transcript] Dear team, Ordered pulse 2 buds 3 weeks back. Right earbud completely silent. I tried different phone. Nothing changed. I want my moneey back. issue: no audio one side | asked cx to check bud in caes -> esc to wty. -- Issued refund + replacement both, TL aware. //AAD",WTY-BUYBACK,0.4664686654300649,False
TK-246279,2025-10-26 19:02:00,2025-10-26 19:03:00,2025-10-26 19:32:00,resolved,chat,C109069,VR887516,VA-EB-PL1,Charging & Battery,Normal,Chat Frontline,A3014,0,,1999.0,GW-OTHER,Y,"Hello, Got the Pulse buds from Amazon 3 weeks back. Battery draining even when not in use. I updated the app. NOTHING CHANGED. Pathetic experience honestly. Please advise. Awaiting response,","Escalated to warranty. Issue: battery draining fast. chk usage pattern w/ cx. -- Issued rfnd + rplc both, TL aware. -AD",helpdesk,1999.0,2025-10,2025Q4,Anjali D'Souza,Chat Frontline,1,Bengaluru,Day,VA-EB-PL1,1.0,1999.0,2025-10-04,PL1-2507-3,1120,2499,12,Pulse True Wireless Earbuds,True,True,1460,False,True,"Hello, Got the Pulse buds from Amazon 3 weeks back. Battery draining even when not in use. I updated the app. NOTHING CHANGED. Pathetic experience honestly. Please advise. Awaiting response, Escalated to warranty. Issue: battery draining fast. chk usage pattern w/ cx. -- Issued rfnd + rplc both, TL aware. -AD",DOA-REPL,0.4655211906739121,False
TK-250345,2026-02-19 11:18:00,2026-02-19 11:20:00,2026-02-19 11:39:00,resolved,chat,C109063,VR886780,VA-SW-FIT,Delivery & Shipping,Normal,Logistics,A3028,0,,1899.0,GW-OTHER,N,"hi vireo support, bought nexa fit around february 12 from amazon. tracking has said out for delivery for a week now. please call me on my registered number. regards","cx reached out - dlvry delayed. raised ticket w/ courier partner. refund approved, rs 1899, 5-7 working days.",helpdesk,1899.0,2026-02,2026Q1,Sameer Kapoor,Logistics,1,Indore,Morning,VA-SW-FIT,1.0,1899.0,2026-02-12,FIT-2601-2,850,1999,12,Nexa Fit Band,True,False,1190,False,True,"hi vireo support, bought nexa fit around february 12 from amazon. tracking has said out for delivery for a week now. please call me on my registered number. regards cx reached out - dlvry delayed. raised ticket w/ courier partner. refund approved, rs 1899, 5-7 working days.",LOST-TRANSIT,0.46413941495647565,False
TK-247114,2025-11-17 09:06:00,2025-11-17 14:36:00,2025-11-25 17:49:00,resolved,email,C100521,VR900484,VA-EB-PL2,Warranty & Repair,Normal,Escalations & Warranty,A3042,0,,6648.0,GW-OTHER,N,"one of them (left) never gets the green light in the case, VR900484","l bud no charge in case | tested with cx on call -> replacement raised, rma shared with cx.
refunded rs 6648 & also raised replacement, cx was very upset.",helpdesk,6648.0,2025-11,2025Q4,Swati Bhatia,Escalations & Warranty,2,Indore,Day,VA-EB-PL2,2.0,6648.0,2025-08-29,PL2-2507-2,1480,3499,12,Pulse 2 True Wireless Earbuds,True,False,1820,False,True,"one of them (left) never gets the green light in the case, VR900484 l bud no charge in case | tested with cx on call -> replacement raised, rma shared with cx.
refunded rs 6648 & also raised replacement, cx was very upset.",WTY-BUYBACK,0.4636640535203554,False
TK-252718,2026-05-05 11:39:00,2026-05-05 11:44:00,2026-05-05 12:09:00,resolved,chat,C107727,,VA-SP-MINI,Billing & Payments,High,Billing,A3034,0,,2249.0,GW-OTHER,N,"Hi team, I bought orbit mini on 05 May.  Discount was not applied at checkout. Please advise. Thanks & regards Payal Goyal","refund approved, rs 2249, 5-7 working days",helpdesk,2249.0,2026-05,2026Q2,Tanvi Rathore,Billing,1,Indore,Morning,,,,,,980,2499,12,Orbit Mini Speaker,True,False,1320,False,True,"Hi team, I bought orbit mini on 05 May.  Discount was not applied at checkout. Please advise. Thanks & regards Payal Goyal refund approved, rs 2249, 5-7 working days",PRICE-ADJ,0.46366194487694945,False
TK-252082,2026-04-12 09:00:00,2026-04-12 12:55:00,2026-04-12 13:20:00,resolved,email,C104867,,VA-EB-PL2,Audio Quality,Low,Email Frontline,A3021,0,4.0,2799.0,GW-OTHER,N,"Product: the Pulse 2 earbuds
Purchased: January 05
Issue: I hear music in one ear only, other is mute
Tried: reset the buds
Expected: fix","1. Single side audio only
2. Asked cx to check bud in case
3. rfnd approved, Rs 2799, 5-7 working days ~Meera",helpdesk,2799.0,2026-04,2026Q2,Meera Mathew,Email Frontline,1,Bengaluru,Morning,,,,,,1480,3499,12,Pulse 2 True Wireless Earbuds,True,False,1820,False,True,"Product: the Pulse 2 earbuds
Purchased: January 05
Issue: I hear music in one ear only, other is mute
Tried: reset the buds
Expected: fix 1. Single side audio only
2. Asked cx to check bud in case
3. rfnd approved, Rs 2799, 5-7 working days ~Meera",WTY-BUYBACK,0.46345383632798515,False
TK-242332,2025-05-24 11:21:00,2025-05-24 11:22:00,2025-05-24 12:03:00,resolved,chat,C104791,VR883844,VA-EB-PL1,Charging & Battery,Normal,Chat Frontline,A3006,0,,249900.0,GW-OTHER,Y,"hii
no light comes on the case when i plug it in
help","1. case no led / no charge
2. confirmed case led dead
3. replacement case raised. -- refund done and new unit sent as one-time gesture. -VB",legacy_fd,2499.0,2025-05,2025Q2,Varun Bhatt,Chat Frontline,1,Bengaluru,Morning,VA-EB-PL1,1.0,2499.0,2025-01-26,PL1-2501-2,1120,2499,12,Pulse True Wireless Earbuds,True,True,1460,False,True,"hii
no light comes on the case when i plug it in
help 1. case no led / no charge
2. confirmed case led dead
3. replacement case raised. -- refund done and new unit sent as one-time gesture. -VB",DOA-REPL,0.4627347438122072,False
TK-247025,2025-11-14 19:22:00,2025-11-14 19:23:00,2025-11-14 19:52:00,resolved,chat,C106034,VR904284,VA-EB-AIR,Returns & Refunds,Normal,Returns Desk,A3036,0,4.0,1709.0,GW-OTHER,N,"box was crushed and the the AirLite buds is cracked
VR904284
how do i get this fixed?","Cx says damaaged in transit. Photos received, damage confirmed. rfnd of Rs 1709 initiated to source. Case closed with cx consent.",helpdesk,1709.0,2025-11,2025Q4,Ritika D'Souza,Returns Desk,1,Indore,Day,VA-EB-AIR,1.0,1709.0,2025-11-05,AIR-2508-2,760,1799,12,AirLite Earbuds,True,False,1100,False,True,"box was crushed and the the AirLite buds is cracked
VR904284
how do i get this fixed? Cx says damaaged in transit. Photos received, damage confirmed. rfnd of Rs 1709 initiated to source. Case closed with cx consent.",DOA-REPL,0.46273132077485807,False
TK-240320,2025-01-26 18:44:00,2025-01-26 22:37:00,2025-01-26 23:16:00,resolved,email,C103944,VR881385,VA-EB-AIR,Audio Quality,Normal,Email Frontline,A3002,0,3.0,179900.0,GW-OTHER,N,"hey
there is a frying sound in the background of every song
the airlite buds
help","issue: crackling/distortion | checked fw -> advised eq reset, resolved. -- refund + rplc, cx escalation avoided. [closed]",legacy_fd,1799.0,2025-01,2025Q1,Steven Ansari,Chat Frontline,1,Indore,Night,VA-EB-AIR,1.0,1799.0,2024-12-27,AIR-2411-4,760,1799,12,AirLite Earbuds,True,False,1100,False,True,"hey
there is a frying sound in the background of every song
the airlite buds
help issue: crackling/distortion | checked fw -> advised eq reset, resolved. -- refund + rplc, cx escalation avoided. [closed]",WTY-BUYBACK,0.46220418141336816,False
TK-253135,2026-05-18 20:15:00,2026-05-18 20:36:00,2026-05-18 21:00:00,resolved,voice,C107082,VR906267,VA-EB-PL2,Connectivity,Normal,Voice Frontline,A3026,0,4.0,3499.0,GW-OTHER,N,"[IVR transcript] hi there, pulse 2 purchased around diwali, order vr906267. it connects for a second and then vanishes from the device list. i tried on another phone. nothing changed. please help. regards","issue: pairing failure | chk phone os version -> re-pair successful, rslvd on chat. Both rfnd and rplc given as cx threatened social media. //AAD",helpdesk,3499.0,2026-05,2026Q2,Aadhya Deshpande,Voice Frontline,1,Bengaluru,Day,VA-EB-PL2,1.0,3499.0,2026-02-12,PL2-2512-1,1480,3499,12,Pulse 2 True Wireless Earbuds,True,False,1820,False,True,"[IVR transcript] hi there, pulse 2 purchased around diwali, order vr906267. it connects for a second and then vanishes from the device list. i tried on another phone. nothing changed. please help. regards issue: pairing failure | chk phone os version -> re-pair successful, rslvd on chat. Both rfnd and rplc given as cx threatened social media. //AAD",DOA-REPL,0.4616194937144872,False
TK-247433,2025-11-24 20:47:00,2025-11-24 20:50:00,2025-12-06 23:11:00,resolved,chat,C100658,VR906744,VA-SW-FIT,Warranty & Repair,High,Escalations & Warranty,A3042,0,,1899.0,GW-OTHER,N,"THIS IS REGARDING THE FIT BAND. Claim number RMA52855, anyone alive there?.
Please help.
Thanks in advance,","cx states repair status follow-up. checked qc report. cx updated, eta shared. | full refund issued & replacement dispatched as goodwill.",helpdesk,1899.0,2025-11,2025Q4,Swati Bhatia,Escalations & Warranty,2,Indore,Day,VA-SW-FIT,1.0,1899.0,2024-11-29,FIT-2408-3,850,1999,12,Nexa Fit Band,True,False,1190,False,True,"THIS IS REGARDING THE FIT BAND. Claim number RMA52855, anyone alive there?.
Please help.
Thanks in advance, cx states repair status follow-up. checked qc report. cx updated, eta shared. | full refund issued & replacement dispatched as goodwill.",WTY-BUYBACK,0.45888523993290503,False
TK-254381,2026-06-26 11:46:00,2026-06-26 11:55:00,2026-06-26 12:19:00,closed,chat,C101879,VR908615,VA-EB-AIR,Connectivity,Normal,Chat Frontline,A3006,0,,1709.0,GW-OTHER,Y,Honestly regretting this purchase. Ordered the AirLite buds in April. pairing is not working. I already restarted the phone. Fix this or I am posting on twitter.,"reset done, paired ok. issue: pairing failure. checked phone os version. money back to source and a fresh pair shipped. -VB",helpdesk,1709.0,2026-06,2026Q2,Varun Bhatt,Chat Frontline,1,Bengaluru,Morning,VA-EB-AIR,1.0,1709.0,2026-04-21,AIR-2603-4,760,1799,12,AirLite Earbuds,True,True,1100,False,True,"Honestly regretting this purchase. Ordered the AirLite buds in April. pairing is not working. I already restarted the phone. Fix this or I am posting on twitter. reset done, paired ok. issue: pairing failure. checked phone os version. money back to source and a fresh pair shipped. -VB",WTY-BUYBACK,0.4559158668280249,False
TK-242666,2025-06-10 17:34:00,2025-06-10 17:37:00,2025-06-10 17:47:00,resolved,chat,C103061,,VA-SP-MINI,Other,Normal,Chat Frontline,A3012,0,,249900.0,GW-OTHER,N,"Hi there,
This is regarding Orbit Mini.  Order status stuck on shipped since 31/05.
Please resolve asap.","1. order not delivered
2. raised ticket w/ crr partner
3. crr conf delivery for 11 jun, cx informed. processed fr and raised rma for new set.",legacy_fd,2499.0,2025-06,2025Q2,Lakshmi Srivastava,Chat Frontline,1,Bengaluru,Day,,,,,,980,2499,12,Orbit Mini Speaker,True,False,1320,False,True,"Hi there,
This is regarding Orbit Mini.  Order status stuck on shipped since 31/05.
Please resolve asap. 1. order not delivered
2. raised ticket w/ crr partner
3. crr conf delivery for 11 jun, cx informed. processed fr and raised rma for new set.",WTY-BUYBACK,0.45583942232401997,False
TK-252328,2026-04-20 20:36:00,2026-04-20 21:58:00,2026-04-20 22:24:00,resolved,voice,C108527,VR892951,VA-HP-ST3,Other,Normal,Voice Frontline,A3026,0,,1260.0,GW-OTHER,N,"[IVR transcript] buzzing sound from the speaker, VR892951, what do i do now?","FW update, cx to monitor. Issue: crackling/distortion. Asked for a recording. //AAD",helpdesk,1260.0,2026-04,2026Q2,Aadhya Deshpande,Voice Frontline,1,Bengaluru,Day,VA-HP-ST3,1.0,6299.0,2026-03-30,ST3-2512-2,2650,6999,12,Strata 3 Over-Ear Headphones,True,False,2990,False,True,"[IVR transcript] buzzing sound from the speaker, VR892951, what do i do now? FW update, cx to monitor. Issue: crackling/distortion. Asked for a recording. //AAD",WTY-BUYBACK,0.45492545086742053,False
TK-252929,2026-05-12 12:29:00,2026-05-12 12:33:00,2026-05-12 12:53:00,resolved,chat,C107918,,VA-EB-PL2,Billing & Payments,High,Billing,A3034,0,,560.0,GW-OTHER,N,pathetic experience honestly. i bought pulse 2 buds on 29 apr. coupon code not working. i already tried in caps. refund. now.,refund of rs 560 initiated to source (sop 4.2),helpdesk,560.0,2026-05,2026Q2,Tanvi Rathore,Billing,1,Indore,Morning,,,,,,1480,3499,12,Pulse 2 True Wireless Earbuds,True,False,1820,False,True,pathetic experience honestly. i bought pulse 2 buds on 29 apr. coupon code not working. i already tried in caps. refund. now. refund of rs 560 initiated to source (sop 4.2),PRICE-ADJ,0.45057629051990267,False
TK-240699,2025-02-23 18:19:00,2025-02-23 18:56:00,2025-02-23 19:12:00,resolved,voice,C101797,VR895200,VA-HP-ST3,Delivery & Shipping,Normal,Logistics,A3030,0,3.0,664900.0,GW-OTHER,N,[IVR transcript] hey tracking has said out for delivery for a week now strata 3 VR895200,"Customer reached out - delivery delayed. Confirmed address with cx. RTO confirmed, reshipped. //AIS",legacy_fd,6649.0,2025-02,2025Q1,Aishwarya Trivedi,Logistics,1,Indore,Day,VA-HP-ST3,1.0,6649.0,2025-02-12,ST3-2501-4,2650,6999,12,Strata 3 Over-Ear Headphones,True,False,2990,False,True,"[IVR transcript] hey tracking has said out for delivery for a week now strata 3 VR895200 Customer reached out - delivery delayed. Confirmed address with cx. RTO confirmed, reshipped. //AIS",LOST-TRANSIT,0.4492129793568612,False
TK-243212,2025-07-07 20:18:00,2025-07-08 09:32:00,2025-07-08 09:48:00,resolved,email,C100892,,VA-HP-ST2,Audio Quality,Normal,Email Frontline,A3020,0,,449900.0,GW-OTHER,N,"hii
bluetooth keeps cutting out
urgent","cx states intermittent disconnects. chk interference sources. adv, cx will monitor. -- cx got the amount back, also sending a new set to keep him happy.",legacy_fd,4499.0,2025-07,2025Q3,Aadhya Singh,Email Frontline,1,Bengaluru,Morning,,,,,,2100,4999,12,Strata 2 Over-Ear Headphones,True,False,2440,False,True,"hii
bluetooth keeps cutting out
urgent cx states intermittent disconnects. chk interference sources. adv, cx will monitor. -- cx got the amount back, also sending a new set to keep him happy.",DOA-REPL,0.44899274132858935,False
TK-249996,2026-02-09 08:28:00,2026-02-09 13:40:00,2026-02-11 14:03:00,resolved,social,C101650,,VA-EB-PL1,Returns & Refunds,Normal,Returns Desk,A3038,0,,1999.0,GW-OTHER,N,"REFUND WAS PROMISED 13 DAYS AGO AND NOTHING
NEED THIS SORTED THIS WEEK",see prev,helpdesk,1999.0,2026-02,2026Q1,Ankit Dhillon,Returns Desk,1,Bengaluru,Morning,,,,,,1120,2499,12,Pulse True Wireless Earbuds,True,False,1460,False,True,"REFUND WAS PROMISED 13 DAYS AGO AND NOTHING
NEED THIS SORTED THIS WEEK see prev",RETURN-QC-OK,0.4489128067802572,False
TK-240545,2025-02-12 20:04:00,2025-02-12 21:29:00,2025-02-12 21:58:00,resolved,voice,C106854,VR881791,VA-HP-ST3,Delivery & Shipping,Normal,Logistics,A3030,0,,629900.0,GW-OTHER,Y,[IVR transcript] i ordered strata 3 and got something else. i want my money back,"Cust contacted re wrong variant received. Raised with warehouse. rplc dispatched. Credited full amount, new unit also going out tomorrow. //AIS",legacy_fd,6299.0,2025-02,2025Q1,Aishwarya Trivedi,Logistics,1,Indore,Day,VA-HP-ST3,1.0,6299.0,2025-01-30,ST3-2410-4,2650,6999,12,Strata 3 Over-Ear Headphones,True,True,2990,False,True,"[IVR transcript] i ordered strata 3 and got something else. i want my money back Cust contacted re wrong variant received. Raised with warehouse. rplc dispatched. Credited full amount, new unit also going out tomorrow. //AIS",DOA-REPL,0.4483477820503399,False
TK-252726,2026-05-05 12:27:00,2026-05-05 12:56:00,2026-05-05 13:27:00,resolved,social,C107237,VR900807,VA-HP-ST2,Audio Quality,High,Chat Frontline,A3013,0,,4499.0,GW-OTHER,N,"sir ji
only one side plays sound
abhi tak kuch nahi hua
strata 2 vr900807
help",refunded rs 4499. issue: single side audio only. asked cx to check bud in case. ~Rohit,helpdesk,4499.0,2026-05,2026Q2,Rohit Nair,Chat Frontline,1,Bengaluru,Morning,VA-HP-ST2,1.0,4499.0,2026-03-29,ST2-2601-3,2100,4999,12,Strata 2 Over-Ear Headphones,True,False,2440,False,True,"sir ji
only one side plays sound
abhi tak kuch nahi hua
strata 2 vr900807
help refunded rs 4499. issue: single side audio only. asked cx to check bud in case. ~Rohit",WTY-BUYBACK,0.44710870102231126,False
TK-249353,2026-01-21 18:40:00,2026-01-21 19:31:00,2026-01-21 20:00:00,resolved,email,C101236,VR881902,VA-EB-PL2,Audio Quality,Normal,Email Frontline,A3018,0,,3499.0,GW-OTHER,Y,"Product: Pulse 2
Order: VR881902
Purchased: October 23
Issue: buzzing sound from the speaker
Tried: tied different apps
Expected: resolution","crackling/distortion | asked for a recording -> replacement raised, rma shared with cx.
Cx got the amount back, also sending a new set to keep him happy. ~Krishna",helpdesk,3499.0,2026-01,2026Q1,Krishna Bhatt,Email Frontline,1,Indore,Day,VA-EB-PL2,1.0,3499.0,2025-10-23,PL2-2507-4,1480,3499,12,Pulse 2 True Wireless Earbuds,True,True,1820,False,True,"Product: Pulse 2
Order: VR881902
Purchased: October 23
Issue: buzzing sound from the speaker
Tried: tied different apps
Expected: resolution crackling/distortion | asked for a recording -> replacement raised, rma shared with cx.
Cx got the amount back, also sending a new set to keep him happy. ~Krishna",DOA-REPL,0.4470746500038639,False
TK-245705,2025-10-11 21:43:00,2025-10-11 23:20:00,2025-10-11 23:54:00,resolved,email,C104135,VR880827,VA-EB-PL1,Other,Low,Email Frontline,A3002,0,,4248.0,GW-OTHER,Y,"HII
DISTORTED AUDIO AT HIGH VOLUME
PULSE EARBUDS VR880827","issue: crackling/distortion | checked fw -> fw update, cx to monitor. refund processed to source; replacement unit also shipped. [closed]",helpdesk,4248.0,2025-10,2025Q4,Steven Ansari,Chat Frontline,1,Indore,Night,VA-EB-PL1,2.0,4248.0,2025-07-20,PL1-2505-4,1120,2499,12,Pulse True Wireless Earbuds,True,True,1460,False,True,"HII
DISTORTED AUDIO AT HIGH VOLUME
PULSE EARBUDS VR880827 issue: crackling/distortion | checked fw -> fw update, cx to monitor. refund processed to source; replacement unit also shipped. [closed]",WTY-BUYBACK,0.44649065545978583,False
TK-247997,2025-12-09 08:37:00,2025-12-09 09:20:00,2025-12-09 10:03:00,resolved,voice,C101974,,VA-SP-MINI,Other,Normal,Voice Frontline,A3025,0,,2499.0,GW-OTHER,Y,"hello
the app finds the speaker and then gives up at the network step
kindly do the needful","2.4ghz worked, rslvd. issue: unable to connect to wifi. chk app version.
both rfnd and rplc given as cx threatened social media. //KOM",helpdesk,2499.0,2025-12,2025Q4,Komal Malhotra,Voice Frontline,1,Bengaluru,Morning,,,,,,980,2499,12,Orbit Mini Speaker,True,True,1320,False,True,"hello
the app finds the speaker and then gives up at the network step
kindly do the needful 2.4ghz worked, rslvd. issue: unable to connect to wifi. chk app version.
both rfnd and rplc given as cx threatened social media. //KOM",WTY-BUYBACK,0.44292442077206196,False
TK-246850,2025-11-10 08:43:00,2025-11-10 09:05:00,2025-11-15 10:37:00,resolved,voice,C106505,VR884942,VA-EB-PL2,Warranty & Repair,Normal,Escalations & Warranty,A3039,0,,3324.0,GW-OTHER,N,"hii
left earbud not charging, right one is fine
the pulse 2 earbuds","cx: l bud no charge in case | confirmed fw 3.4.6 -> advised to observe for 48h and revert.
refund processed to source; replacement unit also shipped. ~Reyansh",helpdesk,3324.0,2025-11,2025Q4,Reyansh Mishra,Escalations & Warranty,2,Bengaluru,Morning,VA-EB-PL2,1.0,3324.0,2025-08-28,PL2-2505-1,1480,3499,12,Pulse 2 True Wireless Earbuds,True,False,1820,False,True,"hii
left earbud not charging, right one is fine
the pulse 2 earbuds cx: l bud no charge in case | confirmed fw 3.4.6 -> advised to observe for 48h and revert.
refund processed to source; replacement unit also shipped. ~Reyansh",WTY-BUYBACK,0.44260085048807,False
TK-240588,2025-02-16 12:47:00,2025-02-16 12:50:00,2025-02-18 13:04:00,resolved,chat,C107527,VR908181,VA-EB-PL1,Delivery & Shipping,Normal,Logistics,A3027,0,3.0,249900.0,GW-OTHER,Y,Pathetic experience honestly. Got my Pulse from Flipkart around Diwali. package not delivered even after 12 days. I already checked with neighbours. Escalate this to someone senior.,"1. Shipment not rcvd
2. Raised ticket with courier partner
3. RTO conf, reshipped. -- Full rfnd issued & rplc dispatched as goodwill.",legacy_fd,2499.0,2025-02,2025Q1,Priya Agarwal,Logistics,1,Indore,Morning,VA-EB-PL1,1.0,2499.0,2025-02-11,PL1-2412-2,1120,2499,12,Pulse True Wireless Earbuds,True,True,1460,False,True,"Pathetic experience honestly. Got my Pulse from Flipkart around Diwali. package not delivered even after 12 days. I already checked with neighbours. Escalate this to someone senior. 1. Shipment not rcvd
2. Raised ticket with courier partner
3. RTO conf, reshipped. -- Full rfnd issued & rplc dispatched as goodwill.",LOST-TRANSIT,0.43831649719265464,False
TK-246139,2025-10-23 10:41:00,2025-10-23 10:47:00,2025-10-23 11:02:00,resolved,chat,C103546,VR908977,VA-EB-PL2,Connectivity,Normal,Chat Frontline,A3006,0,4.0,6998.0,GW-OTHER,N,"Hi there,
This is regarding the Pulse 2 earbuds. It connects for a second and then vanishes from the device list.
I restarted the phone.
Please help.
Rgds,","re-pair successful, resolved on chat. issue: device not discoverable. checked phone os version.
issued refund + replacement both, tl aware. -VB",helpdesk,6998.0,2025-10,2025Q4,Varun Bhatt,Chat Frontline,1,Bengaluru,Morning,VA-EB-PL2,2.0,6998.0,2025-09-30,PL2-2507-4,1480,3499,12,Pulse 2 True Wireless Earbuds,True,False,1820,False,True,"Hi there,
This is regarding the Pulse 2 earbuds. It connects for a second and then vanishes from the device list.
I restarted the phone.
Please help.
Rgds, re-pair successful, resolved on chat. issue: device not discoverable. checked phone os version.
issued refund + replacement both, tl aware. -VB",DOA-REPL,0.43700487023964185,False
TK-254384,2026-06-26 12:38:00,2026-06-26 16:05:00,2026-06-26 16:23:00,resolved,email,C109310,VR888895,VA-EB-PL1,Delivery & Shipping,Normal,Logistics,A3030,0,,2124.0,GW-OTHER,N,"Hi Vireo support, my Pulse purchased last week, order VR888895. The coourier marked it delivered but nobody in my hoouse got anything. Please advise. Thanks in advance",Reported: order not delivered. Confirmed address w/ cx. Full rfnd processed (2124). //AIS,helpdesk,2124.0,2026-06,2026Q2,Aishwarya Trivedi,Logistics,1,Indore,Day,VA-EB-PL1,1.0,2124.0,2026-06-25,PL1-2605-4,1120,2499,12,Pulse True Wireless Earbuds,True,False,1460,False,True,"Hi Vireo support, my Pulse purchased last week, order VR888895. The coourier marked it delivered but nobody in my hoouse got anything. Please advise. Thanks in advance Reported: order not delivered. Confirmed address w/ cx. Full rfnd processed (2124). //AIS",LOST-TRANSIT,0.43547563454601707,False
TK-244966,2025-09-18 09:46:00,2025-09-18 17:24:00,2025-09-18 17:37:00,resolved,email,C106077,VR900494,VA-EB-PL2,Delivery & Shipping,Normal,Logistics,A3030,0,3.0,3324.0,GW-OTHER,Y,"Hi Vireo support, This is regarding Pulse 2. Package not delivered even after 16 days. I checked the tracking page daily. Really frustrating. Can someone fix this? Thanks & regards",Cx says order not delivered. Checked AWB w/ courier. Re-shipped from warehouse. Money back to source and a fresh pair shipped. //AIS,helpdesk,3324.0,2025-09,2025Q3,Aishwarya Trivedi,Logistics,1,Indore,Day,VA-EB-PL2,1.0,3324.0,2025-09-12,PL2-2508-1,1480,3499,12,Pulse 2 True Wireless Earbuds,True,True,1820,False,True,"Hi Vireo support, This is regarding Pulse 2. Package not delivered even after 16 days. I checked the tracking page daily. Really frustrating. Can someone fix this? Thanks & regards Cx says order not delivered. Checked AWB w/ courier. Re-shipped from warehouse. Money back to source and a fresh pair shipped. //AIS",WTY-BUYBACK,0.4344080461295921,False
TK-248840,2026-01-03 19:17:00,2026-01-03 21:26:00,2026-01-03 21:51:00,resolved,email,C100767,,VA-HP-ST3,Connectivity,High,Email Frontline,A3029,1,4.0,12598.0,GW-OTHER,N,"hi sir
it connects for a second and then vanishes from the device liist
the strata 3
??","advised fw update via app, resolved. issue: device not discoverable. checked phone os version. via logistics. | reversed the payment and dispatched a new one under rma. -RM",helpdesk,12598.0,2026-01,2026Q1,Rajat Mukherjee,Logistics,1,Bengaluru,Morning,,,,,,2650,6999,12,Strata 3 Over-Ear Headphones,True,False,2990,False,True,"hi sir
it connects for a second and then vanishes from the device liist
the strata 3
?? advised fw update via app, resolved. issue: device not discoverable. checked phone os version. via logistics. | reversed the payment and dispatched a new one under rma. -RM",WTY-BUYBACK,0.43267976969162275,False
TK-249774,2026-02-03 09:05:00,2026-02-03 14:02:00,2026-02-03 14:24:00,resolved,email,C101195,VR897826,VA-EB-PL2,Charging & Battery,Normal,Email Frontline,A3018,0,3.0,3149.0,GW-OTHER,Y,"hi there, got teh pulse 2 earbuds from amazon last week. app shows the left at 0 percennt no matter how long its in the case. i tried a different cable. i want a replacement. pleaes revert, zoya","re: l bud no charge in case | asked for photo of the bud contacts -> advised pin cleaning, cx confirmed ok. | Credited full amount, new unit also going out tomorrow. ~Krishna",helpdesk,3149.0,2026-02,2026Q1,Krishna Bhatt,Email Frontline,1,Indore,Day,VA-EB-PL2,1.0,3149.0,2025-11-30,PL2-2508-4,1480,3499,12,Pulse 2 True Wireless Earbuds,True,True,1820,False,True,"hi there, got teh pulse 2 earbuds from amazon last week. app shows the left at 0 percennt no matter how long its in the case. i tried a different cable. i want a replacement. pleaes revert, zoya re: l bud no charge in case | asked for photo of the bud contacts -> advised pin cleaning, cx confirmed ok. | Credited full amount, new unit also going out tomorrow. ~Krishna",DOA-REPL,0.432164789026357,False
TK-249730,2026-02-01 20:22:00,2026-02-01 23:13:00,2026-02-01 23:41:00,resolved,social,C101467,VR891984,VA-EB-PL2,Connectivity,Normal,Chat Frontline,A3002,0,3.0,3499.0,GW-OTHER,N,Got Pulse 2 fom vireo.in a month ago. The pairing light blinks but nothing ever shows up on my Vivo. I forgot the device & tried again. Nothing changed. Please help.,"reset done, paired ok. issue: device not discoverable. asked cx to reset the device. issued refund + replacement both, tl aware. [closed]",helpdesk,3499.0,2026-02,2026Q1,Steven Ansari,Chat Frontline,1,Indore,Night,VA-EB-PL2,1.0,3499.0,2025-11-05,PL2-2509-1,1480,3499,12,Pulse 2 True Wireless Earbuds,True,False,1820,False,True,"Got Pulse 2 fom vireo.in a month ago. The pairing light blinks but nothing ever shows up on my Vivo. I forgot the device & tried again. Nothing changed. Please help. reset done, paired ok. issue: device not discoverable. asked cx to reset the device. issued refund + replacement both, tl aware. [closed]",DOA-REPL,0.4313255285804175,False
TK-241735,2025-04-20 10:29:00,2025-04-20 10:34:00,2025-04-22 11:07:00,resolved,chat,C108834,,VA-SW-FIT,Billing & Payments,Normal,Billing,A3034,0,,399800.0,GW-OTHER,N,"helo
where is the money for the return",cx ok (sop 5.4),legacy_fd,3998.0,2025-04,2025Q2,Tanvi Rathore,Billing,1,Indore,Morning,,,,,,850,1999,12,Nexa Fit Band,True,False,1190,False,True,"helo
where is the money for the return cx ok (sop 5.4)",RETURN-QC-OK,0.4303419299374001,False
TK-245629,2025-10-09 13:53:00,2025-10-09 14:05:00,2025-10-09 14:31:00,resolved,chat,C107782,,VA-EB-PL2,Other,Normal,Chat Frontline,A3009,0,,3499.0,GW-OTHER,N,"hello vireo, ordered pulse 2 buds in september. bluetooth keeps cutting out. i reset both devices. nothing changed. i am losing patience. waiting for ur reply. thank you",Reported: BT dropouts. Checked FW 2.4.8. FW update rslvd. (SOP 5.4) | Money back to source & a fresh pair shipped. //SUK,helpdesk,3499.0,2025-10,2025Q4,Sukhwinder Singh,Chat Frontline,1,Indore,Day,,,,,,1480,3499,12,Pulse 2 True Wireless Earbuds,True,False,1820,False,True,"hello vireo, ordered pulse 2 buds in september. bluetooth keeps cutting out. i reset both devices. nothing changed. i am losing patience. waiting for ur reply. thank you Reported: BT dropouts. Checked FW 2.4.8. FW update rslvd. (SOP 5.4) | Money back to source & a fresh pair shipped. //SUK",WTY-BUYBACK,0.43015180710328044,False
TK-249273,2026-01-19 08:09:00,2026-01-19 08:13:00,2026-01-21 08:34:00,resolved,chat,C105945,VR906776,VA-AC-CASE,Returns & Refunds,Normal,Returns Desk,A3037,0,,130.0,GW-OTHER,N,"hello ji
you picked up teh item 12 days ago and my money hasn't come back
kal se",resolved on call. | refunded. rplc request rejected as per policy. ~Manish,helpdesk,130.0,2026-01,2026Q1,Manish Iyer,Returns Desk,1,Indore,Morning,VA-AC-CASE,1.0,1299.0,2025-12-27,CASE-2512-2,620,1299,6,Pulse Charging Case (spare),True,False,960,False,False,"hello ji
you picked up teh item 12 days ago and my money hasn't come back
kal se resolved on call. | refunded. rplc request rejected as per policy. ~Manish",RETURN-QC-OK,0.42819213110620297,False
TK-246412,2025-10-30 10:33:00,2025-10-30 10:40:00,2025-10-30 11:09:00,resolved,chat,C101420,VR899489,VA-EB-AIR,Billing & Payments,High,Billing,A3032,0,,1799.0,GW-OTHER,N,Not what I expected from Vireo. This is regarding AirLite. the page failed after I padi and now nothing shhows in my account. I alredy checked bank statement. Fix this or I am posting on twitter.,rfnd of rs 1799 initiated to source ~Sneha,helpdesk,1799.0,2025-10,2025Q4,Sneha Bansal,Billing,1,Indore,Morning,VA-EB-AIR,1.0,1799.0,2025-10-21,AIR-2508-4,760,1799,12,AirLite Earbuds,True,False,1100,False,True,Not what I expected from Vireo. This is regarding AirLite. the page failed after I padi and now nothing shhows in my account. I alredy checked bank statement. Fix this or I am posting on twitter. rfnd of rs 1799 initiated to source ~Sneha,DUP-PAYMENT,0.42534743755063176,False
TK-242191,2025-05-16 14:55:00,2025-05-16 15:04:00,2025-05-16 15:25:00,resolved,voice,C103336,VR898481,VA-SP-MINI,Delivery & Shipping,Normal,Logistics,A3030,0,,249900.0,GW-OTHER,N,[IVR transcript] hello ji package not delivered even after 9 days abhi tak kuch nahi hua hello??,Ticket raised for shipment not received. conf address with cx. Full refund processed (2499). //AIS,legacy_fd,2499.0,2025-05,2025Q2,Aishwarya Trivedi,Logistics,1,Indore,Day,VA-SP-MINI,1.0,2499.0,2025-05-07,MINI-2501-1,980,2499,12,Orbit Mini Speaker,True,False,1320,False,True,[IVR transcript] hello ji package not delivered even after 9 days abhi tak kuch nahi hua hello?? Ticket raised for shipment not received. conf address with cx. Full refund processed (2499). //AIS,LOST-TRANSIT,0.4235965648959879,False
TK-251139,2026-03-15 14:23:00,2026-03-15 14:24:00,2026-03-15 14:52:00,resolved,chat,C100608,,VA-EB-PL2,App & Firmware,Normal,Chat Frontline,A3009,0,4.0,3149.0,GW-OTHER,N,"dear sir/madam,

i am writing with reference to my order of pule 2 buds placed on 04 mar. battery backup is terrible now. i have turned off always-on display. i request you to process a reund to my original payment method.

regards,
kunal kulkarni","Customer states poor battery backup. adv disabling ANC/AOD to test. Replacement approved, reverse pickup arranged. rfnd done & new unit sent as one-time gesture. //SUK",helpdesk,3149.0,2026-03,2026Q1,Sukhwinder Singh,Chat Frontline,1,Indore,Day,,,,,,1480,3499,12,Pulse 2 True Wireless Earbuds,True,False,1820,False,True,"dear sir/madam,

i am writing with reference to my order of pule 2 buds placed on 04 mar. battery backup is terrible now. i have turned off always-on display. i request you to process a reund to my original payment method.

regards,
kunal kulkarni Customer states poor battery backup. adv disabling ANC/AOD to test. Replacement approved, reverse pickup arranged. rfnd done & new unit sent as one-time gesture. //SUK",WTY-BUYBACK,0.4230232269096696,False
TK-246928,2025-11-12 12:20:00,2025-11-12 12:52:00,2025-11-12 13:29:00,resolved,voice,C103623,,VA-EB-PL2,Connectivity,Low,Voice Frontline,A3024,0,,3324.0,GW-OTHER,Y,[IVR transcript] hi it connects for a second and then vanishes from the device list pls reply,"Reported: device not discoverable. Walked through forget + re-pair. Reset done, paired ok. Case closed with cx consent. -- Reversed the payment and dispatched a new one under RMA. ~Amit",helpdesk,3324.0,2025-11,2025Q4,Amit Deshpande,Voice Frontline,1,Bengaluru,Morning,,,,,,1480,3499,12,Pulse 2 True Wireless Earbuds,True,True,1820,False,True,"[IVR transcript] hi it connects for a second and then vanishes from the device list pls reply Reported: device not discoverable. Walked through forget + re-pair. Reset done, paired ok. Case closed with cx consent. -- Reversed the payment and dispatched a new one under RMA. ~Amit",WTY-BUYBACK,0.4220622520079055,False
TK-245589,2025-10-08 11:56:00,2025-10-08 12:29:00,2025-10-09 12:45:00,resolved,chat,C106801,VR899855,VA-EB-PL1,Delivery & Shipping,High,Logistics,A3028,0,,2374.0,GW-OTHER,N,"To the Vireo Customer Care Team,

I am writing with reference to my order of Pulse earbuds (VR899855) placed on 01/10.  Package not delivered even after 12 days. I have called the courier. I request u to process a refund to my original payment method.

Sincerely,
Lobsang Reddy","cx says delivery delayed. raised ticket w/ crr partner. rto conf, reshipped. amount returned to card; fresh unit shipped from blr warehouse.",helpdesk,2374.0,2025-10,2025Q4,Sameer Kapoor,Logistics,1,Indore,Morning,VA-EB-PL1,1.0,2374.0,2025-10-01,PL1-2509-3,1120,2499,12,Pulse True Wireless Earbuds,True,False,1460,False,True,"To the Vireo Customer Care Team,

I am writing with reference to my order of Pulse earbuds (VR899855) placed on 01/10.  Package not delivered even after 12 days. I have called the courier. I request u to process a refund to my original payment method.

Sincerely,
Lobsang Reddy cx says delivery delayed. raised ticket w/ crr partner. rto conf, reshipped. amount returned to card; fresh unit shipped from blr warehouse.",WTY-BUYBACK,0.4211502459652335,False
TK-250370,2026-02-19 22:49:00,2026-02-20 01:17:00,2026-02-20 01:37:00,resolved,social,C105384,VR901768,VA-EB-PL2,Connectivity,High,Chat Frontline,A3016,0,4.0,3149.0,GW-OTHER,Y,"hi
cannot pair my pulse 2 w/ my laptop
my pulse 2 VR901768","Cx says unable to pair with phone. Checked phone OS version. Re-pair successful, resolved on chat. (SOP 4.2)
Refund processed to source; replacement unit also shipped. -TK",helpdesk,3149.0,2026-02,2026Q1,Thomas Kumar,Email Frontline,1,Indore,Night,VA-EB-PL2,1.0,3149.0,2025-10-27,PL2-2507-1,1480,3499,12,Pulse 2 True Wireless Earbuds,True,True,1820,False,True,"hi
cannot pair my pulse 2 w/ my laptop
my pulse 2 VR901768 Cx says unable to pair with phone. Checked phone OS version. Re-pair successful, resolved on chat. (SOP 4.2)
Refund processed to source; replacement unit also shipped. -TK",DOA-REPL,0.41958800260152035,False
TK-244151,2025-08-17 20:24:00,2025-08-18 01:06:00,2025-08-20 01:40:00,closed,social,C104230,VR909432,VA-EB-PL2,Returns & Refunds,Normal,Returns Desk,A3007,1,,349900.0,GW-OTHER,N,"Very poor quality.  my Pulse 2 purchased 2 weeks ago, order VR909432. still waiting for my refund. I already checked bank. I want a replacement or refund, nothing else.","see prev.
offered rplc, cx preferred rfnd. rfnd processed.",legacy_fd,3499.0,2025-08,2025Q3,Abhishek Gupta,Chat Frontline,1,Indore,Morning,VA-EB-PL2,1.0,3499.0,2025-08-13,PL2-2505-4,1480,3499,12,Pulse 2 True Wireless Earbuds,True,False,1820,False,True,"Very poor quality.  my Pulse 2 purchased 2 weeks ago, order VR909432. still waiting for my refund. I already checked bank. I want a replacement or refund, nothing else. see prev.
offered rplc, cx preferred rfnd. rfnd processed.",RETURN-QC-OK,0.4189071946400843,False
TK-245048,2025-09-21 09:39:00,2025-09-21 09:41:00,2025-09-21 10:10:00,resolved,chat,C106044,VR891232,VA-HP-ST3,Billing & Payments,Normal,Billing,A3034,0,4.0,6999.0,GW-OTHER,N,"hey,
bought the strata 3 around 15-09-2025 from vireo.in. two entries of rs 3499 on my statemnet for one pair of earbuds.
i waited a week. nothing changed.
need this sorted this week.
regards, priya reddy",cx ok,helpdesk,6999.0,2025-09,2025Q3,Tanvi Rathore,Billing,1,Indore,Morning,VA-HP-ST3,1.0,6999.0,2025-09-15,ST3-2506-2,2650,6999,12,Strata 3 Over-Ear Headphones,True,False,2990,False,True,"hey,
bought the strata 3 around 15-09-2025 from vireo.in. two entries of rs 3499 on my statemnet for one pair of earbuds.
i waited a week. nothing changed.
need this sorted this week.
regards, priya reddy cx ok",DUP-PAYMENT,0.4173633484420069,False
TK-248705,2025-12-30 18:56:00,2025-12-30 19:02:00,2025-12-30 19:32:00,resolved,chat,C101864,,VA-EB-PL1,Delivery & Shipping,Normal,Logistics,A3030,0,,2499.0,GW-OTHER,N,"hi
the box says my pulse but what's inside is not what i paid for
my pulse","Contact re incorrect product shipped. Raised w/ warehouse. Replacement raised, RMA shared w/ cx. | Money back to source & a fresh pair shipped. //AIS",helpdesk,2499.0,2025-12,2025Q4,Aishwarya Trivedi,Logistics,1,Indore,Day,,,,,,1120,2499,12,Pulse True Wireless Earbuds,True,False,1460,False,True,"hi
the box says my pulse but what's inside is not what i paid for
my pulse Contact re incorrect product shipped. Raised w/ warehouse. Replacement raised, RMA shared w/ cx. | Money back to source & a fresh pair shipped. //AIS",WTY-BUYBACK,0.41733739369195755,False
TK-253023,2026-05-15 16:45:00,2026-05-15 16:56:00,2026-05-18 17:25:00,resolved,chat,C102842,VR882739,VA-SW-FIT,Delivery & Shipping,Low,Logistics,A3030,0,3.0,1999.0,GW-OTHER,N,"bhai
i haven't received my order
abhi tak kuch nahi hua
the fit band
anyone there","Cx says dlvry delayed. Raised ticket with courier partner. Refund approved, Rs 1999, 5-7 working days. //AIS",helpdesk,1999.0,2026-05,2026Q2,Aishwarya Trivedi,Logistics,1,Indore,Day,VA-SW-FIT,1.0,1999.0,2026-05-04,FIT-2604-1,850,1999,12,Nexa Fit Band,True,False,1190,False,True,"bhai
i haven't received my order
abhi tak kuch nahi hua
the fit band
anyone there Cx says dlvry delayed. Raised ticket with courier partner. Refund approved, Rs 1999, 5-7 working days. //AIS",LOST-TRANSIT,0.415178238696295,False
TK-248306,2025-12-18 17:59:00,2025-12-18 18:39:00,2025-12-18 19:01:00,resolved,voice,C101072,,VA-EB-AIR,Charging & Battery,Normal,Voice Frontline,A3026,0,,1799.0,GW-OTHER,N,[IVR transcript] sir ji battery life has dropped to almost nothing,"re: battery draining fast | checked usage pattern w/ cx -> rplc approved, reverse pickup arranged.
Payment reversed Rs 1799. New piece dispatched same day. //AAD",helpdesk,1799.0,2025-12,2025Q4,Aadhya Deshpande,Voice Frontline,1,Bengaluru,Day,,,,,,760,1799,12,AirLite Earbuds,True,False,1100,False,True,"[IVR transcript] sir ji battery life has dropped to almost nothing re: battery draining fast | checked usage pattern w/ cx -> rplc approved, reverse pickup arranged.
Payment reversed Rs 1799. New piece dispatched same day. //AAD",DOA-REPL,0.4141961119932041,False
TK-242302,2025-05-22 11:12:00,2025-05-22 11:51:00,2025-05-22 12:26:00,resolved,social,C105431,VR898953,VA-AC-CH65,Billing & Payments,Low,Billing,A3034,0,4.0,127400.0,GW-OTHER,N,"Product: 65W charger
Order: VR898953
Purchased: 13-05-2025
Issue: double payment deducted
Tried: checked w/ bank
Expected: callback",rslvd on call (sop 2.7),legacy_fd,1274.0,2025-05,2025Q2,Tanvi Rathore,Billing,1,Indore,Morning,VA-AC-CH65,1.0,1274.0,2025-05-13,CH65-2502-2,610,1499,6,65W GaN Charger,True,False,950,False,True,"Product: 65W charger
Order: VR898953
Purchased: 13-05-2025
Issue: double payment deducted
Tried: checked w/ bank
Expected: callback rslvd on call (sop 2.7)",DUP-PAYMENT,0.41305094600151604,False
TK-246405,2025-10-30 02:38:00,2025-10-30 02:42:00,2025-10-31 08:45:00,resolved,chat,C105072,,VA-HP-ST3,Warranty & Repair,Normal,Escalations & Warranty,A3039,1,,6649.0,GW-OTHER,N,"hello ji
claim number rma87371, anyone alive there?
help","cx: warranty claim status | followed up with service centre -> refund of rs 6649 initiated to source. -- replacement declined by cx, refund issued instead. ~Reyansh",helpdesk,6649.0,2025-10,2025Q4,Reyansh Mishra,Escalations & Warranty,2,Bengaluru,Morning,,,,,,2650,6999,12,Strata 3 Over-Ear Headphones,True,False,2990,False,True,"hello ji
claim number rma87371, anyone alive there?
help cx: warranty claim status | followed up with service centre -> refund of rs 6649 initiated to source. -- replacement declined by cx, refund issued instead. ~Reyansh",WTY-BUYBACK,0.41149055450249655,False
TK-248252,2025-12-16 20:42:00,2025-12-16 20:56:00,2025-12-16 21:11:00,closed,voice,C108004,VR893444,VA-EB-PL1,Connectivity,Normal,Voice Frontline,A3026,0,,2499.0,GW-OTHER,Y,Not acceptable at this price. Bought the Pulse buds around October 15 from Flipkart. the pairing light blinks but nothing ever shows up on my OnePlus. I already restarted the phone. Refund. Now.,"Cust contacted re pairing failure. Walked through forget + re-pair. adv FW update via app, rslvd.
Both rfnd & rplc given as cx threatened social media. //AAD",helpdesk,2499.0,2025-12,2025Q4,Aadhya Deshpande,Voice Frontline,1,Bengaluru,Day,VA-EB-PL1,1.0,2499.0,2025-10-15,PL1-2507-4,1120,2499,12,Pulse True Wireless Earbuds,True,True,1460,False,True,"Not acceptable at this price. Bought the Pulse buds around October 15 from Flipkart. the pairing light blinks but nothing ever shows up on my OnePlus. I already restarted the phone. Refund. Now. Cust contacted re pairing failure. Walked through forget + re-pair. adv FW update via app, rslvd.
Both rfnd & rplc given as cx threatened social media. //AAD",WTY-BUYBACK,0.41146333982962974,False
TK-247621,2025-11-29 17:49:00,2025-11-29 19:48:00,2025-11-29 20:11:00,closed,email,C108345,VR894277,VA-HP-ST2,Returns & Refunds,Normal,Returns Desk,A3036,0,,4999.0,GW-OTHER,Y,"to the vireo customer care team,

i am wriitng with reference to my order of strata 2 (vr894277) placed on 15 nov.  refund not received yet. i have checkde bank. i request you to process a refund to my original payment method.

regards,
amit pawar","Cx reported refund not credited. Checked reverse pickup QC status. Full refund processed (4999). Case colsed with cx consent.
Refunded Rs 4999 and also raised replacement, cx was very upset.",helpdesk,4999.0,2025-11,2025Q4,Ritika D'Souza,Returns Desk,1,Indore,Day,VA-HP-ST2,1.0,4999.0,2025-11-15,ST2-2509-1,2100,4999,12,Strata 2 Over-Ear Headphones,True,True,2440,False,True,"to the vireo customer care team,

i am wriitng with reference to my order of strata 2 (vr894277) placed on 15 nov.  refund not received yet. i have checkde bank. i request you to process a refund to my original payment method.

regards,
amit pawar Cx reported refund not credited. Checked reverse pickup QC status. Full refund processed (4999). Case colsed with cx consent.
Refunded Rs 4999 and also raised replacement, cx was very upset.",RETURN-QC-OK,0.41091595863860014,False
TK-254328,2026-06-24 19:46:00,2026-06-24 19:53:00,2026-06-24 20:44:00,resolved,chat,C108316,,VA-EB-PL2,Other,Normal,Chat Frontline,A3008,0,,3149.0,GW-OTHER,Y,"right side works perfectly, left one just does not wake up","Replacement raised, RMA shared w/ cx. Issue: L bud no charge in case. Asked cx to cleaan charging pins.
rfnd processed to source; replacement unit also shipped. //MEE",helpdesk,3149.0,2026-06,2026Q2,Meera Malhotra,Chat Frontline,1,Bengaluru,Day,,,,,,1480,3499,12,Pulse 2 True Wireless Earbuds,True,True,1820,False,True,"right side works perfectly, left one just does not wake up Replacement raised, RMA shared w/ cx. Issue: L bud no charge in case. Asked cx to cleaan charging pins.
rfnd processed to source; replacement unit also shipped. //MEE",WTY-BUYBACK,0.4096210861038206,False
TK-242670,2025-06-10 19:33:00,2025-06-10 19:44:00,2025-06-10 20:11:00,resolved,chat,C107555,VR902155,VA-NB-ARC,Connectivity,Normal,Chat Frontline,A3012,0,,129900.0,GW-OTHER,N,"Product: the neckband
Order: VR902155
Purchased: 11/05
Issue: bluetooth pairing fails every time
Tried: tried on another phone
Expected: callback","ticket raised for device not discoverable. chk phone os version. re-pair successful, resolved on chat.
refund processed to source; rplc unit also shipped.",legacy_fd,1299.0,2025-06,2025Q2,Lakshmi Srivastava,Chat Frontline,1,Bengaluru,Day,VA-NB-ARC,1.0,1299.0,2025-05-11,ARC-2503-3,540,1299,12,Arc Neckband,True,False,880,False,True,"Product: the neckband
Order: VR902155
Purchased: 11/05
Issue: bluetooth pairing fails every time
Tried: tried on another phone
Expected: callback ticket raised for device not discoverable. chk phone os version. re-pair successful, resolved on chat.
refund processed to source; rplc unit also shipped.",WTY-BUYBACK,0.408918206095643,False
TK-250359,2026-02-19 18:38:00,2026-02-19 18:51:00,2026-02-21 19:42:00,resolved,voice,C101342,VR881833,VA-EB-PL1,Other,Low,Voice Frontline,A3026,0,4.0,1999.0,GW-OTHER,Y,[IVR transcript] honestly regrettting this purchase. bougth the pulse buds arround 30 dec from flipkart. i sent the unnit in 13 days ago and have heard nothing. i already emailed twice. refund. now.,"issue: wty claim status | followed up w/ service centre -> repair completed, shipped back. Processed FR & raised RMA for new set. //AAD",helpdesk,1999.0,2026-02,2026Q1,Aadhya Deshpande,Voice Frontline,1,Bengaluru,Day,VA-EB-PL1,1.0,1999.0,2025-12-30,PL1-2510-4,1120,2499,12,Pulse True Wireless Earbuds,True,True,1460,False,True,"[IVR transcript] honestly regrettting this purchase. bougth the pulse buds arround 30 dec from flipkart. i sent the unnit in 13 days ago and have heard nothing. i already emailed twice. refund. now. issue: wty claim status | followed up w/ service centre -> repair completed, shipped back. Processed FR & raised RMA for new set. //AAD",DOA-REPL,0.40858372135108384,False
TK-244934,2025-09-16 17:51:00,2025-09-16 17:52:00,2025-09-16 18:09:00,resolved,chat,C103912,VR892629,VA-EB-AIR,Other,Normal,Chat Frontline,A3004,0,3.0,162.0,GW-OTHER,N,I have been a loyal customer and this is how you treat me. Got airlite earbuds from Amazon 10 days ago. double payment deducted. I already checked with bank. Fix this or I am posting on twitter.,refunded rs 162,helpdesk,162.0,2025-09,2025Q3,Geeta Dutta,Chat Frontline,1,Bengaluru,Day,VA-EB-AIR,1.0,1619.0,2025-09-14,AIR-2508-2,760,1799,12,AirLite Earbuds,True,False,1100,False,False,I have been a loyal customer and this is how you treat me. Got airlite earbuds from Amazon 10 days ago. double payment deducted. I already checked with bank. Fix this or I am posting on twitter. refunded rs 162,DUP-PAYMENT,0.4081117217344375,False
TK-244872,2025-09-14 18:39:00,2025-09-14 18:41:00,2025-09-19 19:06:00,resolved,chat,C108761,VR894578,VA-EB-PL1,Delivery & Shipping,Normal,Logistics,A3030,0,,2124.0,GW-OTHER,Y,"To the Vireo Customer Care Team,

I am writing with reference to my order of my Pulse (VR894578) placed on 06 Sep. Wrong product delivered. I have checked the invoice. I request you to process a refund to my original payment method.

Regards,
Krishna Khanna",incorrect product shipped | verified order vs delivered item photos -> new unit shipped under doa. -- Processed FR and raised RMA for new set. //AIS,helpdesk,2124.0,2025-09,2025Q3,Aishwarya Trivedi,Logistics,1,Indore,Day,VA-EB-PL1,1.0,2124.0,2025-09-06,PL1-2507-3,1120,2499,12,Pulse True Wireless Earbuds,True,True,1460,False,True,"To the Vireo Customer Care Team,

I am writing with reference to my order of my Pulse (VR894578) placed on 06 Sep. Wrong product delivered. I have checked the invoice. I request you to process a refund to my original payment method.

Regards,
Krishna Khanna incorrect product shipped | verified order vs delivered item photos -> new unit shipped under doa. -- Processed FR and raised RMA for new set. //AIS",WTY-BUYBACK,0.40715294447531497,False
TK-242985,2025-06-26 21:47:00,2025-06-27 00:12:00,2025-06-27 00:32:00,resolved,email,C109453,VR901741,VA-HP-ST3,Connectivity,Normal,Email Frontline,A3017,0,4.0,699900.0,GW-OTHER,Y,I bought Strata 3 on 08 Feb. Not pairing w/ my phone. I tried on another phone. Can someone fix this? Thnaks Manish,"cx reported device not discoverable. chk phone os version. adv fw update via app, rslvd.
rfnd done & new unit sent as one-time gesture. -KS",legacy_fd,6999.0,2025-06,2025Q2,Kabir Singh,Email Frontline,1,Indore,Night,VA-HP-ST3,1.0,6999.0,2025-02-08,ST3-2410-4,2650,6999,12,Strata 3 Over-Ear Headphones,True,True,2990,False,True,"I bought Strata 3 on 08 Feb. Not pairing w/ my phone. I tried on another phone. Can someone fix this? Thnaks Manish cx reported device not discoverable. chk phone os version. adv fw update via app, rslvd.
rfnd done & new unit sent as one-time gesture. -KS",WTY-BUYBACK,0.40695092890769596,False
TK-243792,2025-08-03 12:51:00,2025-08-03 12:56:00,2025-08-06 14:32:00,resolved,chat,C103050,VR906615,VA-SW-NX2,Warranty & Repair,Normal,Escalations & Warranty,A3039,0,4.0,5199.0,GW-OTHER,Y,"Deaar Sir/Madam,

I am writing with reference to my order of Nexa 2 (VR906615) placed on June 29. Touch screen not responding. I have updated firmware. I request you to look into tis matter at teh earliest.

Sincerely,
Deepak Snadhu","escalated to warranty. issue: touch not responding. walked through hard reset. (sop 4.2)
refund + rplc, cx escalation avoided. ~Reyansh",helpdesk,5199.0,2025-08,2025Q3,Reyansh Mishra,Escalations & Warranty,2,Bengaluru,Morning,VA-SW-NX2,1.0,5199.0,2025-06-29,NX2-2505-1,2450,6499,12,Nexa 2 Smartwatch,True,True,2790,False,True,"Deaar Sir/Madam,

I am writing with reference to my order of Nexa 2 (VR906615) placed on June 29. Touch screen not responding. I have updated firmware. I request you to look into tis matter at teh earliest.

Sincerely,
Deepak Snadhu escalated to warranty. issue: touch not responding. walked through hard reset. (sop 4.2)
refund + rplc, cx escalation avoided. ~Reyansh",WTY-BUYBACK,0.40535839766414944,False
TK-247961,2025-12-08 11:25:00,2025-12-08 11:27:00,2025-12-11 11:44:00,closed,chat,C108204,VR899407,VA-EB-PL2,Returns & Refunds,Normal,Returns Desk,A3037,0,3.0,3499.0,GW-OTHER,Y,"bhai
nobody came for teh pickup
the pulse 2 earbuds
kindly do the needful",pickup rescheduled for 09 dec. issue: reverse pickup pending. checked pickup awb. | refund done and new unit sent as one-time gesture. ~Manish,helpdesk,3499.0,2025-12,2025Q4,Manish Iyer,Returns Desk,1,Indore,Morning,VA-EB-PL2,1.0,3499.0,2025-11-13,PL2-2510-1,1480,3499,12,Pulse 2 True Wireless Earbuds,True,True,1820,False,True,"bhai
nobody came for teh pickup
the pulse 2 earbuds
kindly do the needful pickup rescheduled for 09 dec. issue: reverse pickup pending. checked pickup awb. | refund done and new unit sent as one-time gesture. ~Manish",RETURN-QC-OK,0.402539585585829,False
TK-250499,2026-02-23 20:42:00,2026-02-23 20:49:00,2026-02-23 21:13:00,resolved,chat,C105451,,VA-EB-AIR,Connectivity,Normal,Chat Frontline,A3005,0,,1439.0,GW-OTHER,Y,"dear sir/madam,

i am writing wtih reference to my order of the airlite buds placed on 10 feb. cannoot pair the airlite buds with my laptop. i have tried on another phone. i request you to process a refund to my original payment method.

yours faithfully,
ananya sethi","Contact re pairing failure. Asked cx to reset the device. Reset done, paired ok. | Money back to source and a fresh pair shipped.",helpdesk,1439.0,2026-02,2026Q1,Payal Bhatia,Chat Frontline,1,Indore,Day,,,,,,760,1799,12,AirLite Earbuds,True,True,1100,False,True,"dear sir/madam,

i am writing wtih reference to my order of the airlite buds placed on 10 feb. cannoot pair the airlite buds with my laptop. i have tried on another phone. i request you to process a refund to my original payment method.

yours faithfully,
ananya sethi Contact re pairing failure. Asked cx to reset the device. Reset done, paired ok. | Money back to source and a fresh pair shipped.",DOA-REPL,0.4019711138584008,False
TK-245981,2025-10-19 08:39:00,2025-10-19 08:55:00,2025-10-19 09:11:00,resolved,chat,C108929,,VA-EB-PL1,Delivery & Shipping,Normal,Logistics,A3029,0,1.0,2374.0,GW-OTHER,N,"Product: pulse 1
Order: VR883598
Purchased: 15/10
Issue: the box says pulse 1 but what's inside is not what I paid for
Tried: checked the invoice
Expected: replacement",refunded rs 2374. issue: wrong item delivered. verified order vs delivered item photos. | refund issued; replacement not applicable (out of stock). -RM,helpdesk,2374.0,2025-10,2025Q4,Rajat Mukherjee,Logistics,1,Bengaluru,Morning,,,,,,1120,2499,12,Pulse True Wireless Earbuds,True,False,1460,False,True,"Product: pulse 1
Order: VR883598
Purchased: 15/10
Issue: the box says pulse 1 but what's inside is not what I paid for
Tried: checked the invoice
Expected: replacement refunded rs 2374. issue: wrong item delivered. verified order vs delivered item photos. | refund issued; replacement not applicable (out of stock). -RM",RETURN-QC-OK,0.40097184224839155,False
TK-243880,2025-08-06 13:12:00,2025-08-06 13:13:00,2025-08-06 13:30:00,resolved,chat,C106306,VR887489,VA-EB-PL2,Delivery & Shipping,Normal,Logistics,A3029,0,2.0,279900.0,GW-OTHER,N,I haven't received my order - VR887489,refund initiated as lost in transit. issue: shipment not received. checked awb with courier. -- amount returned to card; fresh unit shipped from blr warehouse. -RM,legacy_fd,2799.0,2025-08,2025Q3,Rajat Mukherjee,Logistics,1,Bengaluru,Morning,VA-EB-PL2,1.0,2799.0,2025-07-29,PL2-2505-3,1480,3499,12,Pulse 2 True Wireless Earbuds,True,False,1820,False,True,I haven't received my order - VR887489 refund initiated as lost in transit. issue: shipment not received. checked awb with courier. -- amount returned to card; fresh unit shipped from blr warehouse. -RM,WTY-BUYBACK,0.3998076822416308,False
TK-254064,2026-06-15 20:17:00,2026-06-16 02:15:00,2026-06-19 02:32:00,resolved,email,C106363,,VA-EB-PL2,Other,Normal,Email Frontline,A3001,0,3.0,3149.0,GW-OTHER,Y,"dear sir/madam, got my pulse 2 from vireo.in 2 weeks ago. paid on 02/06, still waiting for something to show up. i checked with neighbours. nothing changed. how do i get this fixed? please revert","cust contacted re shipment not received. raied ticket with courier partner. refund initiaed as lost in transit. | refund + rplc, cx escalation avoided. ~Suresh",helpdesk,3149.0,2026-06,2026Q2,Suresh Kaur,Chat Frontline,1,Indore,Night,,,,,,1480,3499,12,Pulse 2 True Wireless Earbuds,True,True,1820,False,True,"dear sir/madam, got my pulse 2 from vireo.in 2 weeks ago. paid on 02/06, still waiting for something to show up. i checked with neighbours. nothing changed. how do i get this fixed? please revert cust contacted re shipment not received. raied ticket with courier partner. refund initiaed as lost in transit. | refund + rplc, cx escalation avoided. ~Suresh",LOST-TRANSIT,0.3993554402755073,False
TK-254348,2026-06-25 13:18:00,2026-06-25 14:14:00,2026-06-30 17:01:00,resolved,social,C104697,,VA-EB-AIR,Audio Quality,Normal,Chat Frontline,A3044,1,5.0,1709.0,GW-OTHER,Y,this is very disappointing. bought airlite around 15 jun from vireo.in. no sound from the right earbud. i already tried different phone. escalate this to someone senior.,"1. Left side silent
2. Checked balance settings with cx
3. Transferred to Escalations & Warranty
4. Replacement raised. | Refunded Rs 1709 and also raised replacement, cx was very upset.",helpdesk,1709.0,2026-06,2026Q2,Arjun Kumar,Escalations & Warranty,2,Bengaluru,Day,,,,,,760,1799,12,AirLite Earbuds,True,True,1100,False,True,"this is very disappointing. bought airlite around 15 jun from vireo.in. no sound from the right earbud. i already tried different phone. escalate this to someone senior. 1. Left side silent
2. Checked balance settings with cx
3. Transferred to Escalations & Warranty
4. Replacement raised. | Refunded Rs 1709 and also raised replacement, cx was very upset.",DOA-REPL,0.39904904273599456,False
TK-244570,2025-09-05 07:29:00,2025-09-05 07:36:00,2025-09-07 08:59:00,resolved,chat,C102976,VR894402,VA-EB-PL2,Warranty & Repair,Normal,Escalations & Warranty,A3039,0,4.0,3499.0,GW-OTHER,N,"case wont charge since a month ago, VR894402","1. charging case dead
2. asked cx to try different cable + adaptor
3. advised port cleaning, resolved.
refund processed to source; replacement unit also shipped. ~Reyansh",helpdesk,3499.0,2025-09,2025Q3,Reyansh Mishra,Escalations & Warranty,2,Bengaluru,Morning,VA-EB-PL2,1.0,3499.0,2025-07-26,PL2-2506-2,1480,3499,12,Pulse 2 True Wireless Earbuds,True,False,1820,False,True,"case wont charge since a month ago, VR894402 1. charging case dead
2. asked cx to try different cable + adaptor
3. advised port cleaning, resolved.
refund processed to source; replacement unit also shipped. ~Reyansh",DOA-REPL,0.3987262504021418,False
TK-250701,2026-03-01 20:06:00,2026-03-01 20:36:00,,pending,voice,C102295,VR899037,VA-EB-PL1,Charging & Battery,Normal,Voice Frontline,A3010,1,3.0,2249.0,GW-OTHER,Y,"hi team, pulse earbuds purchased recently, order vr899037.  only the right one lights up when i put them in the case. i did the reset from the manual. nothing changed. waiting for your reply. regards,","l bud no charge in case | asked cx to clean charing pins -> reset resolved, cx conf left bud charging | xfer chat frontline. -- refund + rplc, cx escalation avoided. ~Tenzin",helpdesk,2249.0,2026-03,2026Q1,Tenzin Mathew,Chat Frontline,1,Bengaluru,Morning,VA-EB-PL1,1.0,2249.0,2025-11-21,PL1-2508-2,1120,2499,12,Pulse True Wireless Earbuds,True,True,1460,False,True,"hi team, pulse earbuds purchased recently, order vr899037.  only the right one lights up when i put them in the case. i did the reset from the manual. nothing changed. waiting for your reply. regards, l bud no charge in case | asked cx to clean charing pins -> reset resolved, cx conf left bud charging | xfer chat frontline. -- refund + rplc, cx escalation avoided. ~Tenzin",WTY-BUYBACK,0.3971721001968156,False
TK-241575,2025-04-13 11:37:00,2025-04-13 11:42:00,2025-04-16 11:59:00,resolved,chat,C108077,VR903628,VA-EB-PL1,Returns & Refunds,Normal,Returns Desk,A3037,0,,199900.0,GW-OTHER,Y,"sir ji
nobody came for the pickup
10 days ago se
pulse 1 vr903628",rfnd processed without pickup as goodwill. issue: pickup not done. checked pickup awb. | rfnd done and new unit sent as one-time gesture. ~Manish,legacy_fd,1999.0,2025-04,2025Q2,Manish Iyer,Returns Desk,1,Indore,Morning,VA-EB-PL1,1.0,1999.0,2025-04-08,PL1-2501-4,1120,2499,12,Pulse True Wireless Earbuds,True,True,1460,False,True,"sir ji
nobody came for the pickup
10 days ago se
pulse 1 vr903628 rfnd processed without pickup as goodwill. issue: pickup not done. checked pickup awb. | rfnd done and new unit sent as one-time gesture. ~Manish",RETURN-QC-OK,0.3967711629097586,False
TK-240829,2025-03-03 17:22:00,2025-03-03 17:23:00,2025-03-03 17:35:00,closed,chat,C100528,,VA-HP-ST3,Delivery & Shipping,Normal,Logistics,A3030,0,,1399800.0,GW-OTHER,Y,"dear sir/madam,

i am writing w/ reference to my order of my strata 3 headphones placed on 23/02. order not delivered, tracking not updating. i have called the courier. i request you to provide a resolution within 3 working days.

regards,
rajat trivedi",Reported: delivery delayed. Confirmed address w/ cx. Refund initiated as lost in transit. -- Amount returned to card; fresh unit shipped from BLR warehouse. //AIS,legacy_fd,13998.0,2025-03,2025Q1,Aishwarya Trivedi,Logistics,1,Indore,Day,,,,,,2650,6999,12,Strata 3 Over-Ear Headphones,True,True,2990,False,True,"dear sir/madam,

i am writing w/ reference to my order of my strata 3 headphones placed on 23/02. order not delivered, tracking not updating. i have called the courier. i request you to provide a resolution within 3 working days.

regards,
rajat trivedi Reported: delivery delayed. Confirmed address w/ cx. Refund initiated as lost in transit. -- Amount returned to card; fresh unit shipped from BLR warehouse. //AIS",WTY-BUYBACK,0.396770474773062,False
TK-245232,2025-09-27 11:34:00,2025-09-27 12:05:00,2025-09-27 12:40:00,resolved,voice,C105572,,VA-EB-PL2,Returns & Refunds,Normal,Returns Desk,A3038,0,,3499.0,GW-OTHER,N,[IVR transcript] sir ji you picked up the item 16 days ago & my money hasn't come back kuch karo my pulse 2 kindly do the needful,-,helpdesk,3499.0,2025-09,2025Q3,Ankit Dhillon,Returns Desk,1,Bengaluru,Morning,,,,,,1480,3499,12,Pulse 2 True Wireless Earbuds,True,False,1820,False,True,[IVR transcript] sir ji you picked up the item 16 days ago & my money hasn't come back kuch karo my pulse 2 kindly do the needful -,RETURN-QC-OK,0.395520699775644,False
TK-251928,2026-04-07 09:29:00,2026-04-07 09:41:00,2026-04-09 09:55:00,resolved,chat,C101871,VR890710,VA-EB-PL2,Delivery & Shipping,Normal,Logistics,A3027,0,,3324.0,GW-OTHER,N,"Dear team, This is regarding the Pulse 2 earbuds. Opened the parcel and it is a completely different thing. I rechecked my order. How do I get this fixed?",Contact re wrong item delivered. Verified order vs delivered item photos. Full refund processed (3324). Case closed with cx consent.,helpdesk,3324.0,2026-04,2026Q2,Priya Agarwal,Logistics,1,Indore,Morning,VA-EB-PL2,1.0,3324.0,2026-03-29,PL2-2603-4,1480,3499,12,Pulse 2 True Wireless Earbuds,True,False,1820,False,True,"Dear team, This is regarding the Pulse 2 earbuds. Opened the parcel and it is a completely different thing. I rechecked my order. How do I get this fixed? Contact re wrong item delivered. Verified order vs delivered item photos. Full refund processed (3324). Case closed with cx consent.",RETURN-QC-OK,0.39512168585565766,False
TK-242249,2025-05-19 13:20:00,2025-05-19 13:27:00,2025-05-19 13:43:00,resolved,voice,C107000,VR900434,VA-EB-AIR,Billing & Payments,High,Billing,A3034,0,,152900.0,GW-OTHER,N,"[IVR transcript] hello paid once, statement disagrees hello??",cx ok (sop 5.4),legacy_fd,1529.0,2025-05,2025Q2,Tanvi Rathore,Billing,1,Indore,Morning,VA-EB-AIR,1.0,1529.0,2025-05-05,AIR-2502-2,760,1799,12,AirLite Earbuds,True,False,1100,False,True,"[IVR transcript] hello paid once, statement disagrees hello?? cx ok (sop 5.4)",DUP-PAYMENT,0.39452007123598,False
TK-245356,2025-09-30 20:23:00,2025-10-01 12:42:00,2025-10-01 13:04:00,resolved,email,C107129,VR908638,VA-EB-PL2,Delivery & Shipping,Normal,Logistics,A3027,0,,2799.0,GW-OTHER,Y,"hello ji
ordered black, got white, not what i asked for
abhi tak kuch nahi hua
pulse 2","1. Wrong item delivered
2. Verified ord vs delivered item photos
3. Replacement approved, reverse pickup arranged.
Reversed the payment & dispatched a new one under RMA.",helpdesk,2799.0,2025-09,2025Q3,Priya Agarwal,Logistics,1,Indore,Morning,VA-EB-PL2,1.0,2799.0,2025-09-26,PL2-2508-1,1480,3499,12,Pulse 2 True Wireless Earbuds,True,True,1820,False,True,"hello ji
ordered black, got white, not what i asked for
abhi tak kuch nahi hua
pulse 2 1. Wrong item delivered
2. Verified ord vs delivered item photos
3. Replacement approved, reverse pickup arranged.
Reversed the payment & dispatched a new one under RMA.",WTY-BUYBACK,0.3934046935776632,False
TK-246888,2025-11-11 11:14:00,2025-11-11 17:52:00,2025-11-13 18:08:00,resolved,email,C101875,VR902176,VA-EB-PL2,Returns & Refunds,Normal,Returns Desk,A3036,0,,3149.0,GW-OTHER,N,"Product: my Pulse 2
Order: VR902176
Purchased: 14/10
Issue: where is the monye for the return
Tried: emialed twice
Expected: refund",see prev,helpdesk,3149.0,2025-11,2025Q4,Ritika D'Souza,Returns Desk,1,Indore,Day,VA-EB-PL2,1.0,3149.0,2025-10-14,PL2-2508-2,1480,3499,12,Pulse 2 True Wireless Earbuds,True,False,1820,False,True,"Product: my Pulse 2
Order: VR902176
Purchased: 14/10
Issue: where is the monye for the return
Tried: emialed twice
Expected: refund see prev",RETURN-QC-OK,0.3929249961979681,False
TK-240023,2025-01-02 21:37:00,2025-01-02 23:39:00,2025-01-04 02:47:00,resolved,voice,C106269,VR892299,VA-EB-AIR,Warranty & Repair,Low,Escalations & Warranty,A3039,0,,28800.0,GW-OTHER,N,[IVR transcript] I am losing patience. Bought airlite earbuds around 29 Nov from vireo.in. what is the status of my warranty claim. I already emailed twice. This is the last time I buy from you.,re: warranty claim status | checked rma status -> refunded rs 288 ~Reyansh,legacy_fd,288.0,2025-01,2025Q1,Reyansh Mishra,Escalations & Warranty,2,Bengaluru,Morning,VA-EB-AIR,1.0,1439.0,2024-11-29,AIR-2408-4,760,1799,12,AirLite Earbuds,True,False,1100,False,False,[IVR transcript] I am losing patience. Bought airlite earbuds around 29 Nov from vireo.in. what is the status of my warranty claim. I already emailed twice. This is the last time I buy from you. re: warranty claim status | checked rma status -> refunded rs 288 ~Reyansh,WTY-BUYBACK,0.3923969288022475,False
TK-251248,2026-03-19 13:27:00,2026-03-19 15:30:00,2026-03-19 15:56:00,resolved,social,C104378,VR888273,VA-SW-NX1,Connectivity,Normal,Chat Frontline,A3005,0,,4999.0,GW-OTHER,Y,"Heello Vireo,
This is regarding Nexa watch. Cannot pair Nexa watch with my laptop.
I forgot the device and tried again.
Need thhis sorted this week.
Thanks","Cx says unable to pair with phone. chk phone OS version. Reset done, paired ok. rfnd + rplc, cx escalation avoided.",helpdesk,4999.0,2026-03,2026Q1,Payal Bhatia,Chat Frontline,1,Indore,Day,VA-SW-NX1,1.0,4999.0,2026-03-07,NX1-2602-2,1900,4999,12,Nexa Smartwatch,True,True,2240,False,True,"Heello Vireo,
This is regarding Nexa watch. Cannot pair Nexa watch with my laptop.
I forgot the device and tried again.
Need thhis sorted this week.
Thanks Cx says unable to pair with phone. chk phone OS version. Reset done, paired ok. rfnd + rplc, cx escalation avoided.",DOA-REPL,0.392315198744843,False
TK-252181,2026-04-16 07:00:00,2026-04-16 07:08:00,2026-04-16 07:32:00,closed,chat,C105953,VR894566,VA-EB-PL2,Billing & Payments,High,Billing,A3034,0,,1750.0,GW-OTHER,N,"Dear Sir/Madam,

I am writing with reference to my order of my Pulse 2 (VR894566) placed on 09 Apr.  Double payment deducted. I have waited a week. I request you to process a refund to my original payment method.

Yours faithfully,
Simran Sandhu",sorted (sop 5.4),helpdesk,1750.0,2026-04,2026Q2,Tanvi Rathore,Billing,1,Indore,Morning,VA-EB-PL2,1.0,3499.0,2026-04-09,PL2-2601-4,1480,3499,12,Pulse 2 True Wireless Earbuds,True,False,1820,False,True,"Dear Sir/Madam,

I am writing with reference to my order of my Pulse 2 (VR894566) placed on 09 Apr.  Double payment deducted. I have waited a week. I request you to process a refund to my original payment method.

Yours faithfully,
Simran Sandhu sorted (sop 5.4)",DUP-PAYMENT,0.3916748619776523,False
TK-241832,2025-04-26 11:54:00,2025-04-26 21:49:00,2025-04-26 22:24:00,resolved,email,C107999,VR908126,VA-HP-ST3,Billing & Payments,High,Billing,A3035,0,3.0,559900.0,GW-OTHER,N,double paymeent deducted. VR908126,cx ok,legacy_fd,5599.0,2025-04,2025Q2,Dev Kulkarni,Billing,1,Bengaluru,Day,VA-HP-ST3,1.0,5599.0,2025-04-23,ST3-2502-3,2650,6999,12,Strata 3 Over-Ear Headphones,True,False,2990,False,True,double paymeent deducted. VR908126 cx ok,DUP-PAYMENT,0.39057866869101876,False
TK-253307,2026-05-23 20:41:00,2026-05-23 21:57:00,2026-05-30 23:22:00,resolved,email,C104095,,VA-EB-PL2,Other,Low,Email Frontline,A3039,1,3.0,2799.0,GW-OTHER,N,Not accpetable at this price. Ordered Pulse 2 recently. random disconnects during calls. I already turned off wifi. Fix this or I am posting on twitter.,"connection dropping | checked interference sources -> refund approved, rs 2799, 5-7 working days | xfer escalations & warranty (sop 5.4)",helpdesk,2799.0,2026-05,2026Q2,Reyansh Mishra,Escalations & Warranty,2,Bengaluru,Morning,,,,,,1480,3499,12,Pulse 2 True Wireless Earbuds,True,False,1820,False,True,"Not accpetable at this price. Ordered Pulse 2 recently. random disconnects during calls. I already turned off wifi. Fix this or I am posting on twitter. connection dropping | checked interference sources -> refund approved, rs 2799, 5-7 working days | xfer escalations & warranty (sop 5.4)",WTY-BUYBACK,0.3903998873394686,False
TK-250554,2026-02-25 17:10:00,2026-02-25 17:57:00,2026-02-25 18:33:00,resolved,voice,C100304,VR899233,VA-EB-PL2,Charging & Battery,Normal,Voice Frontline,A3026,0,,3499.0,GW-OTHER,N,"[IVR transcript] plugging in does nothing on the case, cable works on my phone - VR899233","cx: charging case dead | conf case led dead -> rplc case raised.
Refund processed to source; rplc unit also shipped. //AAD",helpdesk,3499.0,2026-02,2026Q1,Aadhya Deshpande,Voice Frontline,1,Bengaluru,Day,VA-EB-PL2,1.0,3499.0,2026-01-18,PL2-2511-3,1480,3499,12,Pulse 2 True Wireless Earbuds,True,False,1820,False,True,"[IVR transcript] plugging in does nothing on the case, cable works on my phone - VR899233 cx: charging case dead | conf case led dead -> rplc case raised.
Refund processed to source; rplc unit also shipped. //AAD",DOA-REPL,0.3899764366899596,False
TK-250948,2026-03-10 08:25:00,2026-03-10 08:28:00,2026-03-11 13:41:00,resolved,chat,C100251,,VA-EB-PL1,Warranty & Repair,Low,Escalations & Warranty,A3039,0,,2499.0,GW-OTHER,N,"hi
no update on my repair
help","warranty claim status | followed up with service centre -> refund approved, rs 2499, 5-7 working days (sop 5.4) replacement declined by cx, refund issued instead. ~Reyansh",helpdesk,2499.0,2026-03,2026Q1,Reyansh Mishra,Escalations & Warranty,2,Bengaluru,Morning,,,,,,1120,2499,12,Pulse True Wireless Earbuds,True,False,1460,False,True,"hi
no update on my repair
help warranty claim status | followed up with service centre -> refund approved, rs 2499, 5-7 working days (sop 5.4) replacement declined by cx, refund issued instead. ~Reyansh",WTY-BUYBACK,0.3885314846210325,False
TK-252357,2026-04-21 20:30:00,2026-04-21 20:40:00,2026-04-22 21:10:00,closed,chat,C105013,,VA-NB-ARC,Billing & Payments,Normal,Billing,A3035,2,3.0,1299.0,GW-OTHER,N,"Dear Sir/Madam,

I am writing wih reference to my order of my Arc placed on 29 Mar. Refuund not reeived yet. I have checked bank. I request you to process a refund to my original pyment method.

Regards,
Komal Malhotra
Vadodara",Cx says rfnd delay. chk reverse pickup QC status. rfnd of Rs 1299 initiated to source. Will monitor. Payment reversed Rs 1299. New piece dispatched same day.,helpdesk,1299.0,2026-04,2026Q2,Dev Kulkarni,Billing,1,Bengaluru,Day,,,,,,540,1299,12,Arc Neckband,True,False,880,False,True,"Dear Sir/Madam,

I am writing wih reference to my order of my Arc placed on 29 Mar. Refuund not reeived yet. I have checked bank. I request you to process a refund to my original pyment method.

Regards,
Komal Malhotra
Vadodara Cx says rfnd delay. chk reverse pickup QC status. rfnd of Rs 1299 initiated to source. Will monitor. Payment reversed Rs 1299. New piece dispatched same day.",RETURN-QC-OK,0.3856758583097613,False
TK-252702,2026-05-04 19:49:00,2026-05-04 21:30:00,2026-05-04 21:48:00,resolved,voice,C108967,VR891786,VA-EB-PL1,Delivery & Shipping,High,Logistics,A3030,0,3.0,319.0,GW-OTHER,N,Really frustrating. This is regarding Pulse earbuds. product arrived damaged. I already took photos. Fix this or I am posting on twitter.,"done. -- Replacement was offered earlier by chat team, cx opted for rfnd. //AIS",helpdesk,319.0,2026-05,2026Q2,Aishwarya Trivedi,Logistics,1,Indore,Day,VA-EB-PL1,1.0,2124.0,2026-04-30,PL1-2601-4,1120,2499,12,Pulse True Wireless Earbuds,True,False,1460,False,False,"Really frustrating. This is regarding Pulse earbuds. product arrived damaged. I already took photos. Fix this or I am posting on twitter. done. -- Replacement was offered earlier by chat team, cx opted for rfnd. //AIS",DOA-REPL,0.3853921921367591,False
TK-253778,2026-06-06 13:51:00,2026-06-06 14:58:00,2026-06-11 15:21:00,resolved,email,C102681,VR907923,VA-EB-PL2,Delivery & Shipping,High,Logistics,A3030,0,,446.0,GW-OTHER,N,this is regarding the pulse 2 earbuds. package not delivered even after 7 days. i called the courier. nothing changed. can someone fix this? regards,Cx reported delivery delayed. conf address w/ cx. rfnd of Rs 446 initiated to source.,helpdesk,446.0,2026-06,2026Q2,Aishwarya Trivedi,Logistics,1,Indore,Day,VA-EB-PL2,1.0,2974.0,2026-05-25,PL2-2603-2,1480,3499,12,Pulse 2 True Wireless Earbuds,True,False,1820,False,False,this is regarding the pulse 2 earbuds. package not delivered even after 7 days. i called the courier. nothing changed. can someone fix this? regards Cx reported delivery delayed. conf address w/ cx. rfnd of Rs 446 initiated to source.,WTY-BUYBACK,0.38409503149001,False
TK-245289,2025-09-28 20:38:00,2025-09-28 20:44:00,2025-10-03 23:15:00,resolved,chat,C105469,,VA-EB-PL2,Charging & Battery,High,Chat Frontline,A3039,1,3.0,3499.0,GW-OTHER,Y,"hi, i bought pulse 2 buds on 24 aug.  app shows the left at 0 percent no matter how long its in the case. i removed and reinserted it 10 times. nothing changed. please call me on my registered number.","issue: left earbud not taking charge | asked for photo of the bud contacts -> replacement raised for the bud | xfer escalations & warranty (sop 3.1) -- credited full amount, new unit also going out tomorrow. ~Reyansh",helpdesk,3499.0,2025-09,2025Q3,Reyansh Mishra,Escalations & Warranty,2,Bengaluru,Morning,,,,,,1480,3499,12,Pulse 2 True Wireless Earbuds,True,True,1820,False,True,"hi, i bought pulse 2 buds on 24 aug.  app shows the left at 0 percent no matter how long its in the case. i removed and reinserted it 10 times. nothing changed. please call me on my registered number. issue: left earbud not taking charge | asked for photo of the bud contacts -> replacement raised for the bud | xfer escalations & warranty (sop 3.1) -- credited full amount, new unit also going out tomorrow. ~Reyansh",DOA-REPL,0.38393828908180705,False
TK-247126,2025-11-17 12:46:00,2025-11-17 12:48:00,2025-11-17 13:20:00,resolved,chat,C106318,,VA-SP-ORB,Audio Quality,Low,Chat Frontline,A3006,0,,5999.0,GW-OTHER,N,"hello ji
teh sound stutters wheneevr my phone is in my pocket","advised, cx will monitor. issue: bt dropouts. checked interference sources. money back to source and a fresh pair shipped. -VB",helpdesk,5999.0,2025-11,2025Q4,Varun Bhatt,Chat Frontline,1,Bengaluru,Morning,,,,,,2300,5999,12,Orbit Smart Speaker,True,False,2640,False,True,"hello ji
teh sound stutters wheneevr my phone is in my pocket advised, cx will monitor. issue: bt dropouts. checked interference sources. money back to source and a fresh pair shipped. -VB",WTY-BUYBACK,0.38226002588915614,False
TK-245777,2025-10-13 19:32:00,2025-10-13 21:12:00,2025-10-16 21:26:00,resolved,voice,C105809,VR902885,VA-EB-PL1,Returns & Refunds,Normal,Returns Desk,A3036,0,4.0,2499.0,GW-OTHER,Y,[IVR transcript] hi i have been sitting at home for 3 days waiting for your courier,"Reported: pickup not done. chk pickup AWB. Refund processed without pickup as goodwill. Case closd with cx consent. (SOP 5.4)
Amount returned to card; fresh unit shipped from BLR warehouse.",helpdesk,2499.0,2025-10,2025Q4,Ritika D'Souza,Returns Desk,1,Indore,Day,VA-EB-PL1,1.0,2499.0,2024-10-23,PL1-2408-1,1120,2499,12,Pulse True Wireless Earbuds,True,True,1460,False,True,"[IVR transcript] hi i have been sitting at home for 3 days waiting for your courier Reported: pickup not done. chk pickup AWB. Refund processed without pickup as goodwill. Case closd with cx consent. (SOP 5.4)
Amount returned to card; fresh unit shipped from BLR warehouse.",RETURN-QC-OK,0.3815090568673926,False
TK-248327,2025-12-19 09:54:00,2025-12-19 10:26:00,2025-12-21 10:44:00,resolved,voice,C101511,VR881307,VA-EB-PL2,Delivery & Shipping,High,Logistics,A3027,0,,2974.0,GW-OTHER,N,package not delivered even atfer 7 days - VR881307 - pleease call me on my registered number,"1. ord not delivered
2. conf address with cx
3. Refund initiated as lost in transit",helpdesk,2974.0,2025-12,2025Q4,Priya Agarwal,Logistics,1,Indore,Morning,VA-EB-PL2,1.0,2974.0,2025-12-05,PL2-2509-3,1480,3499,12,Pulse 2 True Wireless Earbuds,True,False,1820,False,True,"package not delivered even atfer 7 days - VR881307 - pleease call me on my registered number 1. ord not delivered
2. conf address with cx
3. Refund initiated as lost in transit",WTY-BUYBACK,0.3814637234991731,False
TK-251856,2026-04-04 22:55:00,2026-04-05 01:30:00,2026-04-05 01:46:00,closed,social,C106987,VR906674,VA-HP-ST3,Billing & Payments,High,Billing,A3034,0,,6999.0,GW-OTHER,N,"Hello Vireo,
Bought Strata 3 around 02 Apr from Flipkart.  Double payment deducted.
I waited a week. Nothing changed.
Waiting for your reply.
Thanks in advance, Tenzin Yadav",cx ok,helpdesk,6999.0,2026-04,2026Q2,Tanvi Rathore,Billing,1,Indore,Morning,VA-HP-ST3,1.0,6999.0,2026-04-02,ST3-2602-1,2650,6999,12,Strata 3 Over-Ear Headphones,True,False,2990,False,True,"Hello Vireo,
Bought Strata 3 around 02 Apr from Flipkart.  Double payment deducted.
I waited a week. Nothing changed.
Waiting for your reply.
Thanks in advance, Tenzin Yadav cx ok",DUP-PAYMENT,0.3798842902862232,False
TK-245326,2025-09-29 23:20:00,2025-09-30 02:49:00,2025-10-03 08:01:00,resolved,email,C101280,VR888288,VA-HP-ST3,Warranty & Repair,Normal,Escalations & Warranty,A3039,0,3.0,6999.0,GW-OTHER,N,no update on my repair - i want my money back,re: rma status query | followed up with service centre -> full refund processed (6999),helpdesk,6999.0,2025-09,2025Q3,Reyansh Mishra,Escalations & Warranty,2,Bengaluru,Morning,VA-HP-ST3,1.0,6999.0,2025-08-11,ST3-2504-2,2650,6999,12,Strata 3 Over-Ear Headphones,True,False,2990,False,True,no update on my repair - i want my money back re: rma status query | followed up with service centre -> full refund processed (6999),WTY-BUYBACK,0.3793333069952645,False
TK-244095,2025-08-15 18:01:00,2025-08-15 18:34:00,2025-08-15 18:59:00,resolved,chat,C105269,VR894470,VA-HP-ST3,Other,Normal,Chat Frontline,A3014,0,2.0,559900.0,GW-OTHER,N,"Namaste, Bought the strata 3 aound 13-07-2025 from Amazon.  Microphone is very low on the the strata 3. I chekced mic permissions. Nothing changed. Please call me on my registered number. Regards","Permissions fixed, rslvd. Issue: low mic pkp. Tested on call w/ cx. -- Credited full amount, new unit also going out tomorrow. -AD",legacy_fd,5599.0,2025-08,2025Q3,Anjali D'Souza,Chat Frontline,1,Bengaluru,Day,VA-HP-ST3,1.0,5599.0,2025-07-13,ST3-2506-3,2650,6999,12,Strata 3 Over-Ear Headphones,True,False,2990,False,True,"Namaste, Bought the strata 3 aound 13-07-2025 from Amazon.  Microphone is very low on the the strata 3. I chekced mic permissions. Nothing changed. Please call me on my registered number. Regards Permissions fixed, rslvd. Issue: low mic pkp. Tested on call w/ cx. -- Credited full amount, new unit also going out tomorrow. -AD",WTY-BUYBACK,0.3781613768539887,False
TK-250666,2026-02-28 18:58:00,2026-02-28 18:59:00,2026-03-03 21:34:00,resolved,chat,C109120,,VA-SP-MINI,Warranty & Repair,High,Escalations & Warranty,A3041,0,,2499.0,GW-OTHER,N,"product: the mini speaker
purchased: 15/09
issue: it is a v expnsive brick now, no lights, no sound
tried: held power button 30 sec
expected: replacement","1. Speaker not powering on
2. Asked cx to try different adaptor
3. Refund of Rs 2499 initiated to source. Both rfnd and rplc given as cx threatened social media.",helpdesk,2499.0,2026-02,2026Q1,Mohammed Mehta,Escalations & Warranty,2,Bengaluru,Day,,,,,,980,2499,12,Orbit Mini Speaker,True,False,1320,False,True,"product: the mini speaker
purchased: 15/09
issue: it is a v expnsive brick now, no lights, no sound
tried: held power button 30 sec
expected: replacement 1. Speaker not powering on
2. Asked cx to try different adaptor
3. Refund of Rs 2499 initiated to source. Both rfnd and rplc given as cx threatened social media.",WTY-BUYBACK,0.37705376485086095,False
TK-247342,2025-11-22 17:16:00,2025-11-22 17:18:00,2025-11-22 17:43:00,resolved,chat,C105883,,VA-HP-ST3,Audio Quality,Normal,Chat Frontline,A3005,0,,6999.0,GW-OTHER,N,"product: my strata 3 heapdhones
purchased: 07/11
issue: only one side plays sound
tried: reset the buds
expected: refund","Ticket raised for no audio one side. chk balance settings with cx. esc to wty. Refunded Rs 6999 & also raised rplc, cx was very upset.",helpdesk,6999.0,2025-11,2025Q4,Payal Bhatia,Chat Frontline,1,Indore,Day,,,,,,2650,6999,12,Strata 3 Over-Ear Headphones,True,False,2990,False,True,"product: my strata 3 heapdhones
purchased: 07/11
issue: only one side plays sound
tried: reset the buds
expected: refund Ticket raised for no audio one side. chk balance settings with cx. esc to wty. Refunded Rs 6999 & also raised rplc, cx was very upset.",WTY-BUYBACK,0.37527253261214466,False
TK-251849,2026-04-04 21:00:00,2026-04-04 21:06:00,2026-04-04 21:35:00,resolved,chat,C100002,VR894913,VA-EB-PL1,Audio Quality,Normal,Chat Frontline,A3015,0,,2124.0,GW-OTHER,N,"distorted audio at hiigh volume
vr894913
pelase call me on my registered numer","rfnd of Rs 2124 initiated to source. Issue: static noise in audio. chk with different source. -- Replacement declined by cx, refund issued instead. [closed]",helpdesk,2124.0,2026-04,2026Q2,Sameer Jadhav,Chat Frontline,1,Bengaluru,Day,VA-EB-PL1,1.0,2124.0,2026-02-11,PL1-2512-2,1120,2499,12,Pulse True Wireless Earbuds,True,False,1460,False,True,"distorted audio at hiigh volume
vr894913
pelase call me on my registered numer rfnd of Rs 2124 initiated to source. Issue: static noise in audio. chk with different source. -- Replacement declined by cx, refund issued instead. [closed]",WTY-BUYBACK,0.3736481571340381,False
TK-251706,2026-03-31 17:31:00,2026-03-31 17:32:00,2026-03-31 17:54:00,closed,chat,C103374,VR908740,VA-EB-PL2,Connectivity,High,Chat Frontline,A3004,0,3.0,3499.0,GW-OTHER,Y,"teh Pulse 2 earbuuds purchased 3 weeks back, order VR908740. Keeps losing my phone if I walk to the other room.
I turned off wifi. Nothing changed.
Please help.",sorted. | processed fr and raised rma for new set.,helpdesk,3499.0,2026-03,2026Q1,Geeta Dutta,Chat Frontline,1,Bengaluru,Day,VA-EB-PL2,1.0,3499.0,2025-11-09,PL2-2508-3,1480,3499,12,Pulse 2 True Wireless Earbuds,True,True,1820,False,True,"teh Pulse 2 earbuuds purchased 3 weeks back, order VR908740. Keeps losing my phone if I walk to the other room.
I turned off wifi. Nothing changed.
Please help. sorted. | processed fr and raised rma for new set.",WTY-BUYBACK,0.3727007130266098,False
TK-243814,2025-08-04 09:08:00,2025-08-04 09:09:00,2025-08-04 09:42:00,resolved,chat,C107439,VR880419,VA-SW-NX2,Connectivity,Normal,Chat Frontline,A3007,0,,649900.0,GW-OTHER,Y,"Got my Nexa 2 watch from vireo.in a month ago.  It connects for a second & then vanishes from the device list. I restarted the phone. Please advise. Please revert,","adv fw update via app, rslvd. | reversed the payment & dispatched a new one under rma.",legacy_fd,6499.0,2025-08,2025Q3,Abhishek Gupta,Chat Frontline,1,Indore,Morning,VA-SW-NX2,1.0,6499.0,2025-02-24,NX2-2501-2,2450,6499,12,Nexa 2 Smartwatch,True,True,2790,False,True,"Got my Nexa 2 watch from vireo.in a month ago.  It connects for a second & then vanishes from the device list. I restarted the phone. Please advise. Please revert, adv fw update via app, rslvd. | reversed the payment & dispatched a new one under rma.",DOA-REPL,0.3723762443816825,False
TK-243305,2025-07-13 19:00:00,2025-07-14 00:11:00,2025-07-14 00:26:00,resolved,social,C106626,VR901307,VA-EB-PL1,Delivery & Shipping,Normal,Logistics,A3028,0,,249900.0,GW-OTHER,N,"hey,
got my pulse from flipkart around diwali.  the courier marked it delivered but nobody in my house got anything.
i called the courier. nothing changed.
i want my money back.
awaiting response,","ticket raised for shipment not rcvd. chk awb w/ crr. re-shipped from warehouse. credited full amount, new unit also going out tomorrow.",legacy_fd,2499.0,2025-07,2025Q3,Sameer Kapoor,Logistics,1,Indore,Morning,VA-EB-PL1,1.0,2499.0,2025-07-04,PL1-2504-3,1120,2499,12,Pulse True Wireless Earbuds,True,False,1460,False,True,"hey,
got my pulse from flipkart around diwali.  the courier marked it delivered but nobody in my house got anything.
i called the courier. nothing changed.
i want my money back.
awaiting response, ticket raised for shipment not rcvd. chk awb w/ crr. re-shipped from warehouse. credited full amount, new unit also going out tomorrow.",DOA-REPL,0.3700126597368962,False
TK-243492,2025-07-23 10:34:00,2025-07-23 11:00:00,2025-07-24 11:25:00,closed,social,C100816,,VA-SW-NX1,Delivery & Shipping,Normal,Logistics,A3028,0,3.0,474900.0,GW-OTHER,N,"hey
order status stuck on shipped since 10-07-2025
my nexa","shipment not rcvd | chk awb with crr -> rfnd initiated as lost in transit. -- refunded rs 4749 & also raised rplc, cx was very upset.",legacy_fd,4749.0,2025-07,2025Q3,Sameer Kapoor,Logistics,1,Indore,Morning,,,,,,1900,4999,12,Nexa Smartwatch,True,False,2240,False,True,"hey
order status stuck on shipped since 10-07-2025
my nexa shipment not rcvd | chk awb with crr -> rfnd initiated as lost in transit. -- refunded rs 4749 & also raised rplc, cx was very upset.",WTY-BUYBACK,0.3694137989781728,False
TK-253378,2026-05-25 19:35:00,2026-05-25 22:16:00,2026-05-25 22:43:00,resolved,social,C102968,VR886174,VA-EB-PL2,Other,Normal,Chat Frontline,A3002,2,,2799.0,GW-OTHER,N,"to the vireo customer care team,

i am writing with reference to my order of the pulse 2 earbuds (vr886174) placed on 17/05. i haven't received my order. i have checked the tracking page daily. i request you to kindly arrange a replacement.

regards,
lobsang bose",issue: order not delivered | confirmed address with cx -> refund initiated as lost in transit. reversed the payment and dispatched a new one under rma. [closed],helpdesk,2799.0,2026-05,2026Q2,Steven Ansari,Chat Frontline,1,Indore,Night,VA-EB-PL2,1.0,2799.0,2026-05-17,PL2-2604-2,1480,3499,12,Pulse 2 True Wireless Earbuds,True,False,1820,False,True,"to the vireo customer care team,

i am writing with reference to my order of the pulse 2 earbuds (vr886174) placed on 17/05. i haven't received my order. i have checked the tracking page daily. i request you to kindly arrange a replacement.

regards,
lobsang bose issue: order not delivered | confirmed address with cx -> refund initiated as lost in transit. reversed the payment and dispatched a new one under rma. [closed]",WTY-BUYBACK,0.36927397634680265,False
TK-250428,2026-02-21 17:02:00,2026-02-21 17:03:00,2026-02-24 17:32:00,closed,chat,C105922,VR887572,VA-AC-CH65,Delivery & Shipping,Normal,Logistics,A3030,0,,1274.0,GW-OTHER,N,"paid on 18/02, still waiting for something to show up - VR887572 - waiting for your reply","Customer reached out - shipment not received. Checked AWB with courier. RTO confirmed, reshipped. rfnd processed to source; replacement unit also shipped. //AIS",helpdesk,1274.0,2026-02,2026Q1,Aishwarya Trivedi,Logistics,1,Indore,Day,VA-AC-CH65,1.0,1274.0,2026-02-18,CH65-2511-2,610,1499,6,65W GaN Charger,True,False,950,False,True,"paid on 18/02, still waiting for something to show up - VR887572 - waiting for your reply Customer reached out - shipment not received. Checked AWB with courier. RTO confirmed, reshipped. rfnd processed to source; replacement unit also shipped. //AIS",LOST-TRANSIT,0.3683365937715831,False
TK-241749,2025-04-21 15:18:00,2025-04-21 16:12:00,2025-04-21 16:48:00,resolved,voice,C101667,VR900822,VA-EB-PL1,Audio Quality,Normal,Voice Frontline,A3026,0,3.0,2249.0,GW-OTHER,N,"hey
i hear music in one ear only, other is mute
anyone there","issue: no audio one side | walked through reset -> full rfnd processed (2249) | Cx asked for rplc + rfnd, explained policy, rfnd only. //AAD",helpdesk,2249.0,2025-04,2025Q2,Aadhya Deshpande,Voice Frontline,1,Bengaluru,Day,VA-EB-PL1,1.0,2249.0,2025-01-17,PL1-2411-2,1120,2499,12,Pulse True Wireless Earbuds,True,False,1460,False,True,"hey
i hear music in one ear only, other is mute
anyone there issue: no audio one side | walked through reset -> full rfnd processed (2249) | Cx asked for rplc + rfnd, explained policy, rfnd only. //AAD",WTY-BUYBACK,0.3676248084156679,False
TK-243501,2025-07-23 16:52:00,2025-07-23 17:36:00,2025-07-26 18:06:00,resolved,voice,C107915,VR880989,VA-AC-CH65,Returns & Refunds,Normal,Returns Desk,A3036,0,,254800.0,GW-OTHER,N,[IVR transcript] I hvae been sitting at home for 3 daays waiting for your courier,"Cx repored pickup missed. Checked pickup AWB. Pickup done, refund initiated. Will monitor. (SOP 4.2)
Processed FR and raised RMA for new set.",legacy_fd,2548.0,2025-07,2025Q3,Ritika D'Souza,Returns Desk,1,Indore,Day,VA-AC-CH65,2.0,2548.0,2025-07-15,CH65-2506-3,610,1499,6,65W GaN Charger,True,False,950,False,True,"[IVR transcript] I hvae been sitting at home for 3 daays waiting for your courier Cx repored pickup missed. Checked pickup AWB. Pickup done, refund initiated. Will monitor. (SOP 4.2)
Processed FR and raised RMA for new set.",RETURN-QC-OK,0.3661553709268968,False
TK-246750,2025-11-07 20:45:00,2025-11-07 20:50:00,2025-11-07 21:06:00,resolved,chat,C104642,VR881947,VA-EB-AIR,Audio Quality,Normal,Chat Frontline,A3012,0,2.0,1799.0,GW-OTHER,N,"dear sir/madam,

i am writing w/ reference to my order of airlite earbuds (vr881947) placed on 28/04. microphone is very low on the airlite earbuds. i have tried different apps. i request u to provide a resolution within 3 working days.

yours faithfully,
tanvi das","customer reached out - low mic pkp. checked mic permissions on phone. fw update adv. | credited full amount, new unit also going out tomorrow.",helpdesk,1799.0,2025-11,2025Q4,Lakshmi Srivastava,Chat Frontline,1,Bengaluru,Day,VA-EB-AIR,1.0,1799.0,2025-04-28,AIR-2502-1,760,1799,12,AirLite Earbuds,True,False,1100,False,True,"dear sir/madam,

i am writing w/ reference to my order of airlite earbuds (vr881947) placed on 28/04. microphone is very low on the airlite earbuds. i have tried different apps. i request u to provide a resolution within 3 working days.

yours faithfully,
tanvi das customer reached out - low mic pkp. checked mic permissions on phone. fw update adv. | credited full amount, new unit also going out tomorrow.",WTY-BUYBACK,0.36536454794084816,False
TK-250954,2026-03-10 14:02:00,2026-03-10 14:49:00,2026-03-10 15:19:00,resolved,voice,C104777,,VA-AC-CBL,Delivery & Shipping,Normal,Logistics,A3030,0,,359.0,GW-OTHER,N,"[IVR transcript] got a different colour than ordered, waiting for yoru reply",Customer reached out - wrong variant rcvd. Verified ord vs delivered item photos. Full refund processed (359). //AIS,helpdesk,359.0,2026-03,2026Q1,Aishwarya Trivedi,Logistics,1,Indore,Day,,,,,,90,399,6,USB-C Braided Cable,True,False,430,False,False,"[IVR transcript] got a different colour than ordered, waiting for yoru reply Customer reached out - wrong variant rcvd. Verified ord vs delivered item photos. Full refund processed (359). //AIS",RETURN-QC-OK,0.36501818103106687,False
TK-246844,2025-11-09 21:52:00,2025-11-09 22:34:00,2025-11-09 23:01:00,resolved,social,C102136,,VA-SW-NX2,Delivery & Shipping,Normal,Logistics,A3029,0,,6499.0,GW-OTHER,Y,This is very disappointing.  Got Nexa 2 from Amazon around Diwali. opened the parcel and it is a completely different thing. I already rechecked my order. Fix this or I am posting on twitter.,refunded rs 6499. issue: incorrect product shipped. verified order vs delivered item photos. -- both refund and replacement given as cx threatened social media. -RM,helpdesk,6499.0,2025-11,2025Q4,Rajat Mukherjee,Logistics,1,Bengaluru,Morning,,,,,,2450,6499,12,Nexa 2 Smartwatch,True,True,2790,False,True,This is very disappointing.  Got Nexa 2 from Amazon around Diwali. opened the parcel and it is a completely different thing. I already rechecked my order. Fix this or I am posting on twitter. refunded rs 6499. issue: incorrect product shipped. verified order vs delivered item photos. -- both refund and replacement given as cx threatened social media. -RM,WTY-BUYBACK,0.36478281981923877,False
TK-247844,2025-12-05 09:28:00,2025-12-05 10:03:00,2025-12-05 10:17:00,resolved,email,C101250,,VA-EB-PL2,Connectivity,Normal,Email Frontline,A3021,0,4.0,2799.0,GW-OTHER,N,"hii
it connects for a second and then vanishes from the device list
the pulse 2 earbuds
help","cx: pairing failure | chk phone os version -> refund approved, rs 2799, 5-7 working days ~Meera",helpdesk,2799.0,2025-12,2025Q4,Meera Mathew,Email Frontline,1,Bengaluru,Morning,,,,,,1480,3499,12,Pulse 2 True Wireless Earbuds,True,False,1820,False,True,"hii
it connects for a second and then vanishes from the device list
the pulse 2 earbuds
help cx: pairing failure | chk phone os version -> refund approved, rs 2799, 5-7 working days ~Meera",DOA-REPL,0.3625381338258208,False
TK-254521,2026-06-30 12:45:00,2026-06-30 12:46:00,2026-06-30 13:03:00,resolved,chat,C107516,VR905218,VA-EB-PL1,Charging & Battery,Normal,Chat Frontline,A3006,0,5.0,2124.0,GW-OTHER,Y,"Dear Sir/Madam,

I am writing with reference to my order of the Pulse buds (VR905218) placed on 05 Jun. No light comes on the case when I plug it in. I have tried 3 different cables. I request you to provide a resolution within 3 working days.

Sincerely,
Riya George
Surat","advised port cleaning, resolved. issue: case not charging. checked for lint in port. amount returned to card; fresh unit shipped from blr warehouse. -VB",helpdesk,2124.0,2026-06,2026Q2,Varun Bhatt,Chat Frontline,1,Bengaluru,Morning,VA-EB-PL1,1.0,2124.0,2026-06-05,PL1-2603-4,1120,2499,12,Pulse True Wireless Earbuds,True,True,1460,False,True,"Dear Sir/Madam,

I am writing with reference to my order of the Pulse buds (VR905218) placed on 05 Jun. No light comes on the case when I plug it in. I have tried 3 different cables. I request you to provide a resolution within 3 working days.

Sincerely,
Riya George
Surat advised port cleaning, resolved. issue: case not charging. checked for lint in port. amount returned to card; fresh unit shipped from blr warehouse. -VB",WTY-BUYBACK,0.36146322862986824,False
TK-252890,2026-05-10 22:13:00,2026-05-10 22:19:00,2026-05-10 22:52:00,resolved,chat,C104282,,VA-SP-MINI,Connectivity,Normal,Chat Frontline,A3035,1,4.0,2499.0,GW-OTHER,N,"Product: teh mnii speaker
Order: VR903251
Purchased: 04-03-2026
Issue: connection drops constantly
Tried: reset both devicse
Expected: fix",Cust contacted re intermittent disconnects. Checked FW 1.1.1. Transferred to Billing. FW update rslvd. Follow-up not required.,helpdesk,2499.0,2026-05,2026Q2,Dev Kulkarni,Billing,1,Bengaluru,Day,,,,,,980,2499,12,Orbit Mini Speaker,True,False,1320,False,True,"Product: teh mnii speaker
Order: VR903251
Purchased: 04-03-2026
Issue: connection drops constantly
Tried: reset both devicse
Expected: fix Cust contacted re intermittent disconnects. Checked FW 1.1.1. Transferred to Billing. FW update rslvd. Follow-up not required.",WTY-BUYBACK,0.3612228283652221,False
TK-252010,2026-04-09 11:54:00,2026-04-09 12:02:00,2026-04-09 12:28:00,resolved,chat,C106987,VR906674,VA-HP-ST3,Delivery & Shipping,Normal,Logistics,A3031,0,,6999.0,GW-OTHER,Y,"Hello Vireo, Ordered my Strata 3 headphones around Diwali. Order not delivered, tracking not updating. I checked with neighbours. What do I do now? Thanks in advance","Re-shipped from warehouse. Issue: order not delivered. Confirmed address with cx. refund + rplc, cx escalation avoided.",helpdesk,6999.0,2026-04,2026Q2,Zaid Desai,Logistics,1,Indore,Morning,VA-HP-ST3,1.0,6999.0,2026-04-02,ST3-2602-1,2650,6999,12,Strata 3 Over-Ear Headphones,True,True,2990,False,True,"Hello Vireo, Ordered my Strata 3 headphones around Diwali. Order not delivered, tracking not updating. I checked with neighbours. What do I do now? Thanks in advance Re-shipped from warehouse. Issue: order not delivered. Confirmed address with cx. refund + rplc, cx escalation avoided.",WTY-BUYBACK,0.3609831534952927,False
TK-243402,2025-07-19 11:11:00,2025-07-19 11:39:00,2025-07-21 12:04:00,resolved,voice,C108301,VR884737,VA-EB-AIR,Delivery & Shipping,Low,Logistics,A3027,0,3.0,170900.0,GW-OTHER,Y,"[IVR transcript] NOT ACCEPTABLE AT THIS PRICE.  This is regarding AirLite. paid on 17/07, still waiting for something to show up. I already called the courier. Refund. Now.","1. ord not delivered
2. Raised ticket with couriier partner
3. Re-shipped from warehouse. Credited full amount, new unit also going out tomorrow.",legacy_fd,1709.0,2025-07,2025Q3,Priya Agarwal,Logistics,1,Indore,Morning,VA-EB-AIR,1.0,1709.0,2025-07-17,AIR-2506-4,760,1799,12,AirLite Earbuds,True,True,1100,False,True,"[IVR transcript] NOT ACCEPTABLE AT THIS PRICE.  This is regarding AirLite. paid on 17/07, still waiting for something to show up. I already called the courier. Refund. Now. 1. ord not delivered
2. Raised ticket with couriier partner
3. Re-shipped from warehouse. Credited full amount, new unit also going out tomorrow.",LOST-TRANSIT,0.35997441400408703,False
TK-250182,2026-02-15 14:30:00,2026-02-15 14:32:00,2026-02-15 15:07:00,resolved,chat,C100908,VR891962,VA-EB-PL2,Charging & Battery,Normal,Chat Frontline,A3005,0,,700.0,GW-OTHER,N,"To teh Vireo Customer Care Team,

I am writing with reference to my order of the Pulse 2 earbuds placed on December 28. The promised 24 hours is nowhere close, I get maybe 2. I have turned off always-on display. I request u to look into this matter at the earliest.

Sincerely,
Sameer Kumar
Visakhapatnam",Contact re poor battery backup. Advised disabling ANC/AOD to test. Fulll refund processed (700).,helpdesk,700.0,2026-02,2026Q1,Payal Bhatia,Chat Frontline,1,Indore,Day,VA-EB-PL2,1.0,3499.0,2025-12-28,PL2-2510-3,1480,3499,12,Pulse 2 True Wireless Earbuds,True,False,1820,False,True,"To teh Vireo Customer Care Team,

I am writing with reference to my order of the Pulse 2 earbuds placed on December 28. The promised 24 hours is nowhere close, I get maybe 2. I have turned off always-on display. I request u to look into this matter at the earliest.

Sincerely,
Sameer Kumar
Visakhapatnam Contact re poor battery backup. Advised disabling ANC/AOD to test. Fulll refund processed (700).",WTY-BUYBACK,0.3591704271055056,False
TK-242158,2025-05-14 15:57:00,2025-05-14 16:08:00,2025-05-14 16:31:00,resolved,chat,C108329,VR909654,VA-AC-CH65,Delivery & Shipping,Normal,Logistics,A3030,0,4.0,2998.0,GW-OTHER,Y,"bhai
my order has not been delivered yet
abhi tak kuch nahi hua
your charger
pls reply","Reported: order not delivered. conf address w/ cx. Courier conf delivery for 18 May, cx informed. | Processed FR & raised RMA for new set. //AIS",helpdesk,2998.0,2025-05,2025Q2,Aishwarya Trivedi,Logistics,1,Indore,Day,VA-AC-CH65,2.0,2998.0,2025-05-13,CH65-2504-1,610,1499,6,65W GaN Charger,True,True,950,False,True,"bhai
my order has not been delivered yet
abhi tak kuch nahi hua
your charger
pls reply Reported: order not delivered. conf address w/ cx. Courier conf delivery for 18 May, cx informed. | Processed FR & raised RMA for new set. //AIS",WTY-BUYBACK,0.35887879608003287,False
TK-248525,2025-12-25 07:36:00,2025-12-25 09:24:00,2026-01-06 10:17:00,resolved,email,C105299,VR894438,VA-EB-PL2,Other,Normal,Email Frontline,A3022,0,,3499.0,GW-OTHER,N,"hi,
bought my pulse 2 around 26 nov from vireo.in. i sennt the unit in 21 days ago and have herad nothing.
i clled service centre.
need this sorted thhis week.","cx states repair status follow-up. chk RMA status. Refund approved, Rs 3499, 5-7 working days. (SOP 3.1)",helpdesk,3499.0,2025-12,2025Q4,Daniel Arora,Email Frontline,1,Indore,Morning,VA-EB-PL2,1.0,3499.0,2025-11-26,PL2-2511-2,1480,3499,12,Pulse 2 True Wireless Earbuds,True,False,1820,False,True,"hi,
bought my pulse 2 around 26 nov from vireo.in. i sennt the unit in 21 days ago and have herad nothing.
i clled service centre.
need this sorted thhis week. cx states repair status follow-up. chk RMA status. Refund approved, Rs 3499, 5-7 working days. (SOP 3.1)",DOA-REPL,0.3576698588846919,False
TK-253570,2026-05-31 09:31:00,2026-05-31 14:43:00,2026-05-31 15:11:00,resolved,email,C106777,VR883280,VA-EB-PL2,Connectivity,Normal,Email Frontline,A3018,0,,665.0,GW-OTHER,N,THE SOUND STUTTERS WHENEVER MY PHONE IS IN MY POCKET - HOW DO I GET THIS FIXED?,issue: intermittent disconnects | checked interference sources -> full refund processed (665),helpdesk,665.0,2026-05,2026Q2,Krishna Bhatt,Email Frontline,1,Indore,Day,VA-EB-PL2,1.0,3324.0,2026-04-05,PL2-2602-3,1480,3499,12,Pulse 2 True Wireless Earbuds,True,False,1820,False,True,THE SOUND STUTTERS WHENEVER MY PHONE IS IN MY POCKET - HOW DO I GET THIS FIXED? issue: intermittent disconnects | checked interference sources -> full refund processed (665),WTY-BUYBACK,0.3566001342425413,False
TK-243681,2025-07-29 17:52:00,2025-07-29 17:57:00,2025-07-29 18:16:00,resolved,chat,C104879,VR895807,VA-SP-MINI,Connectivity,Low,Chat Frontline,A3014,0,5.0,249900.0,GW-OTHER,N,This is very disappointing. Bought Orbit Mini around 15 May from vireo.in. it connects for a second and then vanishes from the device list. I already forgot the device and tried again. Fix this or I am posting on twitter,"Reset done, paired ok. Issue: device not discoverable. chk phone OS version. -AD",legacy_fd,2499.0,2025-07,2025Q3,Anjali D'Souza,Chat Frontline,1,Bengaluru,Day,VA-SP-MINI,1.0,2499.0,2025-05-15,MINI-2504-1,980,2499,12,Orbit Mini Speaker,True,False,1320,False,True,"This is very disappointing. Bought Orbit Mini around 15 May from vireo.in. it connects for a second and then vanishes from the device list. I already forgot the device and tried again. Fix this or I am posting on twitter Reset done, paired ok. Issue: device not discoverable. chk phone OS version. -AD",DOA-REPL,0.35606780291152823,False
TK-249755,2026-02-02 17:33:00,2026-02-02 19:17:00,,pending,email,C102933,,VA-SP-MINI,Connectivity,Normal,Email Frontline,A3018,0,4.0,2124.0,GW-OTHER,N,"wiffi setup fails at the last step, i want my money bcak","re: unable to connect to wifi | checked router band -> 2.4ghz worked, resolved. | Issued refund + replacement both, TL aware. ~Krishna",helpdesk,2124.0,2026-02,2026Q1,Krishna Bhatt,Email Frontline,1,Indore,Day,,,,,,980,2499,12,Orbit Mini Speaker,True,False,1320,False,True,"wiffi setup fails at the last step, i want my money bcak re: unable to connect to wifi | checked router band -> 2.4ghz worked, resolved. | Issued refund + replacement both, TL aware. ~Krishna",DOA-REPL,0.35465372889104474,False
TK-242130,2025-05-13 11:34:00,2025-05-13 14:59:00,2025-05-16 15:33:00,resolved,email,C108202,VR903702,VA-HP-ST2,Delivery & Shipping,Normal,Logistics,A3030,0,,899800.0,GW-OTHER,N,"hello vireo, i bought strata 2 on may 07. ordered black, got white, not wat i asked for. i rchecked my order. really frustrating. need this sorted this week. please revet zaid","Ticket raised for wrong item delivered. Raised with warehouse. rfnd issued, cx did not want replacement.
rfnd processed to source; replacement unit also shipped. //AIS",legacy_fd,8998.0,2025-05,2025Q2,Aishwarya Trivedi,Logistics,1,Indore,Day,VA-HP-ST2,2.0,8998.0,2025-05-07,ST2-2503-1,2100,4999,12,Strata 2 Over-Ear Headphones,True,False,2440,False,True,"hello vireo, i bought strata 2 on may 07. ordered black, got white, not wat i asked for. i rchecked my order. really frustrating. need this sorted this week. please revet zaid Ticket raised for wrong item delivered. Raised with warehouse. rfnd issued, cx did not want replacement.
rfnd processed to source; replacement unit also shipped. //AIS",WTY-BUYBACK,0.3504142207249562,False
TK-245282,2025-09-28 19:22:00,2025-09-28 23:07:00,2025-09-28 23:32:00,resolved,email,C107672,VR884262,VA-EB-AIR,App & Firmware,High,Email Frontline,A3016,0,3.0,1799.0,GW-OTHER,N,"hey
battery backup is terrible now
airlite",Reported: poor battery backup. Checked FW 3.7.7. Full rfnd processed (1799). -TK,helpdesk,1799.0,2025-09,2025Q3,Thomas Kumar,Email Frontline,1,Indore,Night,VA-EB-AIR,1.0,1799.0,2025-07-01,AIR-2505-3,760,1799,12,AirLite Earbuds,True,False,1100,False,True,"hey
battery backup is terrible now
airlite Reported: poor battery backup. Checked FW 3.7.7. Full rfnd processed (1799). -TK",WTY-BUYBACK,0.3501879045884927,False
TK-254202,2026-06-20 21:28:00,2026-06-20 22:01:00,2026-06-20 22:37:00,resolved,voice,C107099,VR893231,VA-EB-AIR,Charging & Battery,Normal,Voice Frontline,A3003,0,,1709.0,GW-OTHER,Y,[IVR transcript] hi no light comes on the case when i plug it in the airrlite buds anyone there,"1. Case not charging
2. Checked for lint in port
3. Replacement case raised (SOP 4.2) | Refund processed to source; rplc unit also shipped. -KS",helpdesk,1709.0,2026-06,2026Q2,Komal Singh,Chat Frontline,1,Indore,Night,VA-EB-AIR,1.0,1709.0,2026-05-15,AIR-2604-2,760,1799,12,AirLite Earbuds,True,True,1100,False,True,"[IVR transcript] hi no light comes on the case when i plug it in the airrlite buds anyone there 1. Case not charging
2. Checked for lint in port
3. Replacement case raised (SOP 4.2) | Refund processed to source; rplc unit also shipped. -KS",WTY-BUYBACK,0.35018738621854056,False
TK-244000,2025-08-11 13:35:00,2025-08-11 13:36:00,2025-08-13 13:57:00,resolved,chat,C106593,,VA-EB-AIR,Returns & Refunds,Normal,Returns Desk,A3038,0,,161900.0,GW-OTHER,N,"bhai
still waiting for my refund
abhi tak kuch nahi hua
pls reply","1. Refund pending
2. chk refund status on PG
3. Refunded Rs 1619. Refund done and new unit sent as one-time gesture.",legacy_fd,1619.0,2025-08,2025Q3,Ankit Dhillon,Returns Desk,1,Bengaluru,Morning,,,,,,760,1799,12,AirLite Earbuds,True,False,1100,False,True,"bhai
still waiting for my refund
abhi tak kuch nahi hua
pls reply 1. Refund pending
2. chk refund status on PG
3. Refunded Rs 1619. Refund done and new unit sent as one-time gesture.",RETURN-QC-OK,0.3495679847391014,False
TK-253804,2026-06-07 11:19:00,2026-06-07 12:34:00,2026-06-07 12:55:00,resolved,social,C103138,VR901201,VA-EB-PL2,Charging & Battery,Normal,Chat Frontline,A3006,0,4.0,3324.0,GW-OTHER,N,"not acceptable at this price.  bought my pulse 2 around march 19 from vireo.in. the left earbud is not charging at all. i already tried a different cable. i want a replacement or refund, nothing else.","1. left earbud not taking charge
2. asked cx to clean charging pins
3. replacement raised, rma shared with cx. | full refund issued and replacement dispatched as goodwill. -VB",helpdesk,3324.0,2026-06,2026Q2,Varun Bhatt,Chat Frontline,1,Bengaluru,Morning,VA-EB-PL2,1.0,3324.0,2026-03-19,PL2-2602-1,1480,3499,12,Pulse 2 True Wireless Earbuds,True,False,1820,False,True,"not acceptable at this price.  bought my pulse 2 around march 19 from vireo.in. the left earbud is not charging at all. i already tried a different cable. i want a replacement or refund, nothing else. 1. left earbud not taking charge
2. asked cx to clean charging pins
3. replacement raised, rma shared with cx. | full refund issued and replacement dispatched as goodwill. -VB",WTY-BUYBACK,0.34910515442627293,False
TK-247041,2025-11-15 08:00:00,2025-11-15 08:10:00,2025-11-18 08:25:00,resolved,chat,C106034,VR904284,VA-EB-AIR,Delivery & Shipping,Normal,Logistics,A3028,0,,1709.0,GW-OTHER,N,"Dear Sir/Madam,

I am writing with reference to my order of AirLite (VR904284) placed on 05 Nov. Order not delivered, tracking not updating. I have checked with neighbours. I request you to kinly arrange a replacement.

Regards,
Kavya Sen
Thiruvananthapuram","cx states shipment not rcvd. conf address w/ cx. crr conf dlvry for 21 nov, cx informed.
refunded rs 1709 & also raised replacement, cx was very upset.",helpdesk,1709.0,2025-11,2025Q4,Sameer Kapoor,Logistics,1,Indore,Morning,VA-EB-AIR,1.0,1709.0,2025-11-05,AIR-2508-2,760,1799,12,AirLite Earbuds,True,False,1100,False,True,"Dear Sir/Madam,

I am writing with reference to my order of AirLite (VR904284) placed on 05 Nov. Order not delivered, tracking not updating. I have checked with neighbours. I request you to kinly arrange a replacement.

Regards,
Kavya Sen
Thiruvananthapuram cx states shipment not rcvd. conf address w/ cx. crr conf dlvry for 21 nov, cx informed.
refunded rs 1709 & also raised replacement, cx was very upset.",WTY-BUYBACK,0.34839554232252556,False
TK-253727,2026-06-04 22:13:00,2026-06-04 22:46:00,2026-06-04 23:05:00,resolved,email,C105153,VR885553,VA-EB-AIR,Billing & Payments,High,Billing,A3034,0,4.0,1709.0,GW-OTHER,N,"dear sir/madam,

i am writing with reference to my order of the airlite buds placed on 30-05-2026. i was charged twice for one order. i have checked with bank. i request you to kindly arrange a replacement.

sincerely,
simran shah
raipur",-,helpdesk,1709.0,2026-06,2026Q2,Tanvi Rathore,Billing,1,Indore,Morning,VA-EB-AIR,1.0,1709.0,2026-05-30,AIR-2603-1,760,1799,12,AirLite Earbuds,True,False,1100,False,True,"dear sir/madam,

i am writing with reference to my order of the airlite buds placed on 30-05-2026. i was charged twice for one order. i have checked with bank. i request you to kindly arrange a replacement.

sincerely,
simran shah
raipur -",DUP-PAYMENT,0.3462516677924637,False
TK-251151,2026-03-15 21:45:00,2026-03-16 02:01:00,2026-03-16 02:22:00,resolved,email,C101501,,VA-EB-PL2,Billing & Payments,High,Billing,A3032,0,,3324.0,GW-OTHER,N,"hi
refund not reecived yet
pullse 2
help",- ~Sneha,helpdesk,3324.0,2026-03,2026Q1,Sneha Bansal,Billing,1,Indore,Morning,,,,,,1480,3499,12,Pulse 2 True Wireless Earbuds,True,False,1820,False,True,"hi
refund not reecived yet
pullse 2
help - ~Sneha",RETURN-QC-OK,0.3458318292259313,False
TK-243676,2025-07-29 15:09:00,2025-07-29 15:18:00,2025-08-03 15:37:00,resolved,voice,C100848,VR889547,VA-SP-ORB,Delivery & Shipping,High,Logistics,A3030,0,,4799.0,GW-OTHER,N,"[IVR transcript] bought my orbit around 16 jul from vireo.in.  i haven't received my order. i checked the tracking page daily. nothing changed. i want my money back. please revert, harsh shah",Cx reported delivery delayed. Raised ticket w/ crr partner. Refund initiated as lost in transit. Both refund & replacement given as cx threatened social media. //AIS,helpdesk,4799.0,2025-07,2025Q3,Aishwarya Trivedi,Logistics,1,Indore,Day,VA-SP-ORB,1.0,4799.0,2025-07-16,ORB-2505-1,2300,5999,12,Orbit Smart Speaker,True,False,2640,False,True,"[IVR transcript] bought my orbit around 16 jul from vireo.in.  i haven't received my order. i checked the tracking page daily. nothing changed. i want my money back. please revert, harsh shah Cx reported delivery delayed. Raised ticket w/ crr partner. Refund initiated as lost in transit. Both refund & replacement given as cx threatened social media. //AIS",WTY-BUYBACK,0.3455943778226517,False
TK-242973,2025-06-26 11:11:00,2025-06-26 11:16:00,2025-06-26 11:33:00,resolved,voice,C108464,VR906024,VA-SP-MINI,Returns & Refunds,Normal,Returns Desk,A3037,0,,237400.0,GW-OTHER,N,"[IVR transcript] this is v disappointing.  orbit mini purchased in june, order vr906024. refund not received yet. i already checcked bank. refund. now.","cx ok. | replacement declined by cx, refund issued instead. ~Manish",legacy_fd,2374.0,2025-06,2025Q2,Manish Iyer,Returns Desk,1,Indore,Morning,VA-SP-MINI,1.0,2374.0,2025-06-12,MINI-2503-3,980,2499,12,Orbit Mini Speaker,True,False,1320,False,True,"[IVR transcript] this is v disappointing.  orbit mini purchased in june, order vr906024. refund not received yet. i already checcked bank. refund. now. cx ok. | replacement declined by cx, refund issued instead. ~Manish",RETURN-QC-OK,0.34366266003459023,False
TK-250580,2026-02-26 11:00:00,2026-02-26 12:16:00,2026-02-27 12:39:00,resolved,email,C101455,VR889252,VA-SW-NX2,Delivery & Shipping,Normal,Logistics,A3027,0,,12348.0,GW-OTHER,N,"hii
got a different colour than ordered
my nexa 2 watch VR889252
pls reply","1. Incorrect product shipped
2. Raised with warehouse
3. rfnd approved, Rs 12348, 5-7 working days. Offered replacement, cx preferred refund. Refund processed.",helpdesk,12348.0,2026-02,2026Q1,Priya Agarwal,Logistics,1,Indore,Morning,VA-SW-NX2,2.0,12348.0,2026-02-24,NX2-2511-4,2450,6499,12,Nexa 2 Smartwatch,True,False,2790,False,True,"hii
got a different colour than ordered
my nexa 2 watch VR889252
pls reply 1. Incorrect product shipped
2. Raised with warehouse
3. rfnd approved, Rs 12348, 5-7 working days. Offered replacement, cx preferred refund. Refund processed.",RETURN-QC-OK,0.34360091629205797,False
TK-248757,2026-01-01 11:45:00,2026-01-01 11:50:00,2026-01-01 12:22:00,resolved,chat,C108395,VR908970,VA-EB-PL2,Connectivity,Normal,Chat Frontline,A3011,0,,3499.0,GW-OTHER,N,"Honestly regretting this purchase.  my Pulse 2 purchased 10 days ago, order VR908970. it goes silent for a second every few minutes and comes back. I already reset both devices. This is the last time I buy from you.",rfnd of Rs 3499 initiated to source. Issue: intermittent disconnects. chk interference sources.,helpdesk,3499.0,2026-01,2026Q1,Rohit Gill,Chat Frontline,1,Bengaluru,Morning,VA-EB-PL2,1.0,3499.0,2025-12-02,PL2-2510-3,1480,3499,12,Pulse 2 True Wireless Earbuds,True,False,1820,False,True,"Honestly regretting this purchase.  my Pulse 2 purchased 10 days ago, order VR908970. it goes silent for a second every few minutes and comes back. I already reset both devices. This is the last time I buy from you. rfnd of Rs 3499 initiated to source. Issue: intermittent disconnects. chk interference sources.",WTY-BUYBACK,0.3433703300636228,False
TK-249167,2026-01-14 20:03:00,2026-01-14 22:36:00,2026-01-14 22:53:00,resolved,email,C104329,,VA-EB-PL1,Charging & Battery,Normal,Email Frontline,A3016,0,,1999.0,GW-OTHER,N,Not acceptable at this price. Ordered my Pulse in December. battery backup is terrible now. I already fully charged and discharged twice. Fix this or I am posting on twitter.,re: battery draining fast | chk usage pattern with cx -> escalated to wty (SOP 3.1),helpdesk,1999.0,2026-01,2026Q1,Thomas Kumar,Email Frontline,1,Indore,Night,,,,,,1120,2499,12,Pulse True Wireless Earbuds,True,False,1460,False,True,Not acceptable at this price. Ordered my Pulse in December. battery backup is terrible now. I already fully charged and discharged twice. Fix this or I am posting on twitter. re: battery draining fast | chk usage pattern with cx -> escalated to wty (SOP 3.1),WTY-BUYBACK,0.34251726959948353,False
TK-244162,2025-08-18 17:51:00,2025-08-18 17:53:00,2025-08-26 19:23:00,resolved,chat,C101737,VR892562,VA-SP-MINI,Other,Low,Chat Frontline,A3014,0,,2249.0,GW-OTHER,N,"Hi Vireo support, Ordered orbit mini 10 days ago. Claim number RMA75889, anyone alive there?. I emailed twice. Kindly look into it. Thank you Arjun",rplc appoved & dispatched. Issue: wty claim status. Checked QC report.,helpdesk,2249.0,2025-08,2025Q3,Anjali D'Souza,Chat Frontline,1,Bengaluru,Day,VA-SP-MINI,1.0,2249.0,2025-02-17,MINI-2411-2,980,2499,12,Orbit Mini Speaker,True,False,1320,False,True,"Hi Vireo support, Ordered orbit mini 10 days ago. Claim number RMA75889, anyone alive there?. I emailed twice. Kindly look into it. Thank you Arjun rplc appoved & dispatched. Issue: wty claim status. Checked QC report.",WTY-BUYBACK,0.33994953700020897,False
TK-254480,2026-06-29 11:49:00,2026-06-29 12:56:00,2026-06-29 13:15:00,resolved,voice,C105119,VR900631,VA-EB-PL2,Connectivity,Normal,Voice Frontline,A3025,0,5.0,332.0,GW-OTHER,N,"[IVR transcript] hi vireo support, pulse 2 buds purchased last month, order vr900631. pairing is not working. i forgot the device and tried again. nothing changed. what do i do now? thank you dev","reset done, paired ok. issue: unable to pair w/ phone. chk phone os version. //KOM",helpdesk,332.0,2026-06,2026Q2,Komal Malhotra,Voice Frontline,1,Bengaluru,Morning,VA-EB-PL2,1.0,3324.0,2026-06-09,PL2-2603-2,1480,3499,12,Pulse 2 True Wireless Earbuds,True,False,1820,False,False,"[IVR transcript] hi vireo support, pulse 2 buds purchased last month, order vr900631. pairing is not working. i forgot the device and tried again. nothing changed. what do i do now? thank you dev reset done, paired ok. issue: unable to pair w/ phone. chk phone os version. //KOM",WTY-BUYBACK,0.3394546136519135,False
TK-252137,2026-04-14 14:15:00,2026-04-14 17:12:00,2026-04-17 17:50:00,resolved,email,C104329,VR882918,VA-EB-PL2,Other,Normal,Email Frontline,A3032,1,,297.0,GW-OTHER,N,Honestly regretting this purchase. Got the Pulse 2 earbuds from Flipkart last week. warranty claim pending for 21 days. I already called service centre. This is the last time I buy from you.,"1. warranty claim status
2. followed up with service centre
3. xfer to billing
4. full rfnd processed (297) ~Sneha",helpdesk,297.0,2026-04,2026Q2,Sneha Bansal,Billing,1,Indore,Morning,VA-EB-PL2,1.0,2974.0,2026-03-26,PL2-2601-2,1480,3499,12,Pulse 2 True Wireless Earbuds,True,False,1820,False,False,"Honestly regretting this purchase. Got the Pulse 2 earbuds from Flipkart last week. warranty claim pending for 21 days. I already called service centre. This is the last time I buy from you. 1. warranty claim status
2. followed up with service centre
3. xfer to billing
4. full rfnd processed (297) ~Sneha",WTY-BUYBACK,0.3389543607745193,False
TK-244054,2025-08-13 17:14:00,2025-08-13 17:31:00,2025-08-15 17:54:00,resolved,voice,C104995,,VA-HP-ST3,Delivery & Shipping,Normal,Logistics,A3030,0,,5949.0,GW-OTHER,N,"Honestly regretting this purchase.  Ordered Stata 3 3 weeks back. paid on 12-08-2025, still waiting for sommething to show up. I already checked with neighbours. I want a replacement or refund, nothing else.","Reported: ord not delivered. conf address w/ cx. Refund approved, Rs 5949, 5-7 working days.
rplc declined by cx, rfnd issued instead. //AIS",helpdesk,5949.0,2025-08,2025Q3,Aishwarya Trivedi,Logistics,1,Indore,Day,,,,,,2650,6999,12,Strata 3 Over-Ear Headphones,True,False,2990,False,True,"Honestly regretting this purchase.  Ordered Stata 3 3 weeks back. paid on 12-08-2025, still waiting for sommething to show up. I already checked with neighbours. I want a replacement or refund, nothing else. Reported: ord not delivered. conf address w/ cx. Refund approved, Rs 5949, 5-7 working days.
rplc declined by cx, rfnd issued instead. //AIS",LOST-TRANSIT,0.336581622472379,False
TK-240984,2025-03-12 10:25:00,2025-03-13 11:49:00,2025-03-13 12:08:00,resolved,email,C103971,VR904485,VA-EB-AIR,App & Firmware,Normal,Email Frontline,A3019,0,,179900.0,GW-OTHER,N,the progress bar has not moved since morning,cx: fw update failed | asked cx to keep in case 30 min -> refunded rs 1799,legacy_fd,1799.0,2025-03,2025Q1,Kavya Agarwal,Email Frontline,1,Indore,Morning,VA-EB-AIR,1.0,1799.0,2024-10-20,AIR-2409-3,760,1799,12,AirLite Earbuds,True,False,1100,False,True,the progress bar has not moved since morning cx: fw update failed | asked cx to keep in case 30 min -> refunded rs 1799,WTY-BUYBACK,0.336530506493455,False
TK-242055,2025-05-08 21:22:00,2025-05-08 21:44:00,2025-05-08 22:08:00,resolved,voice,C101011,VR905100,VA-HP-ST3,Connectivity,Normal,Voice Frontline,A3035,1,,699900.0,GW-OTHER,N,"Dear team, I buoght Strata 3 on 27-01-2025. The pairing light blinks but nothing ever shows up on my Realme. I tried on another phone. I want my money back. Thanks in advance,","Cust contacted re pairing failure. Checked phone OS version. xfer to Billing. Re-pair successful, rslvd on chat. Follow-up not required.
Both rfnd & rplc given as cx threatened social media.",legacy_fd,6999.0,2025-05,2025Q2,Dev Kulkarni,Billing,1,Bengaluru,Day,VA-HP-ST3,1.0,6999.0,2025-01-27,ST3-2410-2,2650,6999,12,Strata 3 Over-Ear Headphones,True,False,2990,False,True,"Dear team, I buoght Strata 3 on 27-01-2025. The pairing light blinks but nothing ever shows up on my Realme. I tried on another phone. I want my money back. Thanks in advance, Cust contacted re pairing failure. Checked phone OS version. xfer to Billing. Re-pair successful, rslvd on chat. Follow-up not required.
Both rfnd & rplc given as cx threatened social media.",WTY-BUYBACK,0.33580364741085783,False
TK-250471,2026-02-22 20:19:00,2026-02-22 20:48:00,,open,voice,C105862,VR886378,VA-HP-ST3,Warranty & Repair,Normal,Escalations & Warranty,A3042,0,,5949.0,GW-OTHER,N,"hii
service centre took it, now silence
pls reply",issue: warranty claim status | checked rma status -> rfnd of rs 5949 initiated to source,helpdesk,5949.0,2026-02,2026Q1,Swati Bhatia,Escalations & Warranty,2,Indore,Day,VA-HP-ST3,1.0,5949.0,2025-11-09,ST3-2510-3,2650,6999,12,Strata 3 Over-Ear Headphones,True,False,2990,False,True,"hii
service centre took it, now silence
pls reply issue: warranty claim status | checked rma status -> rfnd of rs 5949 initiated to source",WTY-BUYBACK,0.33565074930753,False
TK-248519,2025-12-24 20:55:00,2025-12-24 20:58:00,2025-12-24 21:09:00,resolved,chat,C103672,,VA-SW-NX2,Other,Normal,Chat Frontline,A3008,1,3.0,6499.0,GW-OTHER,Y,"dear sir/madam,

i am writing with reference to my order of nexa 2 placed on 19-12-2025. order not delivered, tracking not updating. i have called the courier. i request you to kindly arrange a replacement.

sincerely,
meera ghosh
jaipur","cx reached out - ord not delivered. chk AWB w/ courier. rfnd initiated as lost in transit. -- Issued rfnd + rplc both, TL aware. //MEE",helpdesk,6499.0,2025-12,2025Q4,Meera Malhotra,Chat Frontline,1,Bengaluru,Day,,,,,,2450,6499,12,Nexa 2 Smartwatch,True,True,2790,False,True,"dear sir/madam,

i am writing with reference to my order of nexa 2 placed on 19-12-2025. order not delivered, tracking not updating. i have called the courier. i request you to kindly arrange a replacement.

sincerely,
meera ghosh
jaipur cx reached out - ord not delivered. chk AWB w/ courier. rfnd initiated as lost in transit. -- Issued rfnd + rplc both, TL aware. //MEE",LOST-TRANSIT,0.3340627128510093,False
TK-248762,2026-01-01 13:40:00,2026-01-01 13:50:00,2026-01-04 14:11:00,resolved,chat,C102034,,VA-EB-PL1,Delivery & Shipping,Normal,Logistics,A3028,0,,2499.0,GW-OTHER,Y,pathetic experience honestly. bought pulse earbuds around 27/12 from vireo.in. it has been 15 days and i have nothing in hand. i alrready checked with neighbours. fix this or i am posting on twitter.,"cx repported shipment not rcvd. conf address w/ cx. rto conf, reshipped. -- full rfnd issued and rplc dispatched as goodwill.",helpdesk,2499.0,2026-01,2026Q1,Sameer Kapoor,Logistics,1,Indore,Morning,,,,,,1120,2499,12,Pulse True Wireless Earbuds,True,True,1460,False,True,"pathetic experience honestly. bought pulse earbuds around 27/12 from vireo.in. it has been 15 days and i have nothing in hand. i alrready checked with neighbours. fix this or i am posting on twitter. cx repported shipment not rcvd. conf address w/ cx. rto conf, reshipped. -- full rfnd issued and rplc dispatched as goodwill.",WTY-BUYBACK,0.3318822577010585,False
TK-250906,2026-03-08 16:02:00,2026-03-08 16:04:00,2026-03-10 16:21:00,closed,chat,C105672,VR892272,VA-SP-ORB,Delivery & Shipping,Normal,Logistics,A3030,0,3.0,5999.0,GW-OTHER,N,"To the Vireo Customer Care Team,

I am writing wiht reference to my order of my Orbit (VR892272) placed on 25/02. It has been 9 days and I have nothing in hand. I have checked the tarcking page daily. I request you to procses a refund to my original payment method.

Sincerely,
Karan Malhotra","Reported: delivery delayed. Confirmed address with cx. RTO confirmed, reshipped.
Refund done and new unit sent as one-time gesture. //AIS",helpdesk,5999.0,2026-03,2026Q1,Aishwarya Trivedi,Logistics,1,Indore,Day,VA-SP-ORB,1.0,5999.0,2026-02-25,ORB-2511-3,2300,5999,12,Orbit Smart Speaker,True,False,2640,False,True,"To the Vireo Customer Care Team,

I am writing wiht reference to my order of my Orbit (VR892272) placed on 25/02. It has been 9 days and I have nothing in hand. I have checked the tarcking page daily. I request you to procses a refund to my original payment method.

Sincerely,
Karan Malhotra Reported: delivery delayed. Confirmed address with cx. RTO confirmed, reshipped.
Refund done and new unit sent as one-time gesture. //AIS",DOA-REPL,0.33108160083120936,False
TK-245548,2025-10-07 15:44:00,2025-10-07 16:47:00,2025-10-07 17:35:00,closed,email,C109293,VR892026,VA-EB-PL2,Charging & Battery,Normal,Email Frontline,A3018,0,5.0,3324.0,GW-OTHER,N,"team,
the left earbud is not charging at all
pulse 2 buds
hello??",see prev ~Krishna,helpdesk,3324.0,2025-10,2025Q4,Krishna Bhatt,Email Frontline,1,Indore,Day,VA-EB-PL2,1.0,3324.0,2025-09-12,PL2-2505-1,1480,3499,12,Pulse 2 True Wireless Earbuds,True,False,1820,False,True,"team,
the left earbud is not charging at all
pulse 2 buds
hello?? see prev ~Krishna",WTY-BUYBACK,0.3307466445255278,False
TK-249172,2026-01-14 21:41:00,2026-01-14 23:27:00,2026-01-19 23:53:00,closed,voice,C102871,,VA-EB-PL1,Delivery & Shipping,Low,Logistics,A3029,0,5.0,2499.0,GW-OTHER,Y,"hey
ordre status stck on shipped since 04-01-2026
my pulse","re-shipped from warehouse. issue: delivery delayed. raised ticket with courier partner. -- issued refund + replacement both, tl aware. -RM",helpdesk,2499.0,2026-01,2026Q1,Rajat Mukherjee,Logistics,1,Bengaluru,Morning,,,,,,1120,2499,12,Pulse True Wireless Earbuds,True,True,1460,False,True,"hey
ordre status stck on shipped since 04-01-2026
my pulse re-shipped from warehouse. issue: delivery delayed. raised ticket with courier partner. -- issued refund + replacement both, tl aware. -RM",DOA-REPL,0.33007726186822295,False
TK-244556,2025-09-04 10:20:00,2025-09-04 11:10:00,2025-09-07 11:27:00,resolved,voice,C105204,,VA-EB-PL2,Delivery & Shipping,Normal,Logistics,A3029,0,3.0,279900.0,GW-OTHER,N,[IVR transcript] hello ji packed the box a week ago and it's still here bahut pareshan hu the pulse 2 earbuds,"full refund processed (2799). issue: pickup missed. re-raised pickup with courier. -- cx got the amount back, also sending a new set to keep him happy. -RM",legacy_fd,2799.0,2025-09,2025Q3,Rajat Mukherjee,Logistics,1,Bengaluru,Morning,,,,,,1480,3499,12,Pulse 2 True Wireless Earbuds,True,False,1820,False,True,"[IVR transcript] hello ji packed the box a week ago and it's still here bahut pareshan hu the pulse 2 earbuds full refund processed (2799). issue: pickup missed. re-raised pickup with courier. -- cx got the amount back, also sending a new set to keep him happy. -RM",RETURN-QC-OK,0.3292614337995792,False
TK-250137,2026-02-13 22:16:00,2026-02-14 00:00:00,2026-02-14 00:39:00,resolved,email,C101618,,VA-EB-PL2,Billing & Payments,High,Billing,A3034,0,,3149.0,GW-OTHER,N,"Dear Sir/Madam,

I am writing with reference to my order of my Pulse 2 placed on November 25. Double payment deducted. I have checked with bank. I request you to kindly arrange a replacement.

Regards,
Lakshmi Menon",-,helpdesk,3149.0,2026-02,2026Q1,Tanvi Rathore,Billing,1,Indore,Morning,,,,,,1480,3499,12,Pulse 2 True Wireless Earbuds,True,False,1820,False,True,"Dear Sir/Madam,

I am writing with reference to my order of my Pulse 2 placed on November 25. Double payment deducted. I have checked with bank. I request you to kindly arrange a replacement.

Regards,
Lakshmi Menon -",DUP-PAYMENT,0.32508264012815274,False
TK-251500,2026-03-25 19:17:00,2026-03-25 19:25:00,2026-03-27 19:52:00,resolved,voice,C103096,,VA-HP-ST2,Returns & Refunds,Normal,Returns Desk,A3036,0,,2500.0,GW-OTHER,N,"[IVR transcript] dear sir/madam, this is regarding my strata 2 headphones. still waiting for my refund. i checked bank. nothing changed. please help. thanks & regards,",done (SOP 3.1),helpdesk,2500.0,2026-03,2026Q1,Ritika D'Souza,Returns Desk,1,Indore,Day,,,,,,2100,4999,12,Strata 2 Over-Ear Headphones,True,False,2440,False,True,"[IVR transcript] dear sir/madam, this is regarding my strata 2 headphones. still waiting for my refund. i checked bank. nothing changed. please help. thanks & regards, done (SOP 3.1)",RETURN-QC-OK,0.3250276690567615,False
TK-242991,2025-06-27 09:56:00,2025-06-27 10:03:00,2025-06-27 10:28:00,resolved,chat,C104894,VR899671,VA-SW-FIT,Returns & Refunds,Normal,Returns Desk,A3037,0,,199900.0,GW-OTHER,N,"hi team, ordered the fit band last month. received the wrong item. i rechecked my order. can someone fix this? regards",reverse pickup + correct item shipped. issue: wrong variant received. raised w/ warehouse. ~Manish,legacy_fd,1999.0,2025-06,2025Q2,Manish Iyer,Returns Desk,1,Indore,Morning,VA-SW-FIT,1.0,1999.0,2025-06-19,FIT-2503-3,850,1999,12,Nexa Fit Band,True,False,1190,False,True,"hi team, ordered the fit band last month. received the wrong item. i rechecked my order. can someone fix this? regards reverse pickup + correct item shipped. issue: wrong variant received. raised w/ warehouse. ~Manish",RETURN-QC-OK,0.32310945903514693,False
TK-249725,2026-02-01 17:48:00,2026-02-01 17:52:00,2026-02-01 18:06:00,resolved,chat,C108783,VR894670,VA-SW-FIT,Delivery & Shipping,Normal,Logistics,A3030,0,,1699.0,GW-OTHER,N,"Namaste, Ordered my Nexa Fit band a month ago. Package not delivered eevn after 10 days. Can someone fix this?","Cx reported ord not delivered. Checked AWB with courier. Refund initiated as lost in transit. | Refunded Rs 1699 and also raised replacement, cx was very upset. //AIS",helpdesk,1699.0,2026-02,2026Q1,Aishwarya Trivedi,Logistics,1,Indore,Day,VA-SW-FIT,1.0,1699.0,2026-01-25,FIT-2511-4,850,1999,12,Nexa Fit Band,True,False,1190,False,True,"Namaste, Ordered my Nexa Fit band a month ago. Package not delivered eevn after 10 days. Can someone fix this? Cx reported ord not delivered. Checked AWB with courier. Refund initiated as lost in transit. | Refunded Rs 1699 and also raised replacement, cx was very upset. //AIS",WTY-BUYBACK,0.32240985370497427,False
TK-245584,2025-10-08 10:55:00,2025-10-08 11:00:00,2025-10-08 11:20:00,resolved,chat,C106553,VR886701,VA-EB-PL2,Delivery & Shipping,Normal,Logistics,A3031,0,,3324.0,GW-OTHER,N,"got a different colour than ordered, vr886701, waiting for your reply",Refund of Rs 3324 initiated to source. Issue: wrong item delivered. Raised with warehouse.,helpdesk,3324.0,2025-10,2025Q4,Zaid Desai,Logistics,1,Indore,Morning,VA-EB-PL2,1.0,3324.0,2025-10-06,PL2-2508-2,1480,3499,12,Pulse 2 True Wireless Earbuds,True,False,1820,False,True,"got a different colour than ordered, vr886701, waiting for your reply Refund of Rs 3324 initiated to source. Issue: wrong item delivered. Raised with warehouse.",RETURN-QC-OK,0.3220348951625854,False
TK-253615,2026-06-01 11:12:00,2026-06-01 11:19:00,,pending,chat,C108059,VR882229,VA-EB-PL2,Audio Quality,Low,Chat Frontline,A3011,0,,2974.0,GW-OTHER,Y,"team,
no sound from the right earbud
bahut pareshan hu
the pulse 2 earbuds vr882229
hello??",see prv. Full rfnd issued & replacement dispatched as goodwill.,helpdesk,2974.0,2026-06,2026Q2,Rohit Gill,Chat Frontline,1,Bengaluru,Morning,VA-EB-PL2,1.0,2974.0,2025-10-10,PL2-2507-4,1480,3499,12,Pulse 2 True Wireless Earbuds,True,True,1820,False,True,"team,
no sound from the right earbud
bahut pareshan hu
the pulse 2 earbuds vr882229
hello?? see prv. Full rfnd issued & replacement dispatched as goodwill.",WTY-BUYBACK,0.32144561989723175,False
TK-252699,2026-05-04 18:47:00,2026-05-05 02:28:00,2026-05-05 02:53:00,resolved,email,C100726,VR888041,VA-EB-PL2,Connectivity,Normal,Email Frontline,A3016,0,3.0,6998.0,GW-OTHER,N,"not pairing w/ my phone
VR888041",Ticket raised for pairing failure. Walked through forget + re-pair. Refund of Rs 6998 initiated to source. -TK,helpdesk,6998.0,2026-05,2026Q2,Thomas Kumar,Email Frontline,1,Indore,Night,VA-EB-PL2,2.0,6998.0,2025-11-07,PL2-2510-3,1480,3499,12,Pulse 2 True Wireless Earbuds,True,False,1820,False,True,"not pairing w/ my phone
VR888041 Ticket raised for pairing failure. Walked through forget + re-pair. Refund of Rs 6998 initiated to source. -TK",DOA-REPL,0.3204086543360871,False
TK-251519,2026-03-26 12:38:00,2026-03-26 12:40:00,2026-03-26 12:57:00,resolved,chat,C102241,VR906363,VA-SP-ORB,Connectivity,Normal,Chat Frontline,A3007,0,,5699.0,GW-OTHER,N,"dear team, this is regarding the orbit smart speaker. the sound stutters whenever my phone is in my pocket. i reset both devices. nothing changed. how do i get this fixed? thanks & regards,","1. connection dropping
2. adv to test in different location
3. full rfnd processed (5699)",helpdesk,5699.0,2026-03,2026Q1,Abhishek Gupta,Chat Frontline,1,Indore,Morning,VA-SP-ORB,1.0,5699.0,2025-12-30,ORB-2509-3,2300,5999,12,Orbit Smart Speaker,True,False,2640,False,True,"dear team, this is regarding the orbit smart speaker. the sound stutters whenever my phone is in my pocket. i reset both devices. nothing changed. how do i get this fixed? thanks & regards, 1. connection dropping
2. adv to test in different location
3. full rfnd processed (5699)",WTY-BUYBACK,0.3202289559095937,False
TK-243154,2025-07-05 10:43:00,2025-07-05 12:45:00,2025-07-10 13:05:00,resolved,email,C106567,VR897135,VA-SW-NX2,Delivery & Shipping,Normal,Logistics,A3028,0,5.0,6499.0,GW-OTHER,N,it has been 19 days and i have ntohing in hand - how do i get this fixed?,"1. ord not delivered
2. chk awb w/ crr
3. re-shipped from warehouse. | processed fr and raised rma for new set.",helpdesk,6499.0,2025-07,2025Q3,Sameer Kapoor,Logistics,1,Indore,Morning,VA-SW-NX2,1.0,6499.0,2025-06-21,NX2-2505-3,2450,6499,12,Nexa 2 Smartwatch,True,False,2790,False,True,"it has been 19 days and i have ntohing in hand - how do i get this fixed? 1. ord not delivered
2. chk awb w/ crr
3. re-shipped from warehouse. | processed fr and raised rma for new set.",WTY-BUYBACK,0.3200503241437233,False
TK-241883,2025-04-29 20:02:00,2025-04-29 20:23:00,2025-04-29 20:56:00,resolved,voice,C101949,,VA-SW-NX1,Charging & Battery,Normal,Voice Frontline,A3026,0,,899800.0,GW-OTHER,N,"[IVR transcript] Hello Vireo, Ordered the nexa smartwatch 10 days ago.  The promised 30 hours is nowhere close, I get maybe 2. Please resolve asap. Thanks,","re: battery draining fast | adv disabling anc/aod to test -> rfnd approved, rs 8998, 5-7 working days //AAD",legacy_fd,8998.0,2025-04,2025Q2,Aadhya Deshpande,Voice Frontline,1,Bengaluru,Day,,,,,,1900,4999,12,Nexa Smartwatch,True,False,2240,False,True,"[IVR transcript] Hello Vireo, Ordered the nexa smartwatch 10 days ago.  The promised 30 hours is nowhere close, I get maybe 2. Please resolve asap. Thanks, re: battery draining fast | adv disabling anc/aod to test -> rfnd approved, rs 8998, 5-7 working days //AAD",WTY-BUYBACK,0.31853139213931625,False
TK-252063,2026-04-11 17:17:00,2026-04-11 17:20:00,2026-04-14 17:44:00,resolved,chat,C101909,VR902403,VA-AC-CBL,Returns & Refunds,Normal,Returns Desk,A3036,0,4.0,32.0,GW-OTHER,N,"This is regarding braided cable.  Received the wrong item.
What do I do now?","rfnd approved, Rs 32, 5-7 working days. Issue: incorrect product shipped. Verified ord vs delivered item photos. (SOP 2.7)",helpdesk,32.0,2026-04,2026Q2,Ritika D'Souza,Returns Desk,1,Indore,Day,VA-AC-CBL,1.0,319.0,2026-06-10,CBL-2603-3,90,399,6,USB-C Braided Cable,True,False,430,False,False,"This is regarding braided cable.  Received the wrong item.
What do I do now? rfnd approved, Rs 32, 5-7 working days. Issue: incorrect product shipped. Verified ord vs delivered item photos. (SOP 2.7)",RETURN-QC-OK,0.31751883108376017,False
TK-249291,2026-01-19 15:48:00,2026-01-19 23:09:00,2026-01-19 23:51:00,resolved,email,C108038,,VA-EB-PL2,Charging & Battery,Normal,Email Frontline,A3016,0,,1400.0,GW-OTHER,N,Pathetic experience honestly. Bouught the Pulse 2 earbuds around 27/12 from vireo.in. the left one stpoped charging since last week. I alerady tried a different cable. Fix this or I am posting on twitter.,re: left bud not charging | tested w/ cx on call -> rfnd of rs 1400 initiated to source (SOP 3.1) -TK,helpdesk,1400.0,2026-01,2026Q1,Thomas Kumar,Email Frontline,1,Indore,Night,,,,,,1480,3499,12,Pulse 2 True Wireless Earbuds,True,False,1820,False,True,Pathetic experience honestly. Bouught the Pulse 2 earbuds around 27/12 from vireo.in. the left one stpoped charging since last week. I alerady tried a different cable. Fix this or I am posting on twitter. re: left bud not charging | tested w/ cx on call -> rfnd of rs 1400 initiated to source (SOP 3.1) -TK,WTY-BUYBACK,0.3155124479853396,False
TK-244355,2025-08-27 12:22:00,2025-08-27 12:24:00,2025-08-27 13:05:00,resolved,chat,C107923,VR888826,VA-EB-AIR,Charging & Battery,Normal,Chat Frontline,A3006,0,3.0,179900.0,GW-OTHER,N,"Dear Sir/Madam,

I am writing with rfeerence to my order of the AirLite buds (VR888826) plaecd on 08-06-2025. Case wont charge since around Diwali. I have charged for 6 hours nothing. I request you to process a refund to my original payment method.

Sincerely,
Bhavna George
Chandiagrh",full refund processed (1799). issue: case no led / no charge. confirmed case led dead.,legacy_fd,1799.0,2025-08,2025Q3,Varun Bhatt,Chat Frontline,1,Bengaluru,Morning,VA-EB-AIR,1.0,1799.0,2025-06-08,AIR-2504-2,760,1799,12,AirLite Earbuds,True,False,1100,False,True,"Dear Sir/Madam,

I am writing with rfeerence to my order of the AirLite buds (VR888826) plaecd on 08-06-2025. Case wont charge since around Diwali. I have charged for 6 hours nothing. I request you to process a refund to my original payment method.

Sincerely,
Bhavna George
Chandiagrh full refund processed (1799). issue: case no led / no charge. confirmed case led dead.",DUP-PAYMENT,0.3142916058821587,False
TK-249151,2026-01-14 12:30:00,2026-01-14 12:31:00,2026-01-15 13:02:00,resolved,chat,C109350,,VA-EB-PL2,Delivery & Shipping,Normal,Logistics,A3028,0,,499.0,GW-OTHER,N,Very pooor quality. Ordered my Pulse 2 last month. wrong produtc delivered. I alerady checked the invoice. Fix thhis or I am posting on twitter,cust contacted re incorrect product shipped. raised w/ warehouse. refunded rs 499.,helpdesk,499.0,2026-01,2026Q1,Sameer Kapoor,Logistics,1,Indore,Morning,,,,,,1480,3499,12,Pulse 2 True Wireless Earbuds,True,False,1820,False,False,Very pooor quality. Ordered my Pulse 2 last month. wrong produtc delivered. I alerady checked the invoice. Fix thhis or I am posting on twitter cust contacted re incorrect product shipped. raised w/ warehouse. refunded rs 499.,WTY-BUYBACK,0.3141488965391355,False
TK-249329,2026-01-20 15:36:00,2026-01-20 17:17:00,2026-01-22 17:46:00,resolved,social,C102340,,VA-EB-PL2,Other,Normal,Chat Frontline,A3004,0,3.0,2799.0,GW-OTHER,Y,"hi
tracking has sadi out for delivery for a week now","cx ok. issued refund + replacement both, tl aware.",helpdesk,2799.0,2026-01,2026Q1,Geeta Dutta,Chat Frontline,1,Bengaluru,Day,,,,,,1480,3499,12,Pulse 2 True Wireless Earbuds,True,True,1820,False,True,"hi
tracking has sadi out for delivery for a week now cx ok. issued refund + replacement both, tl aware.",WTY-BUYBACK,0.3128098665246874,False
TK-252460,2026-04-26 02:31:00,2026-04-26 03:56:00,2026-04-26 04:24:00,resolved,email,C101075,,VA-EB-PL2,Charging & Battery,Normal,Email Frontline,A3002,0,,2799.0,GW-OTHER,N,"product: pulse 2
order: vr893228
purchased: november 26
issue: case does not charge, no light at all
tried: tried 3 different cabes
expected: callback",issue: charging case dead | confirmed case led dead -> replacement case raised (sop 5.4) -- full refund issued and replacement dispatched as goodwill. [closed],helpdesk,2799.0,2026-04,2026Q2,Steven Ansari,Chat Frontline,1,Indore,Night,,,,,,1480,3499,12,Pulse 2 True Wireless Earbuds,True,False,1820,False,True,"product: pulse 2
order: vr893228
purchased: november 26
issue: case does not charge, no light at all
tried: tried 3 different cabes
expected: callback issue: charging case dead | confirmed case led dead -> replacement case raised (sop 5.4) -- full refund issued and replacement dispatched as goodwill. [closed]",WTY-BUYBACK,0.31253125038280116,False
TK-254298,2026-06-23 19:24:00,2026-06-23 19:26:00,2026-06-23 19:54:00,resolved,chat,C103328,,VA-NB-ARC,Charging & Battery,Normal,Chat Frontline,A3022,2,,1299.0,GW-OTHER,Y,"Dear Sir/Madam,

I am writing with reference to my order of the neckband placed on 01-08-2025. Dies by lunchtime with light use. I have fully charged and discharged twice. I request you to provide a resolution within 3 working days.

Regards,
Dev Gill",Cx reported rapid battery drain. Advised disabling ANC/AOD to test. Transferred to Email Frontline. Escalated to warranty. | Refund processed to source; replacement unit also shipped.,helpdesk,1299.0,2026-06,2026Q2,Daniel Arora,Email Frontline,1,Indore,Morning,,,,,,540,1299,12,Arc Neckband,True,True,880,False,True,"Dear Sir/Madam,

I am writing with reference to my order of the neckband placed on 01-08-2025. Dies by lunchtime with light use. I have fully charged and discharged twice. I request you to provide a resolution within 3 working days.

Regards,
Dev Gill Cx reported rapid battery drain. Advised disabling ANC/AOD to test. Transferred to Email Frontline. Escalated to warranty. | Refund processed to source; replacement unit also shipped.",DOA-REPL,0.31058186930846227,False
TK-244515,2025-09-02 17:09:00,2025-09-02 17:11:00,2025-09-02 17:43:00,resolved,chat,C104514,VR882896,VA-EB-AIR,Charging & Battery,Low,Chat Frontline,A3015,0,4.0,170900.0,GW-OTHER,Y,"to the vireo customer care team,

i am writing with reference to my order of the airlite buds (vr882896) placed on 01-08-2025. the charging case is not charging. i have charged for 6 hours nothing. i request you to process a refund to my original payment method.

yours faithfully,
saanvi george
vadodara",rplc case raised. Issue: charging case dead. conf case LED dead. -- Amount returned to card; fresh unit shipped from BLR warehouse. [closed],legacy_fd,1709.0,2025-09,2025Q3,Sameer Jadhav,Chat Frontline,1,Bengaluru,Day,VA-EB-AIR,1.0,1709.0,2025-08-01,AIR-2507-3,760,1799,12,AirLite Earbuds,True,True,1100,False,True,"to the vireo customer care team,

i am writing with reference to my order of the airlite buds (vr882896) placed on 01-08-2025. the charging case is not charging. i have charged for 6 hours nothing. i request you to process a refund to my original payment method.

yours faithfully,
saanvi george
vadodara rplc case raised. Issue: charging case dead. conf case LED dead. -- Amount returned to card; fresh unit shipped from BLR warehouse. [closed]",WTY-BUYBACK,0.30959072377959873,False
TK-249490,2026-01-25 10:00:00,2026-01-25 10:29:00,2026-01-26 10:48:00,resolved,social,C105860,VR897172,VA-EB-PL2,Returns & Refunds,Low,Returns Desk,A3037,0,,2974.0,GW-OTHER,N,"To the Vireo Customer Care Team,

I am writing w/ reference to my order of Pulse 2 (VR897172) placed on January 19.  Received the wrong item. I have checked the invoice. I request you to kindly arrange a replacement.

Yours faithfully,
Priya Deshpande",reverse pkp + correct item shipped ~Manish,helpdesk,2974.0,2026-01,2026Q1,Manish Iyer,Returns Desk,1,Indore,Morning,VA-EB-PL2,1.0,2974.0,2026-01-19,PL2-2512-1,1480,3499,12,Pulse 2 True Wireless Earbuds,True,False,1820,False,True,"To the Vireo Customer Care Team,

I am writing w/ reference to my order of Pulse 2 (VR897172) placed on January 19.  Received the wrong item. I have checked the invoice. I request you to kindly arrange a replacement.

Yours faithfully,
Priya Deshpande reverse pkp + correct item shipped ~Manish",RETURN-QC-OK,0.30933862480432667,False
TK-251865,2026-04-05 15:44:00,2026-04-05 16:30:00,2026-04-10 17:57:00,resolved,email,C108204,VR904921,VA-SW-NX1,Warranty & Repair,High,Escalations & Warranty,A3041,0,3.0,1000.0,GW-OTHER,N,Pathetic expperience honestly. Bought Nexa wath around 25-04-2025 from Flipkart. the band snapped while I was putting it on this morning. I already tried to fix pin. This is the last time I buy from you.,"1. Strap damage
2. Checked wty eligibility
3. Refunded Rs 1000",helpdesk,1000.0,2026-04,2026Q2,Mohammed Mehta,Escalations & Warranty,2,Bengaluru,Day,VA-SW-NX1,1.0,4999.0,2025-04-25,NX1-2502-1,1900,4999,12,Nexa Smartwatch,True,False,2240,False,True,"Pathetic expperience honestly. Bought Nexa wath around 25-04-2025 from Flipkart. the band snapped while I was putting it on this morning. I already tried to fix pin. This is the last time I buy from you. 1. Strap damage
2. Checked wty eligibility
3. Refunded Rs 1000",DOA-REPL,0.30921983704083555,False
TK-243395,2025-07-18 17:58:00,2025-07-18 18:03:00,2025-07-23 18:51:00,resolved,chat,C100705,VR883780,VA-SW-NX2,Warranty & Repair,Normal,Escalations & Warranty,A3044,0,5.0,617400.0,GW-OTHER,N,"Order VR883780 (my Nexa 2 watch).  The little metal pin fell out and now it won't stay on my wrist.
I tried to fix pin. Nothing changed.
This is very disappointing.
How do I get this fixed?
Thanks in advance, Dev Varghese","1. Strap damage
2. Asked for photo
3. Replacement strap dispatched",legacy_fd,6174.0,2025-07,2025Q3,Arjun Kumar,Escalations & Warranty,2,Bengaluru,Day,VA-SW-NX2,1.0,6174.0,2025-07-09,NX2-2503-2,2450,6499,12,Nexa 2 Smartwatch,True,False,2790,False,True,"Order VR883780 (my Nexa 2 watch).  The little metal pin fell out and now it won't stay on my wrist.
I tried to fix pin. Nothing changed.
This is very disappointing.
How do I get this fixed?
Thanks in advance, Dev Varghese 1. Strap damage
2. Asked for photo
3. Replacement strap dispatched",WTY-BUYBACK,0.30758667439879467,False
TK-254168,2026-06-20 00:21:00,2026-06-20 03:09:00,2026-06-23 03:25:00,resolved,email,C107134,VR900496,VA-AC-CH65,Delivery & Shipping,Normal,Logistics,A3029,1,4.0,1499.0,GW-OTHER,N,"Namaste, Order VR900496 (the GaN charger). My order has not been delivered yet. Please call me on my registered number.","courier confirmed delivery for 25 jun, cx informed. issue: shipment not received. confirmed address with cx. cx got the amount back, also sending a new set to keep him happy. -RM",helpdesk,1499.0,2026-06,2026Q2,Rajat Mukherjee,Logistics,1,Bengaluru,Morning,VA-AC-CH65,1.0,1499.0,2026-06-19,CH65-2603-4,610,1499,6,65W GaN Charger,True,False,950,False,True,"Namaste, Order VR900496 (the GaN charger). My order has not been delivered yet. Please call me on my registered number. courier confirmed delivery for 25 jun, cx informed. issue: shipment not received. confirmed address with cx. cx got the amount back, also sending a new set to keep him happy. -RM",LOST-TRANSIT,0.30696216607563537,False
TK-244392,2025-08-29 11:25:00,2025-08-29 11:28:00,2025-08-29 11:52:00,resolved,chat,C104376,VR898859,VA-EB-PL2,Charging & Battery,Normal,Chat Frontline,A3010,0,,314900.0,GW-OTHER,Y,"hey, pulse 2 purchased last week, order vr898859. the charging case is not charging. i tried wireless charging pad. please resolve asap. please revert varun","re: charging case dead | confirmed case led daed -> rplc case raised.
Full refund issued and replacement dispatched as goodwill. ~Tenzin",legacy_fd,3149.0,2025-08,2025Q3,Tenzin Mathew,Chat Frontline,1,Bengaluru,Morning,VA-EB-PL2,1.0,3149.0,2025-08-13,PL2-2506-4,1480,3499,12,Pulse 2 True Wireless Earbuds,True,True,1820,False,True,"hey, pulse 2 purchased last week, order vr898859. the charging case is not charging. i tried wireless charging pad. please resolve asap. please revert varun re: charging case dead | confirmed case led daed -> rplc case raised.
Full refund issued and replacement dispatched as goodwill. ~Tenzin",DOA-REPL,0.3068755995081086,False
TK-240003,2025-01-01 19:04:00,2025-01-01 21:26:00,2025-01-04 02:53:00,resolved,email,C102158,VR886967,VA-HP-ST2,Warranty & Repair,High,Escalations & Warranty,A3040,0,4.0,900.0,GW-OTHER,N,"Dear Sir/Madam,

I am writing with reference to my order of Strata 2 (VR886967) placed on October 21. What is the status of my warranty claim. I HAVE CALLED SERVICE CENTRE. I request you to look into this matter at the earliest.

Regards,
Aishwarya Bhatia
Bengaluru",cx ok,helpdesk,900.0,2025-01,2025Q1,Thomas Jadhav,Escalations & Warranty,2,Bengaluru,Day,VA-HP-ST2,1.0,4499.0,2024-10-21,ST2-2409-4,2100,4999,12,Strata 2 Over-Ear Headphones,True,False,2440,False,True,"Dear Sir/Madam,

I am writing with reference to my order of Strata 2 (VR886967) placed on October 21. What is the status of my warranty claim. I HAVE CALLED SERVICE CENTRE. I request you to look into this matter at the earliest.

Regards,
Aishwarya Bhatia
Bengaluru cx ok",DOA-REPL,0.3067825617130844,False
TK-253860,2026-06-08 12:59:00,2026-06-08 13:24:00,2026-06-08 13:45:00,resolved,voice,C100844,,VA-EB-PL2,App & Firmware,Normal,Voice Frontline,A3024,0,4.0,2799.0,GW-OTHER,N,[IVR transcript] i have been a loyal customer and this is how you treat me.  this is regarding pulse 2 buds. firmware update stuck for 2 hours. i already kept phone nearby. fix this or i am posting on twitter.,Cust contacted re firmware update failed. Walked through recovery mode. Full refund processed (2799). Follow-up not required. ~Amit,helpdesk,2799.0,2026-06,2026Q2,Amit Deshpande,Voice Frontline,1,Bengaluru,Morning,,,,,,1480,3499,12,Pulse 2 True Wireless Earbuds,True,False,1820,False,True,[IVR transcript] i have been a loyal customer and this is how you treat me.  this is regarding pulse 2 buds. firmware update stuck for 2 hours. i already kept phone nearby. fix this or i am posting on twitter. Cust contacted re firmware update failed. Walked through recovery mode. Full refund processed (2799). Follow-up not required. ~Amit,WTY-BUYBACK,0.3067146085591914,False
TK-244962,2025-09-18 08:12:00,2025-09-18 17:59:00,2025-09-18 18:37:00,closed,email,C105769,VR901072,VA-EB-PL1,Other,High,Email Frontline,A3018,0,5.0,2124.0,GW-OTHER,N,Bought Pusle earbuds around 31 Jul from Amazon. It connects for a second and then vanishes form teh device list. I restarted the phone. Noting changed. This is very disappointing. Plaese resolve asap.,issue: device not discoverable | asked cx to reset the device -> refund of rs 2124 initiated to source ~Krishna,helpdesk,2124.0,2025-09,2025Q3,Krishna Bhatt,Email Frontline,1,Indore,Day,VA-EB-PL1,1.0,2124.0,2025-07-31,PL1-2506-1,1120,2499,12,Pulse True Wireless Earbuds,True,False,1460,False,True,Bought Pusle earbuds around 31 Jul from Amazon. It connects for a second and then vanishes form teh device list. I restarted the phone. Noting changed. This is very disappointing. Plaese resolve asap. issue: device not discoverable | asked cx to reset the device -> refund of rs 2124 initiated to source ~Krishna,DOA-REPL,0.3066036225588727,False
TK-240568,2025-02-14 14:49:00,2025-02-14 15:17:00,2025-03-02 16:40:00,resolved,chat,C103627,VR897241,VA-EB-AIR,Charging & Battery,Normal,Chat Frontline,A3042,1,,161900.0,GW-OTHER,N,left side not charging in the case,issue: left earbud not taking charge | checked case led behaviour with cx -> refund of rs 1619 initiated to source | xfer escalations & wty,legacy_fd,1619.0,2025-02,2025Q1,Swati Bhatia,Escalations & Warranty,2,Indore,Day,VA-EB-AIR,1.0,1619.0,2024-12-14,AIR-2409-3,760,1799,12,AirLite Earbuds,True,False,1100,False,True,left side not charging in the case issue: left earbud not taking charge | checked case led behaviour with cx -> refund of rs 1619 initiated to source | xfer escalations & wty,WTY-BUYBACK,0.3046907353653811,False
TK-245535,2025-10-07 10:13:00,2025-10-07 10:21:00,2025-10-08 12:26:00,resolved,chat,C105243,VR900623,VA-SW-FIT,Warranty & Repair,Normal,Escalations & Warranty,A3039,0,5.0,1599.0,GW-OTHER,N,"Hi Vireo support, Ordered teh fit band in August.  Strap material peeling like an old sticker. I want a replacement","1. strap pin issue
2. asked for photo
3. full refund processed (1599) ~Reyansh",helpdesk,1599.0,2025-10,2025Q4,Reyansh Mishra,Escalations & Warranty,2,Bengaluru,Morning,VA-SW-FIT,1.0,1599.0,2025-08-10,FIT-2505-2,850,1999,12,Nexa Fit Band,True,False,1190,False,True,"Hi Vireo support, Ordered teh fit band in August.  Strap material peeling like an old sticker. I want a replacement 1. strap pin issue
2. asked for photo
3. full refund processed (1599) ~Reyansh",WTY-BUYBACK,0.3035287977602375,False
TK-248141,2025-12-12 20:10:00,2025-12-12 20:28:00,2025-12-20 21:34:00,resolved,voice,C101477,VR882242,VA-EB-PL2,Warranty & Repair,Normal,Escalations & Warranty,A3015,1,,3499.0,GW-OTHER,N,"[IVR transcript] hi, i bought pulse 2 on november 08. left side has no audio at all. i checked balance settings. please resolve asap. awaiting response, kunal",Full rfnd processed (3499). Issue: left side silent. Walked through reset. Via Chat Frontline. [closed],helpdesk,3499.0,2025-12,2025Q4,Sameer Jadhav,Chat Frontline,1,Bengaluru,Day,VA-EB-PL2,1.0,3499.0,2025-11-08,PL2-2510-2,1480,3499,12,Pulse 2 True Wireless Earbuds,True,False,1820,False,True,"[IVR transcript] hi, i bought pulse 2 on november 08. left side has no audio at all. i checked balance settings. please resolve asap. awaiting response, kunal Full rfnd processed (3499). Issue: left side silent. Walked through reset. Via Chat Frontline. [closed]",DOA-REPL,0.3034789929208568,False
TK-240263,2025-01-21 04:06:00,2025-01-21 04:15:00,2025-01-22 04:32:00,resolved,chat,C105736,,VA-AC-CBL,Delivery & Shipping,Normal,Logistics,A3029,0,,71800.0,GW-OTHER,N,"Very poor quality.  BOUGHT THE CABLE AROUND 02/08 FROM AMAZON. package not delivered even after 16 days. I already called the courier. I want a replacement or refund, nothing else.",refund initiated as lost in transit. issue: order not delivered. confirmed address with cx. -- full refund issued and replacement dispatched as goodwill. -RM,legacy_fd,718.0,2025-01,2025Q1,Rajat Mukherjee,Logistics,1,Bengaluru,Morning,,,,,,90,399,6,USB-C Braided Cable,True,False,430,False,True,"Very poor quality.  BOUGHT THE CABLE AROUND 02/08 FROM AMAZON. package not delivered even after 16 days. I already called the courier. I want a replacement or refund, nothing else. refund initiated as lost in transit. issue: order not delivered. confirmed address with cx. -- full refund issued and replacement dispatched as goodwill. -RM",WTY-BUYBACK,0.3028259404902314,False
TK-253405,2026-05-26 12:39:00,2026-05-26 13:11:00,2026-05-28 13:44:00,resolved,chat,C109231,VR887118,VA-SP-MINI,Delivery & Shipping,Normal,Logistics,A3019,1,,2499.0,GW-OTHER,N,"hello
i ordered orbit mini and got something else
pls reply",re: wrong item delivered | raised w/ warehouse -> rfnd of rs 2499 initaited to source | xfer email frontline,helpdesk,2499.0,2026-05,2026Q2,Kavya Agarwal,Email Frontline,1,Indore,Morning,VA-SP-MINI,1.0,2499.0,2026-05-12,MINI-2602-1,980,2499,12,Orbit Mini Speaker,True,False,1320,False,True,"hello
i ordered orbit mini and got something else
pls reply re: wrong item delivered | raised w/ warehouse -> rfnd of rs 2499 initaited to source | xfer email frontline",RETURN-QC-OK,0.30228183489131183,False
TK-251840,2026-04-04 18:22:00,2026-04-04 18:24:00,2026-04-07 18:44:00,resolved,chat,C107019,VR881852,VA-EB-PL2,Delivery & Shipping,Normal,Logistics,A3030,0,,3499.0,GW-OTHER,Y,"hello ji
paid on 21-02-2026, still waitnig for something to show up
anyone there","Cust contacted re shipment not received. Checked AWB with courier. RTO confirmed, reshipped. -- Credited full amount, new unit also going out tomorrow. //AIS",helpdesk,3499.0,2026-04,2026Q2,Aishwarya Trivedi,Logistics,1,Indore,Day,VA-EB-PL2,1.0,3499.0,2026-02-21,PL2-2511-1,1480,3499,12,Pulse 2 True Wireless Earbuds,True,True,1820,False,True,"hello ji
paid on 21-02-2026, still waitnig for something to show up
anyone there Cust contacted re shipment not received. Checked AWB with courier. RTO confirmed, reshipped. -- Credited full amount, new unit also going out tomorrow. //AIS",LOST-TRANSIT,0.3012241590318636,False
TK-251115,2026-03-15 02:22:00,2026-03-15 04:02:00,2026-03-15 04:37:00,resolved,email,C105886,VR891153,VA-EB-PL2,Delivery & Shipping,Low,Logistics,A3031,0,3.0,665.0,GW-OTHER,N,"Hi team,
Order VR891153 (Pulse2). Received the wrong item.
I checked the invoice. Nothing changed.
Please resolve asap.
Thanks, Dev","1. Incorrect product shipped
2. Verified order vs delivered item photos
3. Refund issued, cx did not want replacement. Replacement was offered earlier by chat team, cx opted for refund.",helpdesk,665.0,2026-03,2026Q1,Zaid Desai,Logistics,1,Indore,Morning,VA-EB-PL2,1.0,3324.0,2026-03-02,PL2-2601-4,1480,3499,12,Pulse 2 True Wireless Earbuds,True,False,1820,False,True,"Hi team,
Order VR891153 (Pulse2). Received the wrong item.
I checked the invoice. Nothing changed.
Please resolve asap.
Thanks, Dev 1. Incorrect product shipped
2. Verified order vs delivered item photos
3. Refund issued, cx did not want replacement. Replacement was offered earlier by chat team, cx opted for refund.",RETURN-QC-OK,0.3004037162711397,False
TK-242121,2025-05-12 20:52:00,2025-05-12 20:55:00,2025-05-21 03:01:00,resolved,chat,C105045,VR897571,VA-SW-NX2,Warranty & Repair,Normal,Escalations & Warranty,A3043,0,,130000.0,GW-OTHER,N,"Hi there, Ordered the Nexa 2 recently. Claim number RMA53698, anyone alive there?. I called service centre. Nothing changed. Very poor quality. Waiting for your reply. Regards, Riya",resolved on call //NIK,legacy_fd,1300.0,2025-05,2025Q2,Nikhil Gupta,Escalations & Warranty,2,Bengaluru,Day,VA-SW-NX2,1.0,6499.0,2025-02-04,NX2-2412-4,2450,6499,12,Nexa 2 Smartwatch,True,False,2790,False,True,"Hi there, Ordered the Nexa 2 recently. Claim number RMA53698, anyone alive there?. I called service centre. Nothing changed. Very poor quality. Waiting for your reply. Regards, Riya resolved on call //NIK",WTY-BUYBACK,0.2993997562104431,False
TK-250022,2026-02-09 20:34:00,2026-02-09 20:39:00,2026-02-09 21:22:00,resolved,chat,C104086,,VA-EB-PL2,Charging & Battery,Normal,Chat Frontline,A3005,0,,3324.0,GW-OTHER,Y,"To the Vireo Customer Care Team,

I am writing w/ reference to my order of Pulse2 placed on October 21. The case has been at the same battery level for a week. I have tried wireless charging pad. I request you to provide a resolution within 3 working days.

Sincerely,
Arjun Shah","Cx reported caase not charging. Checked for lint in port. adv porrt cleaning, rslvd. -- Full refund issued & replacement dispatched as goodwill.",helpdesk,3324.0,2026-02,2026Q1,Payal Bhatia,Chat Frontline,1,Indore,Day,,,,,,1480,3499,12,Pulse 2 True Wireless Earbuds,True,True,1820,False,True,"To the Vireo Customer Care Team,

I am writing w/ reference to my order of Pulse2 placed on October 21. The case has been at the same battery level for a week. I have tried wireless charging pad. I request you to provide a resolution within 3 working days.

Sincerely,
Arjun Shah Cx reported caase not charging. Checked for lint in port. adv porrt cleaning, rslvd. -- Full refund issued & replacement dispatched as goodwill.",DOA-REPL,0.29924498574236064,False
TK-251410,2026-03-23 13:12:00,2026-03-23 13:50:00,2026-03-23 14:28:00,resolved,social,C103459,,VA-HP-ST3,Audio Quality,Normal,Chat Frontline,A3010,0,,5599.0,GW-OTHER,Y,"Hi there,
Ordered my Strata 3 headphones 10 days ago. Everything sounds like it is coming from one direction now.
I reset the buds. Nothing changed.
Please resolve asap.
Thanks & regards,",Customer reached out - lefft side silent. Checked balance settings w/ cx. Reset resolved. Cx informed. -- Payment reversed Rs 5599. New piece dispatched same day. ~Tenzin,helpdesk,5599.0,2026-03,2026Q1,Tenzin Mathew,Chat Frontline,1,Bengaluru,Morning,,,,,,2650,6999,12,Strata 3 Over-Ear Headphones,True,True,2990,False,True,"Hi there,
Ordered my Strata 3 headphones 10 days ago. Everything sounds like it is coming from one direction now.
I reset the buds. Nothing changed.
Please resolve asap.
Thanks & regards, Customer reached out - lefft side silent. Checked balance settings w/ cx. Reset resolved. Cx informed. -- Payment reversed Rs 5599. New piece dispatched same day. ~Tenzin",DOA-REPL,0.29631824012832675,False
TK-241398,2025-04-04 15:23:00,2025-04-04 16:47:00,2025-04-04 17:09:00,resolved,email,C108015,VR893301,VA-SP-ORB,Connectivity,Normal,Email Frontline,A3018,0,,60000.0,GW-OTHER,N,"this is regarding orbit speaker. connection drops constantly.
i kept phone in hand. nothing changed.
i want a replacement.",cx: connection dropping | advised to test in different location -> full refund processed (600) ~Krishna,legacy_fd,600.0,2025-04,2025Q2,Krishna Bhatt,Email Frontline,1,Indore,Day,VA-SP-ORB,1.0,5999.0,2024-09-10,ORB-2408-1,2300,5999,12,Orbit Smart Speaker,True,False,2640,False,True,"this is regarding orbit speaker. connection drops constantly.
i kept phone in hand. nothing changed.
i want a replacement. cx: connection dropping | advised to test in different location -> full refund processed (600) ~Krishna",WTY-BUYBACK,0.2954646421116886,False
TK-246767,2025-11-08 12:46:00,2025-11-08 16:47:00,2025-11-08 17:16:00,resolved,email,C103425,VR905246,VA-HP-ST3,Charging & Battery,Low,Email Frontline,A3018,0,3.0,3500.0,GW-OTHER,N,"Dear team, Ordered my Strata 3 headphones around Diwali. Goes froom full to empty during one commute. Please help.","re: rapid battery drain | checked usage pattern with cx -> refund approved, rs 3500, 5-7 working days ~Krishna",helpdesk,3500.0,2025-11,2025Q4,Krishna Bhatt,Email Frontline,1,Indore,Day,VA-HP-ST3,1.0,6999.0,2025-08-25,ST3-2506-1,2650,6999,12,Strata 3 Over-Ear Headphones,True,False,2990,False,True,"Dear team, Ordered my Strata 3 headphones around Diwali. Goes froom full to empty during one commute. Please help. re: rapid battery drain | checked usage pattern with cx -> refund approved, rs 3500, 5-7 working days ~Krishna",DOA-REPL,0.2951938004123696,False
TK-252173,2026-04-15 17:33:00,2026-04-15 17:33:00,2026-04-15 17:50:00,closed,chat,C108362,VR895477,VA-HP-ST3,Connectivity,Normal,Chat Frontline,A3038,1,,6299.0,GW-OTHER,N,I haev been a loyal customr and this is how u treat me.  This is regardign the strata 3. buetooth pairing fails every time. I already forgot the device and tried again. Escalate this to someone senior.,"1. Pairing failure
2. Walked through forget + re-pair
3. Transferred to Returns Desk
4. Full refund processed (6299)",helpdesk,6299.0,2026-04,2026Q2,Ankit Dhillon,Returns Desk,1,Bengaluru,Morning,VA-HP-ST3,1.0,6299.0,2025-10-21,ST3-2509-3,2650,6999,12,Strata 3 Over-Ear Headphones,True,False,2990,False,True,"I haev been a loyal customr and this is how u treat me.  This is regardign the strata 3. buetooth pairing fails every time. I already forgot the device and tried again. Escalate this to someone senior. 1. Pairing failure
2. Walked through forget + re-pair
3. Transferred to Returns Desk
4. Full refund processed (6299)",DOA-REPL,0.2947908689500243,False
TK-243789,2025-08-03 11:42:00,2025-08-03 11:46:00,2025-08-06 13:32:00,resolved,chat,C102343,VR902850,VA-SW-NX2,Warranty & Repair,Normal,Escalations & Warranty,A3039,0,4.0,649900.0,GW-OTHER,N,"Product: Nexa 2
Order: VR902850
Purchased: 23-06-2025
Issue: strap pin came off
Tried: bought a third-party strap
Expected: fix",re: strap broken | checked warranty eligibility -> refund of rs 6499 initiated to source (sop 5.4) ~Reyansh,legacy_fd,6499.0,2025-08,2025Q3,Reyansh Mishra,Escalations & Warranty,2,Bengaluru,Morning,VA-SW-NX2,1.0,6499.0,2025-06-23,NX2-2504-2,2450,6499,12,Nexa 2 Smartwatch,True,False,2790,False,True,"Product: Nexa 2
Order: VR902850
Purchased: 23-06-2025
Issue: strap pin came off
Tried: bought a third-party strap
Expected: fix re: strap broken | checked warranty eligibility -> refund of rs 6499 initiated to source (sop 5.4) ~Reyansh",WTY-BUYBACK,0.2929816695124774,False
TK-250209,2026-02-16 07:03:00,2026-02-16 07:06:00,2026-02-18 07:28:00,resolved,chat,C106223,VR898060,VA-EB-PL2,Other,Normal,Chat Frontline,A3007,0,5.0,2974.0,GW-OTHER,N,"Hi, I bought Pulse2 on February 13. Order not delivered, tracking not updating. I called the courier. Nothing changed. Pathetic experience honestly. Need this sorted this week. Thanks Tenzin","closed. rfnd + rplc, cx escalation avoided.",helpdesk,2974.0,2026-02,2026Q1,Abhishek Gupta,Chat Frontline,1,Indore,Morning,VA-EB-PL2,1.0,2974.0,2026-02-13,PL2-2512-3,1480,3499,12,Pulse 2 True Wireless Earbuds,True,False,1820,False,True,"Hi, I bought Pulse2 on February 13. Order not delivered, tracking not updating. I called the courier. Nothing changed. Pathetic experience honestly. Need this sorted this week. Thanks Tenzin closed. rfnd + rplc, cx escalation avoided.",WTY-BUYBACK,0.29272948332276477,False
TK-250044,2026-02-10 18:16:00,2026-02-10 18:26:00,2026-02-10 18:45:00,resolved,chat,C100535,,VA-EB-AIR,Charging & Battery,High,Chat Frontline,A3036,2,,1619.0,GW-OTHER,N,the charging case is not charging,"Customer reached out - case not charging. Checked for lint in port. xfer to Returns Desk. adv prt cleaning, rslvd. Case closed with cx consent. (SOP 5.4)
Issued refund + replacement both, TL aware.",helpdesk,1619.0,2026-02,2026Q1,Ritika D'Souza,Returns Desk,1,Indore,Day,,,,,,760,1799,12,AirLite Earbuds,True,False,1100,False,True,"the charging case is not charging Customer reached out - case not charging. Checked for lint in port. xfer to Returns Desk. adv prt cleaning, rslvd. Case closed with cx consent. (SOP 5.4)
Issued refund + replacement both, TL aware.",DOA-REPL,0.2925893391139531,False
TK-251857,2026-04-05 00:34:00,2026-04-05 06:41:00,2026-04-05 06:53:00,resolved,email,C105584,,VA-EB-PL2,Returns & Refunds,Normal,Returns Desk,A3037,0,,2974.0,GW-OTHER,N,"hi vireo support, i bought pulse 2 on march 22. received the wrong item. i rechecked my order. what do i do now? thanks & regards nikhil",full rfnd processed (2974). issue: wrong variant received. verified ord vs delivered item photos. ~Manish,helpdesk,2974.0,2026-04,2026Q2,Manish Iyer,Returns Desk,1,Indore,Morning,,,,,,1480,3499,12,Pulse 2 True Wireless Earbuds,True,False,1820,False,True,"hi vireo support, i bought pulse 2 on march 22. received the wrong item. i rechecked my order. what do i do now? thanks & regards nikhil full rfnd processed (2974). issue: wrong variant received. verified ord vs delivered item photos. ~Manish",RETURN-QC-OK,0.291314507987169,False
TK-249853,2026-02-05 12:36:00,2026-02-05 13:55:00,2026-02-08 14:14:00,resolved,email,C104403,,VA-EB-PL2,Delivery & Shipping,Normal,Logistics,A3028,0,,700.0,GW-OTHER,N,"Dear team,
Bought Pulse 2 around October 11 from vireo.in. I haven't received my order.
Kindly look into it.","cx reached out - ord not delivered. conf address with cx. refund of rs 700 initiated to source. | offered rplc, cx preferred rfnd. rfnd processed.",helpdesk,700.0,2026-02,2026Q1,Sameer Kapoor,Logistics,1,Indore,Morning,,,,,,1480,3499,12,Pulse 2 True Wireless Earbuds,True,False,1820,False,True,"Dear team,
Bought Pulse 2 around October 11 from vireo.in. I haven't received my order.
Kindly look into it. cx reached out - ord not delivered. conf address with cx. refund of rs 700 initiated to source. | offered rplc, cx preferred rfnd. rfnd processed.",LOST-TRANSIT,0.2909330606165246,False
TK-247685,2025-12-01 08:21:00,2025-12-01 14:57:00,2025-12-01 15:14:00,closed,email,C107526,VR894185,VA-EB-PL1,Delivery & Shipping,Normal,Logistics,A3030,0,,2499.0,GW-OTHER,N,"Hello Vireo,
Bought pulse 1 around 12-10-2025 from vireo.in. RECEIVED THE WRONG ITEM.
I CHECKED THE INVOICE.
HOW DO I GET THIS FIXED?
THANKS & REGARDS ARJUN",Contact re wrong item delivered. Verified order vs delivered item photos. Refunded Rs 2499. //AIS,helpdesk,2499.0,2025-12,2025Q4,Aishwarya Trivedi,Logistics,1,Indore,Day,VA-EB-PL1,1.0,2499.0,2025-10-12,PL1-2508-3,1120,2499,12,Pulse True Wireless Earbuds,True,False,1460,False,True,"Hello Vireo,
Bought pulse 1 around 12-10-2025 from vireo.in. RECEIVED THE WRONG ITEM.
I CHECKED THE INVOICE.
HOW DO I GET THIS FIXED?
THANKS & REGARDS ARJUN Contact re wrong item delivered. Verified order vs delivered item photos. Refunded Rs 2499. //AIS",RETURN-QC-OK,0.2895596003083377,False
TK-240046,2025-01-04 12:58:00,2025-01-04 21:27:00,2025-01-04 21:48:00,resolved,email,C106933,,VA-EB-PL1,Charging & Battery,Low,Email Frontline,A3018,0,3.0,20000.0,GW-OTHER,N,"I am losing patience.  Got the Pulse buds from Amazon last month. the charging case is not charging. I already charged for 6 hours nothing. I want a replacement or refund, nothing else.",re: case no led / no charge | checked for lint in port -> full refund processed (200) ~Krishna,legacy_fd,200.0,2025-01,2025Q1,Krishna Bhatt,Email Frontline,1,Indore,Day,,,,,,1120,2499,12,Pulse True Wireless Earbuds,True,False,1460,False,False,"I am losing patience.  Got the Pulse buds from Amazon last month. the charging case is not charging. I already charged for 6 hours nothing. I want a replacement or refund, nothing else. re: case no led / no charge | checked for lint in port -> full refund processed (200) ~Krishna",DUP-PAYMENT,0.2885599255712806,False
TK-254083,2026-06-16 14:51:00,2026-06-16 15:23:00,2026-06-16 15:40:00,resolved,social,C107202,,VA-EB-PL1,Returns & Refunds,Normal,Returns Desk,A3036,0,5.0,4998.0,GW-OTHER,N,"dear sir/madam,

i am writing with reference to my order of pulse earbuds placed on 23 may. where is the money for the return. i have emailed twice. i request you to look into this matter at the earliest.

regards,
siddharth bhatt",cx ok,helpdesk,4998.0,2026-06,2026Q2,Ritika D'Souza,Returns Desk,1,Indore,Day,,,,,,1120,2499,12,Pulse True Wireless Earbuds,True,False,1460,False,True,"dear sir/madam,

i am writing with reference to my order of pulse earbuds placed on 23 may. where is the money for the return. i have emailed twice. i request you to look into this matter at the earliest.

regards,
siddharth bhatt cx ok",RETURN-QC-OK,0.28755397448545594,False
TK-251708,2026-03-31 19:34:00,2026-03-31 21:19:00,2026-04-02 21:44:00,closed,email,C106814,,VA-EB-PL2,Delivery & Shipping,Normal,Logistics,A3030,0,,2974.0,GW-OTHER,N,"To the Vireo Customer Care Team,

I am writing with reference to my order of Pulse 2 placed on 18 Mar. Paid on 18 Mar, still waiting for somethinng to sohw up. I have called the courier. I request you to process a refund to my original payment method.

Sincerely,
Sneha Menon
Bohpal","1. ord not delivered
2. Checked AWB w/ courier
3. Refund initiated as lost in transit. | Refund processed to source; replacement unit also shipped. //AIS",helpdesk,2974.0,2026-03,2026Q1,Aishwarya Trivedi,Logistics,1,Indore,Day,,,,,,1480,3499,12,Pulse 2 True Wireless Earbuds,True,False,1820,False,True,"To the Vireo Customer Care Team,

I am writing with reference to my order of Pulse 2 placed on 18 Mar. Paid on 18 Mar, still waiting for somethinng to sohw up. I have called the courier. I request you to process a refund to my original payment method.

Sincerely,
Sneha Menon
Bohpal 1. ord not delivered
2. Checked AWB w/ courier
3. Refund initiated as lost in transit. | Refund processed to source; replacement unit also shipped. //AIS",DOA-REPL,0.28550878664373486,False
TK-249147,2026-01-14 11:09:00,2026-01-14 11:13:00,,open,chat,C107796,VR898498,VA-EB-PL2,Other,Normal,Chat Frontline,A3013,0,,700.0,GW-OTHER,N,"Dear Sir/Madam,

I am writing with reference to my order of Pulse2 (VR898498) placed on 04-12-2025. The left one is dead every morning even though it was in the case all night. I have tried a different cable. I request you to kindly arrange a replacement.

Regards,
Faisal Patil",full refund processed (700). issue: l bud no charge in case. tested with cx on call. ~Rohit,helpdesk,700.0,2026-01,2026Q1,Rohit Nair,Chat Frontline,1,Bengaluru,Morning,VA-EB-PL2,1.0,3499.0,2025-12-04,PL2-2510-3,1480,3499,12,Pulse 2 True Wireless Earbuds,True,False,1820,False,True,"Dear Sir/Madam,

I am writing with reference to my order of Pulse2 (VR898498) placed on 04-12-2025. The left one is dead every morning even though it was in the case all night. I have tried a different cable. I request you to kindly arrange a replacement.

Regards,
Faisal Patil full refund processed (700). issue: l bud no charge in case. tested with cx on call. ~Rohit",WTY-BUYBACK,0.28510985099614705,False
TK-252024,2026-04-09 19:26:00,2026-04-09 22:25:00,2026-04-11 22:39:00,resolved,email,C100689,VR884950,VA-EB-PL1,Delivery & Shipping,Normal,Logistics,A3027,0,,2499.0,GW-OTHER,Y,"To the Vireo Customer Care Team,

I am writing with reference to my order of the Pulse buds (VR884950) placed on 04 Apr. Paid on 04 Apr, still waiting for something to show up. I have called the courier. I request you to process a refund to my original payment method.

Sincerely,
Ishaan Mishra","1. dlvry delayed
2. Raised ticket with courier partner
3. RTO confirmed, reshipped. | Sent a new unit and released the money as well, cx was in tears on call.",helpdesk,2499.0,2026-04,2026Q2,Priya Agarwal,Logistics,1,Indore,Morning,VA-EB-PL1,1.0,2499.0,2026-04-04,PL1-2601-3,1120,2499,12,Pulse True Wireless Earbuds,True,True,1460,False,True,"To the Vireo Customer Care Team,

I am writing with reference to my order of the Pulse buds (VR884950) placed on 04 Apr. Paid on 04 Apr, still waiting for something to show up. I have called the courier. I request you to process a refund to my original payment method.

Sincerely,
Ishaan Mishra 1. dlvry delayed
2. Raised ticket with courier partner
3. RTO confirmed, reshipped. | Sent a new unit and released the money as well, cx was in tears on call.",DOA-REPL,0.28475476828917523,False
TK-243490,2025-07-23 10:10:00,2025-07-23 11:38:00,2025-07-23 12:27:00,resolved,voice,C101798,VR899238,VA-EB-PL2,Charging & Battery,High,Voice Frontline,A3024,0,4.0,279900.0,GW-OTHER,N,"Dear team, Ordered Pulse 2 around Diwali. The left earbud is not charging at all. Kindly look into it. Regards Lobsang George",Contact re left bud not charging. Walked through factory reset. rfnd of Rs 2799 initiated to source. Closing. ~Amit,legacy_fd,2799.0,2025-07,2025Q3,Amit Deshpande,Voice Frontline,1,Bengaluru,Morning,VA-EB-PL2,1.0,2799.0,2025-07-15,PL2-2505-2,1480,3499,12,Pulse 2 True Wireless Earbuds,True,False,1820,False,True,"Dear team, Ordered Pulse 2 around Diwali. The left earbud is not charging at all. Kindly look into it. Regards Lobsang George Contact re left bud not charging. Walked through factory reset. rfnd of Rs 2799 initiated to source. Closing. ~Amit",WTY-BUYBACK,0.283625447609523,False
TK-253348,2026-05-25 00:02:00,2026-05-25 00:04:00,2026-05-25 00:25:00,resolved,chat,C106513,VR893549,VA-EB-PL2,Audio Quality,Normal,Chat Frontline,A3028,1,,1662.0,GW-OTHER,N,only one side plays sound,re: no audio one side | chk balance settings w/ cx -> rfnd of rs 1662 initiated to source | xfer logistics,helpdesk,1662.0,2026-05,2026Q2,Sameer Kapoor,Logistics,1,Indore,Morning,VA-EB-PL2,1.0,3324.0,2026-01-18,PL2-2512-3,1480,3499,12,Pulse 2 True Wireless Earbuds,True,False,1820,False,True,only one side plays sound re: no audio one side | chk balance settings w/ cx -> rfnd of rs 1662 initiated to source | xfer logistics,WTY-BUYBACK,0.282510978928723,False
TK-242957,2025-06-25 19:02:00,2025-06-25 19:45:00,2025-07-07 23:06:00,resolved,email,C106204,VR903167,VA-SW-FIT,Warranty & Repair,Low,Escalations & Warranty,A3040,0,,169900.0,GW-OTHER,N,"Got my Nexa Fit band from Amazon 10 days ago. Warranty claim pending for 18 days. I called service centre. I want a replacement. Thanks in advance, Thomas Mishra",issue: warranty claim status | chk rma status -> refund of rs 1699 initiated to source,legacy_fd,1699.0,2025-06,2025Q2,Thomas Jadhav,Escalations & Warranty,2,Bengaluru,Day,VA-SW-FIT,1.0,1699.0,2025-04-12,FIT-2502-1,850,1999,12,Nexa Fit Band,True,False,1190,False,True,"Got my Nexa Fit band from Amazon 10 days ago. Warranty claim pending for 18 days. I called service centre. I want a replacement. Thanks in advance, Thomas Mishra issue: warranty claim status | chk rma status -> refund of rs 1699 initiated to source",WTY-BUYBACK,0.28193445073019147,False
TK-249130,2026-01-13 17:24:00,2026-01-13 18:01:00,2026-01-13 18:19:00,resolved,social,C103787,VR898468,VA-SP-MINI,Other,Normal,Chat Frontline,A3004,0,,2499.0,GW-OTHER,N,"Hello Vireo, Orbit Mini purchased 2 weeks ago, order VR898468.  Cancel order VR898468. What do I do now?",see prev,helpdesk,2499.0,2026-01,2026Q1,Geeta Dutta,Chat Frontline,1,Bengaluru,Day,VA-SP-MINI,1.0,2499.0,2026-01-02,MINI-2511-3,980,2499,12,Orbit Mini Speaker,True,False,1320,False,True,"Hello Vireo, Orbit Mini purchased 2 weeks ago, order VR898468.  Cancel order VR898468. What do I do now? see prev",CANCEL,0.28083453347983717,False
TK-240028,2025-01-03 11:42:00,2025-01-03 12:53:00,2025-01-03 13:19:00,closed,voice,C100455,VR888855,VA-EB-PL1,Returns & Refunds,High,Returns Desk,A3037,0,4.0,249900.0,GW-OTHER,N,Not acceptable at this price. Odrer VR888855 (pulse 1). nobody came for the pickup. I already called courier. This is the last time I buy from you.,"cx ok. | issued refund + replacement both, tl aware. ~Manish",legacy_fd,2499.0,2025-01,2025Q1,Manish Iyer,Returns Desk,1,Indore,Morning,VA-EB-PL1,1.0,2499.0,2024-12-18,PL1-2411-2,1120,2499,12,Pulse True Wireless Earbuds,True,False,1460,False,True,"Not acceptable at this price. Odrer VR888855 (pulse 1). nobody came for the pickup. I already called courier. This is the last time I buy from you. cx ok. | issued refund + replacement both, tl aware. ~Manish",DOA-REPL,0.28081814485527085,False
TK-246700,2025-11-06 18:00:00,2025-11-06 18:29:00,2025-11-06 18:53:00,resolved,social,C104356,VR885627,VA-EB-AIR,App & Firmware,Normal,Chat Frontline,A3005,0,,288.0,GW-OTHER,N,"Product: airlite earbuds
Purchased: 05-09-2025
Issue: after the update prompt it went dark & never came back
Tried: kept it in the case
Expected: replacement",recovery successful,helpdesk,288.0,2025-11,2025Q4,Payal Bhatia,Chat Frontline,1,Indore,Day,VA-EB-AIR,1.0,1439.0,2025-09-05,AIR-2506-4,760,1799,12,AirLite Earbuds,True,False,1100,False,False,"Product: airlite earbuds
Purchased: 05-09-2025
Issue: after the update prompt it went dark & never came back
Tried: kept it in the case
Expected: replacement recovery successful",DOA-REPL,0.28034529093147115,False
TK-245260,2025-09-28 01:27:00,2025-09-28 02:39:00,2025-09-28 02:56:00,resolved,email,C105565,,VA-NB-ARC,Charging & Battery,Normal,Email Frontline,A3002,0,4.0,1234.0,GW-OTHER,N,"charging case dead, tried 3 cables",re: case no led / no charge | checked for lint in port -> full refund processed (1234) [closed],helpdesk,1234.0,2025-09,2025Q3,Steven Ansari,Chat Frontline,1,Indore,Night,,,,,,540,1299,12,Arc Neckband,True,False,880,False,True,"charging case dead, tried 3 cables re: case no led / no charge | checked for lint in port -> full refund processed (1234) [closed]",DUP-PAYMENT,0.2803153263143889,False
TK-253558,2026-05-30 20:24:00,2026-05-30 20:40:00,2026-05-31 20:55:00,resolved,voice,C100410,VR895599,VA-AC-CASE,Returns & Refunds,Normal,Returns Desk,A3036,0,4.0,1299.0,GW-OTHER,N,[IVR transcript] hii i ordered spare case and got something else ??,Customer reached out - wrong variant rcvd. Raised with warehouse. Refund of Rs 1299 initiated to source. Closing. (SOP 3.1),helpdesk,1299.0,2026-05,2026Q2,Ritika D'Souza,Returns Desk,1,Indore,Day,VA-AC-CASE,1.0,1299.0,2026-05-27,CASE-2603-3,620,1299,6,Pulse Charging Case (spare),True,False,960,False,True,[IVR transcript] hii i ordered spare case and got something else ?? Customer reached out - wrong variant rcvd. Raised with warehouse. Refund of Rs 1299 initiated to source. Closing. (SOP 3.1),RETURN-QC-OK,0.2800954961257329,False
TK-246466,2025-10-31 17:16:00,2025-10-31 17:30:00,2025-10-31 17:58:00,resolved,chat,C101151,VR908959,VA-HP-ST2,Returns & Refunds,High,Returns Desk,A3033,1,1.0,3999.0,GW-OTHER,N,nobody came for the picukp - vr908959 - i watn a replacement,"1. pkp not done
2. checked pkp awb
3. transferred to billing
4. rfnd processed without pkp as goodwill. both refund and replacement given as cx threatened social media.",helpdesk,3999.0,2025-10,2025Q4,Vikram Banerjee,Billing,1,Bengaluru,Morning,VA-HP-ST2,1.0,3999.0,2025-10-19,ST2-2508-4,2100,4999,12,Strata 2 Over-Ear Headphones,True,False,2440,False,True,"nobody came for the picukp - vr908959 - i watn a replacement 1. pkp not done
2. checked pkp awb
3. transferred to billing
4. rfnd processed without pkp as goodwill. both refund and replacement given as cx threatened social media.",WTY-BUYBACK,0.27879848578073163,False
TK-245945,2025-10-18 14:14:00,2025-10-18 15:14:00,2025-10-18 15:57:00,resolved,email,C102235,VR888154,VA-EB-PL2,Audio Quality,Normal,Email Frontline,A3018,0,,3499.0,GW-OTHER,N,"dear sir/madam,

i am writing w/ reference to my order of pulse 2 (vr888154) placed on 06/09. one of them is just decoration at this point. i have reset the buds. i request u to provide a resolution within 3 working days.

sincerely,
manish naidu
jaipur",re: single sidde audio only | walked through reset -> escalated to warranty ~Krishna,helpdesk,3499.0,2025-10,2025Q4,Krishna Bhatt,Email Frontline,1,Indore,Day,VA-EB-PL2,1.0,3499.0,2025-09-06,PL2-2507-4,1480,3499,12,Pulse 2 True Wireless Earbuds,True,False,1820,False,True,"dear sir/madam,

i am writing w/ reference to my order of pulse 2 (vr888154) placed on 06/09. one of them is just decoration at this point. i have reset the buds. i request u to provide a resolution within 3 working days.

sincerely,
manish naidu
jaipur re: single sidde audio only | walked through reset -> escalated to warranty ~Krishna",DOA-REPL,0.27416052396153884,False
TK-243341,2025-07-15 16:13:00,2025-07-15 17:11:00,2025-07-15 17:44:00,resolved,voice,C106486,VR899885,VA-EB-AIR,Charging & Battery,Normal,Voice Frontline,A3026,0,,179900.0,GW-OTHER,N,[IVR transcript] the case has been at the same battery level for a week.  VR899885. waiting for ur reply,"charging case dead | chk for lint in port -> rplc case raised.
Full refund issued & rplc dispatched as goodwill. //AAD",legacy_fd,1799.0,2025-07,2025Q3,Aadhya Deshpande,Voice Frontline,1,Bengaluru,Day,VA-EB-AIR,1.0,1799.0,2025-06-04,AIR-2502-2,760,1799,12,AirLite Earbuds,True,False,1100,False,True,"[IVR transcript] the case has been at the same battery level for a week.  VR899885. waiting for ur reply charging case dead | chk for lint in port -> rplc case raised.
Full refund issued & rplc dispatched as goodwill. //AAD",WTY-BUYBACK,0.27371824487331936,False
TK-240416,2025-02-03 10:40:00,2025-02-03 11:13:00,2025-02-03 11:27:00,resolved,voice,C102107,VR894073,VA-HP-ST3,Billing & Payments,High,Billing,A3034,0,,266000.0,GW-OTHER,N,[IVR transcript] very poor quality. bought strata 3 around 26/01 from vireo.in. refund not received yet. i already cheecked bank. escalate thsi to someone senior.,see prev (sop 3.1),legacy_fd,2660.0,2025-02,2025Q1,Tanvi Rathore,Billing,1,Indore,Morning,VA-HP-ST3,2.0,13298.0,2025-01-26,ST3-2412-2,2650,6999,12,Strata 3 Over-Ear Headphones,True,False,2990,False,True,[IVR transcript] very poor quality. bought strata 3 around 26/01 from vireo.in. refund not received yet. i already cheecked bank. escalate thsi to someone senior. see prev (sop 3.1),RETURN-QC-OK,0.27369276083390826,False
TK-252235,2026-04-17 21:11:00,2026-04-17 21:28:00,2026-04-18 21:38:00,resolved,voice,C102054,,VA-EB-AIR,Returns & Refunds,Normal,Returns Desk,A3036,0,,1709.0,GW-OTHER,N,[IVR transcript] pickup scheduled but no one showed up,resolved on call (SOP 2.7),helpdesk,1709.0,2026-04,2026Q2,Ritika D'Souza,Returns Desk,1,Indore,Day,,,,,,760,1799,12,AirLite Earbuds,True,False,1100,False,True,[IVR transcript] pickup scheduled but no one showed up resolved on call (SOP 2.7),RETURN-QC-OK,0.2708148005287135,False
TK-242251,2025-05-19 15:25:00,2025-05-19 16:37:00,,open,email,C105082,VR901973,VA-SP-ORB,Charging & Battery,Normal,Email Frontline,A3018,0,,569900.0,GW-OTHER,N,"Product: my Orbit
Order: VR901973
Purchased: 13 Nov
Issue: no power on the my Orbit
Tried: tried different socket
Expected: resolution",no power | asked cx to try different adaptor -> reset resolved ~Krishna,legacy_fd,5699.0,2025-05,2025Q2,Krishna Bhatt,Email Frontline,1,Indore,Day,VA-SP-ORB,1.0,5699.0,2024-11-13,ORB-2409-1,2300,5999,12,Orbit Smart Speaker,True,False,2640,False,True,"Product: my Orbit
Order: VR901973
Purchased: 13 Nov
Issue: no power on the my Orbit
Tried: tried different socket
Expected: resolution no power | asked cx to try different adaptor -> reset resolved ~Krishna",WTY-BUYBACK,0.27028895110423057,False
TK-244172,2025-08-19 07:24:00,2025-08-19 10:20:00,2025-08-19 10:45:00,resolved,email,C104752,VR906783,VA-SP-MINI,Connectivity,Normal,Email Frontline,A3022,0,,199900.0,GW-OTHER,N,"Not acceptable at this price.  the mini speaker purchased last week, order VR906783. audio keeps discoonnecting every few minutes. I already turned off wifi. This is the last tiem I buy from you.","1. BT dropouts
2. Checked FW 1.6.10
3. Refunded Rs 1999. | Replacement was offered earlier by chat team, cx opted for rfnd.",legacy_fd,1999.0,2025-08,2025Q3,Daniel Arora,Email Frontline,1,Indore,Morning,VA-SP-MINI,1.0,1999.0,2025-06-18,MINI-2503-3,980,2499,12,Orbit Mini Speaker,True,False,1320,False,True,"Not acceptable at this price.  the mini speaker purchased last week, order VR906783. audio keeps discoonnecting every few minutes. I already turned off wifi. This is the last tiem I buy from you. 1. BT dropouts
2. Checked FW 1.6.10
3. Refunded Rs 1999. | Replacement was offered earlier by chat team, cx opted for rfnd.",WTY-BUYBACK,0.2697842049740561,False
TK-246612,2025-11-04 12:45:00,2025-11-04 14:39:00,2025-11-12 16:37:00,resolved,email,C101049,VR901039,VA-SW-NX2,Warranty & Repair,Normal,Escalations & Warranty,A3042,0,,617.0,GW-OTHER,N,"Hi there, Order VR901039 (the Nexa 2). The band snapped while I was putting it on this morning. How do I get this fixed? Rgds",issue: strap damage | checked warranty eligibility -> replacement strap dispatched,helpdesk,617.0,2025-11,2025Q4,Swati Bhatia,Escalations & Warranty,2,Indore,Day,VA-SW-NX2,1.0,6174.0,2025-10-01,NX2-2506-3,2450,6499,12,Nexa 2 Smartwatch,True,False,2790,False,True,"Hi there, Order VR901039 (the Nexa 2). The band snapped while I was putting it on this morning. How do I get this fixed? Rgds issue: strap damage | checked warranty eligibility -> replacement strap dispatched",DOA-REPL,0.26689986570873675,False
TK-253682,2026-06-03 13:24:00,2026-06-03 13:32:00,2026-06-08 13:52:00,resolved,chat,C103926,,VA-EB-PL2,Delivery & Shipping,Normal,Logistics,A3031,0,,3499.0,GW-OTHER,N,"Hi,
This is regarding pulse 2 buds. Wrong product delivered.
I checked the invoice. Nothing changed.
Kindly look into it.
Rgds Suresh Naidu","Refund approved, Rs 3499, 5-7 working days. Issue: incorrect product shipped. Raised with warehouse. -- Cx asked for replacement + refund, explained policy, refund only.",helpdesk,3499.0,2026-06,2026Q2,Zaid Desai,Logistics,1,Indore,Morning,,,,,,1480,3499,12,Pulse 2 True Wireless Earbuds,True,False,1820,False,True,"Hi,
This is regarding pulse 2 buds. Wrong product delivered.
I checked the invoice. Nothing changed.
Kindly look into it.
Rgds Suresh Naidu Refund approved, Rs 3499, 5-7 working days. Issue: incorrect product shipped. Raised with warehouse. -- Cx asked for replacement + refund, explained policy, refund only.",RETURN-QC-OK,0.2668237670826195,False
TK-248556,2025-12-25 21:37:00,2025-12-25 21:40:00,2025-12-26 21:59:00,resolved,chat,C105459,,VA-EB-PL1,Delivery & Shipping,Normal,Logistics,A3030,0,5.0,250.0,GW-OTHER,N,"Hello Vireo, Ordered my Pulse 3 weeks back. Wrong product delivered. I rechecked my order. Nothing changed. Can someone fix this? Thanks in advance,","1. Incorrect product shipped
2. Verified order vs delivered item photos
3. rfnd approved, Rs 250, 5-7 working days //AIS",helpdesk,250.0,2025-12,2025Q4,Aishwarya Trivedi,Logistics,1,Indore,Day,,,,,,1120,2499,12,Pulse True Wireless Earbuds,True,False,1460,False,False,"Hello Vireo, Ordered my Pulse 3 weeks back. Wrong product delivered. I rechecked my order. Nothing changed. Can someone fix this? Thanks in advance, 1. Incorrect product shipped
2. Verified order vs delivered item photos
3. rfnd approved, Rs 250, 5-7 working days //AIS",RETURN-QC-OK,0.26492661686959684,False
TK-246272,2025-10-26 18:09:00,2025-10-26 18:18:00,2025-10-28 19:39:00,resolved,chat,C107309,VR889564,VA-HP-ST3,Warranty & Repair,Normal,Escalations & Warranty,A3042,1,,3500.0,GW-OTHER,N,right earbud completely silent,"re: no audio one side | checked balance settings w/ cx -> refunded rs 3500. -- offered replacement, cx preferred refund. refund processed.",helpdesk,3500.0,2025-10,2025Q4,Swati Bhatia,Escalations & Warranty,2,Indore,Day,VA-HP-ST3,1.0,6999.0,2025-09-15,ST3-2508-1,2650,6999,12,Strata 3 Over-Ear Headphones,True,False,2990,False,True,"right earbud completely silent re: no audio one side | checked balance settings w/ cx -> refunded rs 3500. -- offered replacement, cx preferred refund. refund processed.",WTY-BUYBACK,0.26475033817696475,False
TK-248651,2025-12-29 07:19:00,2025-12-29 09:14:00,2025-12-31 09:37:00,closed,social,C100814,,VA-EB-PL1,Returns & Refunds,Low,Returns Desk,A3037,0,,2124.0,GW-OTHER,N,Bought my Pulse around 25/12 from vireo.in. Received the wrong item. I checked the invoice. Honestly regretting this purchase. Please resolve asap. Awaiting response Tanvi Mittal,"rfnd issued, cx did not want replacement. issue: wrong variant received. raised with warehouse. ~Manish",helpdesk,2124.0,2025-12,2025Q4,Manish Iyer,Returns Desk,1,Indore,Morning,,,,,,1120,2499,12,Pulse True Wireless Earbuds,True,False,1460,False,True,"Bought my Pulse around 25/12 from vireo.in. Received the wrong item. I checked the invoice. Honestly regretting this purchase. Please resolve asap. Awaiting response Tanvi Mittal rfnd issued, cx did not want replacement. issue: wrong variant received. raised with warehouse. ~Manish",RETURN-QC-OK,0.2643198800920142,False
TK-240148,2025-01-12 12:55:00,2025-01-12 13:18:00,2025-01-20 14:40:00,resolved,social,C106341,,VA-EB-PL1,Warranty & Repair,Normal,Escalations & Warranty,A3039,0,,2499.0,GW-OTHER,N,"case does not charge, no light at all",issue: case no led / no charge | asked cx to try different cable + adaptor -> full refund processed (2499) (sop 5.4) refund issued; replacement not applicable (out of stock). ~Reyansh,helpdesk,2499.0,2025-01,2025Q1,Reyansh Mishra,Escalations & Warranty,2,Bengaluru,Morning,,,,,,1120,2499,12,Pulse True Wireless Earbuds,True,False,1460,False,True,"case does not charge, no light at all issue: case no led / no charge | asked cx to try different cable + adaptor -> full refund processed (2499) (sop 5.4) refund issued; replacement not applicable (out of stock). ~Reyansh",WTY-BUYBACK,0.262319581829021,False
TK-252678,2026-05-03 21:20:00,2026-05-03 21:59:00,2026-05-03 22:21:00,resolved,voice,C107909,VR906781,VA-EB-PL2,Delivery & Shipping,Normal,Logistics,A3030,0,,2799.0,GW-OTHER,Y,"Namaste,
Ordder VR906781 (the Pulse 2 earbuds). Received the wrong item.
I checked the invoice. Nothing changed.
Not acceptable at this price.
Pleae resolve asap.
Regards Kavya Mukherjee",as discussed //AIS,helpdesk,2799.0,2026-05,2026Q2,Aishwarya Trivedi,Logistics,1,Indore,Day,VA-EB-PL2,1.0,2799.0,2026-04-28,PL2-2603-1,1480,3499,12,Pulse 2 True Wireless Earbuds,True,True,1820,False,True,"Namaste,
Ordder VR906781 (the Pulse 2 earbuds). Received the wrong item.
I checked the invoice. Nothing changed.
Not acceptable at this price.
Pleae resolve asap.
Regards Kavya Mukherjee as discussed //AIS",WTY-BUYBACK,0.26099265838897256,False
TK-248997,2026-01-09 01:16:00,2026-01-09 01:24:00,2026-01-09 02:02:00,closed,chat,C101527,,VA-EB-PL2,Charging & Battery,Low,Chat Frontline,A3003,0,,3499.0,GW-OTHER,N,the case has been at the same battery level for a week,"1. Charging case dead
2. Asked cx to try different cable + adaptor
3. Flul rfnd processed (3499) (SOP 4.2)",helpdesk,3499.0,2026-01,2026Q1,Komal Singh,Chat Frontline,1,Indore,Night,,,,,,1480,3499,12,Pulse 2 True Wireless Earbuds,True,False,1820,False,True,"the case has been at the same battery level for a week 1. Charging case dead
2. Asked cx to try different cable + adaptor
3. Flul rfnd processed (3499) (SOP 4.2)",DOA-REPL,0.25806815539595346,False
TK-242906,2025-06-23 17:43:00,2025-06-23 20:54:00,2025-06-23 21:26:00,resolved,email,C100149,,VA-SP-MINI,Connectivity,Low,Email Frontline,A3018,0,,2499.0,GW-OTHER,N,Not what I expected from Vireo. This is regarding Orbit Mini. the suond stutters whenever my phone is in my pocket. I already kept phone in hand. This is the last time I buy form you.,issue: connection dropping | advised to test in different location -> refund of rs 2499 initiated to source ~Krishna,helpdesk,2499.0,2025-06,2025Q2,Krishna Bhatt,Email Frontline,1,Indore,Day,,,,,,980,2499,12,Orbit Mini Speaker,True,False,1320,False,True,Not what I expected from Vireo. This is regarding Orbit Mini. the suond stutters whenever my phone is in my pocket. I already kept phone in hand. This is the last time I buy form you. issue: connection dropping | advised to test in different location -> refund of rs 2499 initiated to source ~Krishna,DOA-REPL,0.2579474684092459,False
TK-249020,2026-01-09 21:19:00,2026-01-11 11:57:00,2026-01-12 13:06:00,resolved,email,C108856,VR907973,VA-SW-NX2,Warranty & Repair,Normal,Escalations & Warranty,A3039,0,3.0,6499.0,GW-OTHER,N,"Dear Sir/Madam,

I am writing with reference to my order of my Nexa 2 watch (VR907973) placed on December 28. Watch strap broke within a month. I have tried to fix pin. I request you to provide a resolution within 3 working days.

Regards,
Faisal Kulkarni",re: strap damage | checked warranty eligibility -> refund of rs 6499 initiated to source (sop 4.2) ~Reyansh,helpdesk,6499.0,2026-01,2026Q1,Reyansh Mishra,Escalations & Warranty,2,Bengaluru,Morning,VA-SW-NX2,1.0,6499.0,2025-12-28,NX2-2511-3,2450,6499,12,Nexa 2 Smartwatch,True,False,2790,False,True,"Dear Sir/Madam,

I am writing with reference to my order of my Nexa 2 watch (VR907973) placed on December 28. Watch strap broke within a month. I have tried to fix pin. I request you to provide a resolution within 3 working days.

Regards,
Faisal Kulkarni re: strap damage | checked warranty eligibility -> refund of rs 6499 initiated to source (sop 4.2) ~Reyansh",DOA-REPL,0.2535996318654464,False
TK-245319,2025-09-29 18:14:00,2025-09-30 06:51:00,2025-10-01 07:14:00,resolved,email,C108310,,VA-NB-ARC,Delivery & Shipping,Normal,Logistics,A3031,0,3.0,1299.0,GW-OTHER,N,Not acceptable at this price. Bought Arc neckband around September 20 from vireo.in. I ordered Arc neckband and got something else. I already rechecked my order. This is the lat time I buy from you.,Replacement dispatched. Issue: incorrect product shipped. Verified order vs delivered item photos. Refund issued; replacement not applicable (out of stock).,helpdesk,1299.0,2025-09,2025Q3,Zaid Desai,Logistics,1,Indore,Morning,,,,,,540,1299,12,Arc Neckband,True,False,880,False,True,Not acceptable at this price. Bought Arc neckband around September 20 from vireo.in. I ordered Arc neckband and got something else. I already rechecked my order. This is the lat time I buy from you. Replacement dispatched. Issue: incorrect product shipped. Verified order vs delivered item photos. Refund issued; replacement not applicable (out of stock).,RETURN-QC-OK,0.25327002899007917,False
TK-253178,2026-05-19 23:52:00,2026-05-20 03:37:00,2026-05-28 04:37:00,resolved,email,C100056,,VA-SW-FIT,Warranty & Repair,Normal,Escalations & Warranty,A3039,0,5.0,3198.0,GW-OTHER,N,"Hi,
Got Nexa Fit from vireo.in recently.  The strap is tearing.
Please resolve asap.",cx ok (sop 4.2) ~Reyansh,helpdesk,3198.0,2026-05,2026Q2,Reyansh Mishra,Escalations & Warranty,2,Bengaluru,Morning,,,,,,850,1999,12,Nexa Fit Band,True,False,1190,False,True,"Hi,
Got Nexa Fit from vireo.in recently.  The strap is tearing.
Please resolve asap. cx ok (sop 4.2) ~Reyansh",WTY-BUYBACK,0.2527051365063492,False
TK-254155,2026-06-19 08:58:00,2026-06-19 09:52:00,2026-06-19 10:03:00,resolved,voice,C105723,,VA-EB-PL2,Other,High,Voice Frontline,A3024,0,,2799.0,GW-OTHER,N,[IVR transcript] this is regarding pulse 2. cancel order. i wannt a replacement.,as discussed ~Amit,helpdesk,2799.0,2026-06,2026Q2,Amit Deshpande,Voice Frontline,1,Bengaluru,Morning,,,,,,1480,3499,12,Pulse 2 True Wireless Earbuds,True,False,1820,False,True,[IVR transcript] this is regarding pulse 2. cancel order. i wannt a replacement. as discussed ~Amit,CANCEL,0.25096957611992654,False
TK-243329,2025-07-15 00:57:00,2025-07-15 01:20:00,2025-07-15 01:37:00,resolved,chat,C100641,,VA-EB-PL2,Returns & Refunds,Normal,Returns Desk,A3038,0,,31500.0,GW-OTHER,N,"dear sir/madam,

i am writing with reference to my order of pulse 2 buds placed on 25/01.  received the wrong item. i have rechecked my order. i request u to process a refund to my original payment method.

sincerely,
siddharth gaikwad","1. Incorrect product shipped
2. Raised with warehouse
3. Replacement dispatched.
Cx asked for replacement + refund, explained policy, refund only.",legacy_fd,315.0,2025-07,2025Q3,Ankit Dhillon,Returns Desk,1,Bengaluru,Morning,,,,,,1480,3499,12,Pulse 2 True Wireless Earbuds,True,False,1820,False,False,"dear sir/madam,

i am writing with reference to my order of pulse 2 buds placed on 25/01.  received the wrong item. i have rechecked my order. i request u to process a refund to my original payment method.

sincerely,
siddharth gaikwad 1. Incorrect product shipped
2. Raised with warehouse
3. Replacement dispatched.
Cx asked for replacement + refund, explained policy, refund only.",WTY-BUYBACK,0.24919107612180422,False
TK-246171,2025-10-23 17:19:00,2025-10-23 17:36:00,2025-10-23 17:56:00,resolved,chat,C104184,VR887053,VA-EB-PL2,Delivery & Shipping,Normal,Logistics,A3030,0,,3499.0,GW-OTHER,Y,"very poro quality. bought pulse 2 around 22/10 from flipkart. received the wrong item. i already checked the invoice. i want a replacement or refund, nothing else.",Cust contacted re wrong variant rcvd. Verified order vs delivered item photos. Replacement unit dispatched. Payment reversed Rs 3499. New piece dispatched same day. //AIS,helpdesk,3499.0,2025-10,2025Q4,Aishwarya Trivedi,Logistics,1,Indore,Day,VA-EB-PL2,1.0,3499.0,2025-10-22,PL2-2507-3,1480,3499,12,Pulse 2 True Wireless Earbuds,True,True,1820,False,True,"very poro quality. bought pulse 2 around 22/10 from flipkart. received the wrong item. i already checked the invoice. i want a replacement or refund, nothing else. Cust contacted re wrong variant rcvd. Verified order vs delivered item photos. Replacement unit dispatched. Payment reversed Rs 3499. New piece dispatched same day. //AIS",DOA-REPL,0.24911580811939513,False
TK-254317,2026-06-24 14:45:00,2026-06-24 14:47:00,2026-06-24 15:20:00,resolved,chat,C108557,VR892397,VA-EB-AIR,Connectivity,Normal,Chat Frontline,A3008,0,4.0,1799.0,GW-OTHER,N,"hello ji
paiirng is not working
abhi tak kuch nahi hua
airlite vr892397
kinly do the needful","rfnd approved, Rs 1799, 5-7 working days. Issue: unable to pair w/ phone. Checked phone OS version. //MEE",helpdesk,1799.0,2026-06,2026Q2,Meera Malhotra,Chat Frontline,1,Bengaluru,Day,VA-EB-AIR,1.0,1799.0,2026-04-14,AIR-2601-3,760,1799,12,AirLite Earbuds,True,False,1100,False,True,"hello ji
paiirng is not working
abhi tak kuch nahi hua
airlite vr892397
kinly do the needful rfnd approved, Rs 1799, 5-7 working days. Issue: unable to pair w/ phone. Checked phone OS version. //MEE",WTY-BUYBACK,0.24884285313894247,False
TK-252243,2026-04-18 09:55:00,2026-04-18 10:00:00,2026-04-18 10:48:00,resolved,chat,C108303,VR906412,VA-EB-PL1,Charging & Battery,Normal,Chat Frontline,A3010,0,,2499.0,GW-OTHER,N,"product: pules earbuds
order: vr906412
purchased: february 28
issue: app shows the left at 0 percent no matter how long its in the case
tried: tried a different cable
expected: fix",re: left bud not charging | conf fw 1.6.3 -> full rfnd processed (2499) ~Tenzin,helpdesk,2499.0,2026-04,2026Q2,Tenzin Mathew,Chat Frontline,1,Bengaluru,Morning,VA-EB-PL1,1.0,2499.0,2026-02-28,PL1-2602-2,1120,2499,12,Pulse True Wireless Earbuds,True,False,1460,False,True,"product: pules earbuds
order: vr906412
purchased: february 28
issue: app shows the left at 0 percent no matter how long its in the case
tried: tried a different cable
expected: fix re: left bud not charging | conf fw 1.6.3 -> full rfnd processed (2499) ~Tenzin",WTY-BUYBACK,0.2485784785868813,False
TK-242380,2025-05-26 14:52:00,2025-05-26 19:14:00,2025-05-26 19:48:00,resolved,email,C101298,VR909408,VA-EB-PL1,Delivery & Shipping,High,Logistics,A3030,0,4.0,249900.0,GW-OTHER,N,"hey, got pulse 1 from vireo.in last month. i ordered pulse 1 & got something else. i rechecked my order. nothing changed. please call me on my registered number. thanks & regards farah singh","Cx says incorrect product shipped. Raised with warehouse. rfnd issued, cx did not want replacement. | Refunded. rplc request rejected as per policy. //AIS",legacy_fd,2499.0,2025-05,2025Q2,Aishwarya Trivedi,Logistics,1,Indore,Day,VA-EB-PL1,1.0,2499.0,2025-05-13,PL1-2503-3,1120,2499,12,Pulse True Wireless Earbuds,True,False,1460,False,True,"hey, got pulse 1 from vireo.in last month. i ordered pulse 1 & got something else. i rechecked my order. nothing changed. please call me on my registered number. thanks & regards farah singh Cx says incorrect product shipped. Raised with warehouse. rfnd issued, cx did not want replacement. | Refunded. rplc request rejected as per policy. //AIS",WTY-BUYBACK,0.24813367656199062,False
TK-243961,2025-08-09 22:26:00,2025-08-09 22:28:00,2025-08-09 23:02:00,resolved,chat,C105625,,VA-EB-AIR,Charging & Battery,Normal,Chat Frontline,A3017,0,,161900.0,GW-OTHER,Y,"Honestly regretting this purchase. Ordered AirLite 2 weeks ago. the L bud is basically a paperweight now, R is fine. I already tried another charger. I want a replacement or refund, nothing else.","ticket raised for left bud not charging. chk case led behaviour w/ cx. rplc approved, reverse pkp arranged. -- full rfnd issued & replacement dispatched as goodwill. -KS",legacy_fd,1619.0,2025-08,2025Q3,Kabir Singh,Email Frontline,1,Indore,Night,,,,,,760,1799,12,AirLite Earbuds,True,True,1100,False,True,"Honestly regretting this purchase. Ordered AirLite 2 weeks ago. the L bud is basically a paperweight now, R is fine. I already tried another charger. I want a replacement or refund, nothing else. ticket raised for left bud not charging. chk case led behaviour w/ cx. rplc approved, reverse pkp arranged. -- full rfnd issued & replacement dispatched as goodwill. -KS",DOA-REPL,0.2479306279206915,False
TK-247828,2025-12-04 19:39:00,2025-12-04 21:16:00,2025-12-04 22:04:00,resolved,voice,C102389,,VA-NB-ARC,Audio Quality,Low,Voice Frontline,A3026,0,,1104.0,GW-OTHER,N,pathetic experience honestly. ordered arc neckband last month. only one side plays sound. i already reset the buds. escalate this to someone senior.,closed //AAD,helpdesk,1104.0,2025-12,2025Q4,Aadhya Deshpande,Voice Frontline,1,Bengaluru,Day,,,,,,540,1299,12,Arc Neckband,True,False,880,False,True,pathetic experience honestly. ordered arc neckband last month. only one side plays sound. i already reset the buds. escalate this to someone senior. closed //AAD,WTY-BUYBACK,0.24641177017098492,False
TK-242358,2025-05-25 11:22:00,2025-05-25 12:59:00,2025-05-27 13:22:00,resolved,social,C104914,VR902719,VA-SW-FIT,Returns & Refunds,Normal,Returns Desk,A3037,0,,80000.0,GW-OTHER,N,"Product: Nexa Fit
Order: VR902719
Purchased: 20/05
Issue: got a different colour than orered
Tried: checked teh invoice
Expected: resoltion",resolved on call ~Manish,legacy_fd,800.0,2025-05,2025Q2,Manish Iyer,Returns Desk,1,Indore,Morning,VA-SW-FIT,1.0,1599.0,2025-05-20,FIT-2504-4,850,1999,12,Nexa Fit Band,True,False,1190,False,True,"Product: Nexa Fit
Order: VR902719
Purchased: 20/05
Issue: got a different colour than orered
Tried: checked teh invoice
Expected: resoltion resolved on call ~Manish",RETURN-QC-OK,0.24412571466447527,False
TK-248842,2026-01-03 20:38:00,2026-01-03 21:51:00,2026-01-08 23:51:00,resolved,email,C107944,VR901872,VA-SW-FIT,Warranty & Repair,Normal,Escalations & Warranty,A3042,0,,270.0,GW-OTHER,N,"Product: Nexa Fit
Order: VR901872
Purchased: 22-09-2025
Issue: strap pin came off
Tried: tried to fix pin
Expected: callback",strap broken | asked for photo -> rfnd of rs 270 initiated to source,helpdesk,270.0,2026-01,2026Q1,Swati Bhatia,Escalations & Warranty,2,Indore,Day,VA-SW-FIT,1.0,1799.0,2025-09-22,FIT-2508-1,850,1999,12,Nexa Fit Band,True,False,1190,False,False,"Product: Nexa Fit
Order: VR901872
Purchased: 22-09-2025
Issue: strap pin came off
Tried: tried to fix pin
Expected: callback strap broken | asked for photo -> rfnd of rs 270 initiated to source",WTY-BUYBACK,0.24199039033861103,False
TK-240262,2025-01-20 19:47:00,2025-01-20 19:57:00,2025-01-25 20:27:00,resolved,chat,C108107,VR890611,VA-HP-ST2,Delivery & Shipping,Normal,Logistics,A3030,0,5.0,399900.0,GW-OTHER,N,"dear sir/madam,

i am writing with reference to my order of my strata 2 headphones (vr890611) placed on january 19.  opened the parcel and it is a completely different thing. i have checked the invoice. i request you to provide a resolution within 3 working days.

yours faithfully,
ramesh verma",Cx reported incorrect product shipped. Raised with warehouse. Refunded Rs 3999. //AIS,legacy_fd,3999.0,2025-01,2025Q1,Aishwarya Trivedi,Logistics,1,Indore,Day,VA-HP-ST2,1.0,3999.0,2025-01-19,ST2-2412-1,2100,4999,12,Strata 2 Over-Ear Headphones,True,False,2440,False,True,"dear sir/madam,

i am writing with reference to my order of my strata 2 headphones (vr890611) placed on january 19.  opened the parcel and it is a completely different thing. i have checked the invoice. i request you to provide a resolution within 3 working days.

yours faithfully,
ramesh verma Cx reported incorrect product shipped. Raised with warehouse. Refunded Rs 3999. //AIS",RETURN-QC-OK,0.24152113623560284,False
TK-252934,2026-05-12 13:41:00,2026-05-12 15:24:00,2026-05-12 15:45:00,resolved,email,C105397,VR896754,VA-EB-PL1,Connectivity,Normal,Email Frontline,A3018,0,4.0,1187.0,GW-OTHER,N,"hello
bluetooth keps cutting out
??",issue: bt dropouts | checked interference sources -> full refund processed (1187) Refund issued; replacement not applicable (out of stock). ~Krishna,helpdesk,1187.0,2026-05,2026Q2,Krishna Bhatt,Email Frontline,1,Indore,Day,VA-EB-PL1,1.0,2374.0,2026-03-14,PL1-2512-2,1120,2499,12,Pulse True Wireless Earbuds,True,False,1460,False,True,"hello
bluetooth keps cutting out
?? issue: bt dropouts | checked interference sources -> full refund processed (1187) Refund issued; replacement not applicable (out of stock). ~Krishna",WTY-BUYBACK,0.23991573908331115,False
TK-245407,2025-10-02 20:17:00,2025-10-02 20:21:00,2025-10-02 20:54:00,resolved,chat,C104250,VR883275,VA-AC-CBL,Delivery & Shipping,Normal,Logistics,A3030,0,4.0,379.0,GW-OTHER,N,"To the Vireo Customer Care Team,

I am writing w/ reference to my order of USB-C cable placed on September 29. I ordered USB-C cable & got something else. I have rechecked my order. I request u to look into this matter at the earliest.

Regards,
Tarun Pereira
Guwahati",Customer states incorrect product shipped. Raised w/ warehouse. Refunded Rs 379. //AIS,helpdesk,379.0,2025-10,2025Q4,Aishwarya Trivedi,Logistics,1,Indore,Day,VA-AC-CBL,1.0,379.0,2025-09-29,CBL-2509-1,90,399,6,USB-C Braided Cable,True,False,430,False,False,"To the Vireo Customer Care Team,

I am writing w/ reference to my order of USB-C cable placed on September 29. I ordered USB-C cable & got something else. I have rechecked my order. I request u to look into this matter at the earliest.

Regards,
Tarun Pereira
Guwahati Customer states incorrect product shipped. Raised w/ warehouse. Refunded Rs 379. //AIS",DOA-REPL,0.23635946037271105,False
TK-250749,2026-03-03 01:42:00,2026-03-03 02:07:00,2026-03-03 02:49:00,resolved,email,C106935,VR893423,VA-EB-AIR,Charging & Battery,Normal,Email Frontline,A3016,0,,1799.0,GW-OTHER,N,"charging case dead, tried 3 cables - waiting for your reply","Customer states case no LED / no charge. Asked cx to try different cable + adaptor. Refund approved, Rs 1799, 5-7 working days.",helpdesk,1799.0,2026-03,2026Q1,Thomas Kumar,Email Frontline,1,Indore,Night,VA-EB-AIR,1.0,1799.0,2025-01-29,AIR-2411-4,760,1799,12,AirLite Earbuds,True,False,1100,False,True,"charging case dead, tried 3 cables - waiting for your reply Customer states case no LED / no charge. Asked cx to try different cable + adaptor. Refund approved, Rs 1799, 5-7 working days.",DUP-PAYMENT,0.22694402692763502,False
TK-252727,2026-05-05 12:52:00,2026-05-05 15:37:00,2026-05-09 17:20:00,resolved,voice,C105865,VR893637,VA-NB-ARC,Connectivity,Normal,Voice Frontline,A3043,1,3.0,1169.0,GW-OTHER,N,[IVR transcript] the pairing light blinks but nothing ever shows up on my Redmi - VR893637,resoled on cll. | Refunded. rplc request rejected as per policy. //NIK,helpdesk,1169.0,2026-05,2026Q2,Nikhil Gupta,Escalations & Warranty,2,Bengaluru,Day,VA-NB-ARC,1.0,1169.0,2026-04-20,ARC-2603-3,540,1299,12,Arc Neckband,True,False,880,False,True,[IVR transcript] the pairing light blinks but nothing ever shows up on my Redmi - VR893637 resoled on cll. | Refunded. rplc request rejected as per policy. //NIK,DOA-REPL,0.22575130727708906,False
TK-250139,2026-02-13 22:30:00,2026-02-14 02:36:00,2026-02-15 02:53:00,resolved,email,C103197,,VA-EB-PL1,Billing & Payments,Normal,Billing,A3034,0,3.0,356.0,GW-OTHER,N,"hi there, i bought teh pulse buds on 27/01. rfeund not receved yet. kindly look into it.",cx ok (sop 4.2),helpdesk,356.0,2026-02,2026Q1,Tanvi Rathore,Billing,1,Indore,Morning,,,,,,1120,2499,12,Pulse True Wireless Earbuds,True,False,1460,False,False,"hi there, i bought teh pulse buds on 27/01. rfeund not receved yet. kindly look into it. cx ok (sop 4.2)",WTY-BUYBACK,0.22390915237677772,False
TK-249488,2026-01-25 09:47:00,2026-01-25 09:50:00,2026-01-25 10:11:00,resolved,chat,C105453,VR888054,VA-EB-PL2,Charging & Battery,Normal,Chat Frontline,A3006,0,,3499.0,GW-OTHER,N,"Product: pulse 2 buds
Order: VR888054
Purchased: December 06
Issue: the charging case is not charging
Tried: tried 3 different cables
Expected: replacement","refund approved, rs 3499, 5-7 working days. issue: case no led / no charge. checked for lint in port. | replacement was offered earlier by chat team, cx opted for refund. -VB",helpdesk,3499.0,2026-01,2026Q1,Varun Bhatt,Chat Frontline,1,Bengaluru,Morning,VA-EB-PL2,1.0,3499.0,2025-12-06,PL2-2510-4,1480,3499,12,Pulse 2 True Wireless Earbuds,True,False,1820,False,True,"Product: pulse 2 buds
Order: VR888054
Purchased: December 06
Issue: the charging case is not charging
Tried: tried 3 different cables
Expected: replacement refund approved, rs 3499, 5-7 working days. issue: case no led / no charge. checked for lint in port. | replacement was offered earlier by chat team, cx opted for refund. -VB",DOA-REPL,0.22265897240327306,False
TK-247314,2025-11-21 20:43:00,2025-11-21 21:01:00,2025-11-21 21:28:00,resolved,chat,C102836,VR893339,VA-SP-ORB,App & Firmware,Low,Chat Frontline,A3015,0,,5399.0,GW-OTHER,N,Really frustrating. This is regarding my Orbit. since the last update the app just shows a white screen. I already cleared cache. This is the last time I buy from you.,Reported: app not opening. Known issue on iOS 18 - bug logged. Full refund processed (5399). [closed],helpdesk,5399.0,2025-11,2025Q4,Sameer Jadhav,Chat Frontline,1,Bengaluru,Day,VA-SP-ORB,1.0,5399.0,2025-08-27,ORB-2505-4,2300,5999,12,Orbit Smart Speaker,True,False,2640,False,True,Really frustrating. This is regarding my Orbit. since the last update the app just shows a white screen. I already cleared cache. This is the last time I buy from you. Reported: app not opening. Known issue on iOS 18 - bug logged. Full refund processed (5399). [closed],DOA-REPL,0.21782185771967216,False
TK-253739,2026-06-05 12:01:00,2026-06-05 13:14:00,2026-06-07 14:11:00,resolved,voice,C106731,VR880446,VA-EB-PL2,Warranty & Repair,Normal,Escalations & Warranty,A3039,0,,3499.0,GW-OTHER,N,"[IVR transcript] Not acceptable at this price. pulse 2 buds purchased around Diwali, order VR880446. charging case dead, tried 3 cables. I already tried 3 differetn cables. Fix this or I am posting on twitter.","refund approved, rs 3499, 5-7 working days. issue: charging case dead. confirmed case led dead. (sop 5.4) ~Reyansh",helpdesk,3499.0,2026-06,2026Q2,Reyansh Mishra,Escalations & Warranty,2,Bengaluru,Morning,VA-EB-PL2,1.0,3499.0,2026-03-05,PL2-2512-1,1480,3499,12,Pulse 2 True Wireless Earbuds,True,False,1820,False,True,"[IVR transcript] Not acceptable at this price. pulse 2 buds purchased around Diwali, order VR880446. charging case dead, tried 3 cables. I already tried 3 differetn cables. Fix this or I am posting on twitter. refund approved, rs 3499, 5-7 working days. issue: charging case dead. confirmed case led dead. (sop 5.4) ~Reyansh",DUP-PAYMENT,0.21280627650607586,False
TK-243207,2025-07-07 16:02:00,2025-07-07 16:29:00,2025-07-07 16:52:00,resolved,voice,C106843,VR887082,VA-EB-PL1,App & Firmware,Normal,Voice Frontline,A3026,0,4.0,199900.0,GW-OTHER,N,the vireo app keeps crashing - vr887082 - please resolve asap,"issue: app crashing | asked for phone model + os -> rfnd approved, rs 1999, 5-7 working days //AAD",legacy_fd,1999.0,2025-07,2025Q3,Aadhya Deshpande,Voice Frontline,1,Bengaluru,Day,VA-EB-PL1,1.0,1999.0,2025-03-26,PL1-2501-1,1120,2499,12,Pulse True Wireless Earbuds,True,False,1460,False,True,"the vireo app keeps crashing - vr887082 - please resolve asap issue: app crashing | asked for phone model + os -> rfnd approved, rs 1999, 5-7 working days //AAD",WTY-BUYBACK,0.21194713529530473,False
TK-252212,2026-04-17 10:46:00,2026-04-17 10:53:00,2026-04-17 11:26:00,resolved,chat,C108608,VR902423,VA-EB-PL2,Charging & Battery,Low,Chat Frontline,A3007,0,,3149.0,GW-OTHER,N,"hey, my pulse 2 purchased in january, order vr902423. one of them (left) never gets the green light in the case. i cleaned the contacts with a cloth. nothing changed. not what i expected from vireo. can someone fix this? please revert",see prev,helpdesk,3149.0,2026-04,2026Q2,Abhishek Gupta,Chat Frontline,1,Indore,Morning,VA-EB-PL2,1.0,3149.0,2026-01-05,PL2-2511-2,1480,3499,12,Pulse 2 True Wireless Earbuds,True,False,1820,False,True,"hey, my pulse 2 purchased in january, order vr902423. one of them (left) never gets the green light in the case. i cleaned the contacts with a cloth. nothing changed. not what i expected from vireo. can someone fix this? please revert see prev",WTY-BUYBACK,0.2086756307356221,False
TK-252097,2026-04-13 00:24:00,2026-04-13 00:46:00,2026-04-13 01:04:00,resolved,chat,C105221,VR906621,VA-EB-PL2,App & Firmware,Normal,Chat Frontline,A3003,0,4.0,3499.0,GW-OTHER,N,since the last update the app just shows a white screen,"1. App crash on device page
2. chk app version
3. Refund approved, Rs 3499, 5-7 working days (SOP 3.1) -KS",helpdesk,3499.0,2026-04,2026Q2,Komal Singh,Chat Frontline,1,Indore,Night,VA-EB-PL2,1.0,3499.0,2025-10-29,PL2-2509-1,1480,3499,12,Pulse 2 True Wireless Earbuds,True,False,1820,False,True,"since the last update the app just shows a white screen 1. App crash on device page
2. chk app version
3. Refund approved, Rs 3499, 5-7 working days (SOP 3.1) -KS",WTY-BUYBACK,0.20465851044235214,False
TK-247823,2025-12-04 17:56:00,2025-12-05 07:08:00,2025-12-05 07:39:00,resolved,email,C104018,VR886489,VA-NB-ARC,Charging & Battery,Normal,Email Frontline,A3022,0,3.0,117.0,GW-OTHER,N,"Hi Vireo support, This is regarding my Arc.  Charging case dead, tried 3 cables. I want my money back",Refunded Rs 117. Issue: case not charging. Confirmed case LED dead. (SOP 3.1),helpdesk,117.0,2025-12,2025Q4,Daniel Arora,Email Frontline,1,Indore,Morning,VA-NB-ARC,1.0,1169.0,2025-03-31,ARC-2503-1,540,1299,12,Arc Neckband,True,False,880,False,False,"Hi Vireo support, This is regarding my Arc.  Charging case dead, tried 3 cables. I want my money back Refunded Rs 117. Issue: case not charging. Confirmed case LED dead. (SOP 3.1)",DUP-PAYMENT,0.19989688125180946,False
